-- MySQL dump 10.13  Distrib 5.7.24, for macos10.14 (x86_64)
--
-- Host: localhost    Database: eplan
-- ------------------------------------------------------
-- Server version	5.7.24

/*!40101 SET @OLD_CHARACTER_SET_CLIENT=@@CHARACTER_SET_CLIENT */;
/*!40101 SET @OLD_CHARACTER_SET_RESULTS=@@CHARACTER_SET_RESULTS */;
/*!40101 SET @OLD_COLLATION_CONNECTION=@@COLLATION_CONNECTION */;
/*!40101 SET NAMES utf8 */;
/*!40103 SET @OLD_TIME_ZONE=@@TIME_ZONE */;
/*!40103 SET TIME_ZONE='+00:00' */;
/*!40014 SET @OLD_UNIQUE_CHECKS=@@UNIQUE_CHECKS, UNIQUE_CHECKS=0 */;
/*!40014 SET @OLD_FOREIGN_KEY_CHECKS=@@FOREIGN_KEY_CHECKS, FOREIGN_KEY_CHECKS=0 */;
/*!40101 SET @OLD_SQL_MODE=@@SQL_MODE, SQL_MODE='NO_AUTO_VALUE_ON_ZERO' */;
/*!40111 SET @OLD_SQL_NOTES=@@SQL_NOTES, SQL_NOTES=0 */;

--
-- Table structure for table `Activities`
--

DROP TABLE IF EXISTS `Activities`;
/*!40101 SET @saved_cs_client     = @@character_set_client */;
/*!40101 SET character_set_client = utf8 */;
CREATE TABLE `Activities` (
  `id` int(10) unsigned NOT NULL AUTO_INCREMENT,
  `permissionType_LIID` int(10) unsigned NOT NULL,
  `key` varchar(100) NOT NULL,
  `label` varchar(100) NOT NULL,
  `isFiltered` tinyint(1) NOT NULL DEFAULT '0',
  `vendor_id` varchar(50) DEFAULT NULL,
  `createdAt` datetime NOT NULL DEFAULT CURRENT_TIMESTAMP,
  `updatedAt` datetime NOT NULL DEFAULT CURRENT_TIMESTAMP,
  `deletedAt` datetime DEFAULT NULL,
  PRIMARY KEY (`id`),
  UNIQUE KEY `key` (`key`),
  UNIQUE KEY `vendor_id` (`vendor_id`),
  KEY `fk_permissionType_LIID_idx` (`permissionType_LIID`),
  KEY `idx-isFiltered` (`isFiltered`),
  KEY `deletedAt_idx` (`deletedAt`),
  CONSTRAINT `activities_ibfk_1` FOREIGN KEY (`permissionType_LIID`) REFERENCES `ListItems` (`id`)
) ENGINE=InnoDB AUTO_INCREMENT=65 DEFAULT CHARSET=latin1;
/*!40101 SET character_set_client = @saved_cs_client */;

--
-- Dumping data for table `Activities`
--

LOCK TABLES `Activities` WRITE;
/*!40000 ALTER TABLE `Activities` DISABLE KEYS */;
INSERT INTO `Activities` VALUES (1,8,'Projects','Project Management',1,NULL,'2019-07-26 21:28:35','2019-07-26 21:28:35',NULL),(2,8,'Documents','Project - Document Files',1,NULL,'2019-07-26 21:28:35','2019-07-26 21:28:35',NULL),(3,8,'DocumentAssignments','Project - Document Assignments',1,NULL,'2019-07-26 21:28:35','2019-07-26 21:28:35',NULL),(4,8,'Review','Review Page',1,NULL,'2019-07-26 21:28:35','2019-07-26 21:28:35',NULL),(5,8,'ProjectComments','Comment - Details',1,NULL,'2019-07-26 21:28:35','2019-07-26 21:28:35',NULL),(6,8,'CommentResponses','Comment - Responses',1,NULL,'2019-07-26 21:28:35','2019-07-26 21:28:35',NULL),(7,8,'Users','User Management',1,NULL,'2019-07-26 21:28:35','2019-07-26 21:28:35',NULL),(8,8,'Teams','Team Management',1,NULL,'2019-07-26 21:28:35','2019-07-26 21:28:37',NULL),(9,9,'ProjectNotifications','Notifications - Projects',0,NULL,'2019-07-26 21:28:35','2019-07-26 21:28:35',NULL),(10,8,'ProjectAttachments','Project - Attachment Files',0,NULL,'2019-07-26 21:28:35','2019-07-26 21:28:35',NULL),(11,9,'UserNotifications','Notifications - User',0,NULL,'2019-07-26 21:28:35','2019-07-26 21:28:35',NULL),(12,8,'CommentAttachments','Comment - Attachments',0,NULL,'2019-07-26 21:28:35','2019-07-26 21:28:35',NULL),(13,8,'Groups','Group Management',0,NULL,'2019-07-26 21:28:35','2019-07-26 21:28:35',NULL),(14,8,'Contacts','Contacts Management',0,NULL,'2019-07-26 21:28:35','2019-07-26 21:28:35',NULL),(15,9,'Intake','Intake Page',0,NULL,'2019-07-26 21:28:35','2019-07-26 21:28:35',NULL),(16,9,'Deliverables','Deliverables Page',0,NULL,'2019-07-26 21:28:35','2019-07-26 21:28:38',NULL),(17,8,'Stamps','Stamp Management',0,NULL,'2019-07-26 21:28:35','2019-07-26 21:28:35',NULL),(18,8,'StandardComments','Comments Library Management',0,NULL,'2019-07-26 21:28:35','2019-07-26 21:28:35',NULL),(19,8,'Permissions','Permission Management',0,NULL,'2019-07-26 21:28:35','2019-07-26 21:28:35',NULL),(20,8,'DistributionMappings','Distribution - Workflows',0,NULL,'2019-07-26 21:28:35','2019-07-26 21:28:35',NULL),(21,8,'Lists','List Management',0,NULL,'2019-07-26 21:28:35','2019-07-26 21:28:35',NULL),(22,8,'AssignmentSettings','Distribution - Controls',0,NULL,'2019-07-26 21:28:35','2019-07-26 21:28:35',NULL),(23,8,'AddressSettings','Settings - Address',0,NULL,'2019-07-26 21:28:35','2019-07-26 21:28:35',NULL),(24,8,'EmailServerSettings','Settings - Email Server',0,NULL,'2019-07-26 21:28:35','2019-07-26 21:28:35',NULL),(25,8,'BrandingSettings','Settings - Branding',0,NULL,'2019-07-26 21:28:35','2019-07-26 21:28:35',NULL),(26,8,'FileSettings','Settings - File Path',0,NULL,'2019-07-26 21:28:35','2019-07-26 21:28:35',NULL),(27,8,'LicenseSettings','Settings - License',0,NULL,'2019-07-26 21:28:35','2019-07-26 21:28:35',NULL),(28,9,'AboutScreen','View About Screen',0,NULL,'2019-07-26 21:28:35','2019-07-26 21:28:35',NULL),(29,8,'SigningSettings','Keystore Management',0,NULL,'2019-07-26 21:28:35','2019-07-26 21:28:35',NULL),(30,8,'PartnerSettings','Settings - Partner',0,NULL,'2019-07-26 21:28:35','2019-07-26 21:28:35',NULL),(31,8,'EmailTemplates','Settings - Email Templates',0,NULL,'2019-07-26 21:28:35','2019-07-26 21:28:35',NULL),(32,8,'ReportTemplates','Report Template Management',0,NULL,'2019-07-26 21:28:35','2019-07-26 21:28:35',NULL),(33,9,'EventLogs','Event Logs',0,NULL,'2019-07-26 21:28:35','2019-07-26 21:28:35',NULL),(34,9,'SystemNotifications','Notifications - System',0,NULL,'2019-07-26 21:28:35','2019-07-26 21:28:35',NULL),(35,8,'Passwords','Password Management',0,NULL,'2019-07-26 21:28:37','2019-07-26 21:28:37',NULL),(36,8,'ByPassTeamMember','ByPass Team Member',0,NULL,'2019-07-26 21:28:37','2019-07-26 21:28:37',NULL),(37,8,'OCR','OCR Management',0,NULL,'2019-07-26 21:28:37','2019-07-26 21:28:37',NULL),(38,9,'OCRPage','OCR Page',0,NULL,'2019-07-26 21:28:37','2019-07-26 21:28:37',NULL),(39,8,'Memberships','Membership Management',0,NULL,'2019-07-26 21:28:37','2019-07-26 21:28:37',NULL),(40,8,'PartialIntake','Partial Intake Management',0,NULL,'2019-07-26 21:28:38','2019-07-26 21:28:38',NULL),(41,9,'ProjectAttachmentPage','Project Attachment Page',0,NULL,'2019-07-26 21:28:38','2019-07-26 21:28:38',NULL),(42,9,'ProjectDocumentPage','Project Document Page',0,NULL,'2019-07-26 21:28:38','2019-07-26 21:28:38',NULL),(43,9,'ProjectCommentPage','Project Comment Page',0,NULL,'2019-07-26 21:28:38','2019-07-26 21:28:38',NULL),(44,9,'ProjectAssignmentPage','Project Assignment Page',0,NULL,'2019-07-26 21:28:38','2019-07-26 21:28:38',NULL),(45,9,'DistributionPage','Distribution Page',0,NULL,'2019-07-26 21:28:38','2019-07-26 21:28:38',NULL),(46,9,'ContactPage','Contact Page',0,NULL,'2019-07-26 21:28:38','2019-07-26 21:28:38',NULL),(47,9,'CommentLibraryPage','Comments Library Page',0,NULL,'2019-07-26 21:28:38','2019-07-26 21:28:38',NULL),(48,9,'GroupPage','Groups Page',0,NULL,'2019-07-26 21:28:38','2019-07-26 21:28:38',NULL),(49,9,'ListPage','List Page',0,NULL,'2019-07-26 21:28:38','2019-07-26 21:28:38',NULL),(50,9,'ReportPage','Reports Page',0,NULL,'2019-07-26 21:28:38','2019-07-26 21:28:38',NULL),(51,9,'TemplatePage','Templates Page',0,NULL,'2019-07-26 21:28:38','2019-07-26 21:28:38',NULL),(52,9,'StampPage','Stamps Page',0,NULL,'2019-07-26 21:28:38','2019-07-26 21:28:38',NULL),(53,9,'UserPage','Users Page',0,NULL,'2019-07-26 21:28:38','2019-07-26 21:28:38',NULL),(54,9,'PermissionPage','Permissions Page',0,NULL,'2019-07-26 21:28:38','2019-07-26 21:28:38',NULL),(55,9,'PasswordPage','Password Page',0,NULL,'2019-07-26 21:28:38','2019-07-26 21:28:38',NULL),(56,9,'MembershipPage','Memberships Page',0,NULL,'2019-07-26 21:28:38','2019-07-26 21:28:38',NULL),(57,9,'AddressPage','Address Page',0,NULL,'2019-07-26 21:28:38','2019-07-26 21:28:38',NULL),(58,9,'BrandingPage','Branding Page',0,NULL,'2019-07-26 21:28:38','2019-07-26 21:28:38',NULL),(59,9,'EmailPage','Email Page',0,NULL,'2019-07-26 21:28:38','2019-07-26 21:28:38',NULL),(60,9,'FilePathPage','FilePath Page',0,NULL,'2019-07-26 21:28:38','2019-07-26 21:28:38',NULL),(61,9,'LicensePage','License Page',0,NULL,'2019-07-26 21:28:38','2019-07-26 21:28:38',NULL),(62,9,'PartnerPage','Partner Page',0,NULL,'2019-07-26 21:28:38','2019-07-26 21:28:38',NULL),(63,9,'AssignmentPage','Assignment Page',0,NULL,'2019-07-26 21:28:38','2019-07-26 21:28:38',NULL),(64,8,'Settings','Settings Data',0,NULL,'2019-07-26 21:28:38','2019-07-26 21:28:38',NULL);
/*!40000 ALTER TABLE `Activities` ENABLE KEYS */;
UNLOCK TABLES;

--
-- Table structure for table `ActivityEvents`
--

DROP TABLE IF EXISTS `ActivityEvents`;
/*!40101 SET @saved_cs_client     = @@character_set_client */;
/*!40101 SET character_set_client = utf8 */;
CREATE TABLE `ActivityEvents` (
  `id` int(10) unsigned NOT NULL AUTO_INCREMENT,
  `activity_id` int(10) unsigned NOT NULL,
  `eventType_LIID` int(10) unsigned NOT NULL,
  `createdAt` datetime NOT NULL DEFAULT CURRENT_TIMESTAMP,
  `updatedAt` datetime NOT NULL DEFAULT CURRENT_TIMESTAMP,
  `deletedAt` datetime DEFAULT NULL,
  PRIMARY KEY (`id`),
  UNIQUE KEY `activity_events_activity_id_event_type__l_i_i_d` (`activity_id`,`eventType_LIID`),
  KEY `fk_activity_id_idx` (`activity_id`),
  KEY `fk_eventType_LIID_idx` (`eventType_LIID`),
  KEY `deletedAt_idx` (`deletedAt`),
  CONSTRAINT `activityevents_ibfk_1` FOREIGN KEY (`activity_id`) REFERENCES `Activities` (`id`),
  CONSTRAINT `activityevents_ibfk_2` FOREIGN KEY (`eventType_LIID`) REFERENCES `ListItems` (`id`)
) ENGINE=InnoDB AUTO_INCREMENT=57 DEFAULT CHARSET=latin1;
/*!40101 SET character_set_client = @saved_cs_client */;

--
-- Dumping data for table `ActivityEvents`
--

LOCK TABLES `ActivityEvents` WRITE;
/*!40000 ALTER TABLE `ActivityEvents` DISABLE KEYS */;
INSERT INTO `ActivityEvents` VALUES (1,34,164,'2019-07-26 21:28:37','2019-07-26 21:28:37',NULL),(2,34,160,'2019-07-26 21:28:37','2019-07-26 21:28:37',NULL),(3,34,162,'2019-07-26 21:28:37','2019-07-26 21:28:37',NULL),(4,34,165,'2019-07-26 21:28:37','2019-07-26 21:28:37',NULL),(5,34,166,'2019-07-26 21:28:37','2019-07-26 21:28:37',NULL),(6,34,167,'2019-07-26 21:28:37','2019-07-26 21:28:37',NULL),(7,34,168,'2019-07-26 21:28:37','2019-07-26 21:28:37',NULL),(8,34,169,'2019-07-26 21:28:37','2019-07-26 21:28:37',NULL),(9,34,170,'2019-07-26 21:28:37','2019-07-26 21:28:37',NULL),(10,34,171,'2019-07-26 21:28:37','2019-07-26 21:28:37',NULL),(11,34,172,'2019-07-26 21:28:37','2019-07-26 21:28:37',NULL),(12,34,173,'2019-07-26 21:28:37','2019-07-26 21:28:37',NULL),(13,34,174,'2019-07-26 21:28:37','2019-07-26 21:28:37',NULL),(14,34,175,'2019-07-26 21:28:37','2019-07-26 21:28:37',NULL),(15,34,176,'2019-07-26 21:28:37','2019-07-26 21:28:37',NULL),(16,34,177,'2019-07-26 21:28:37','2019-07-26 21:28:37',NULL),(17,34,178,'2019-07-26 21:28:37','2019-07-26 21:28:37',NULL),(18,34,179,'2019-07-26 21:28:37','2019-07-26 21:28:37',NULL),(19,34,180,'2019-07-26 21:28:37','2019-07-26 21:28:37',NULL),(20,34,181,'2019-07-26 21:28:37','2019-07-26 21:28:37',NULL),(21,34,182,'2019-07-26 21:28:37','2019-07-26 21:28:37',NULL),(22,34,183,'2019-07-26 21:28:37','2019-07-26 21:28:37',NULL),(23,9,192,'2019-07-26 21:28:37','2019-07-26 21:28:37',NULL),(24,9,193,'2019-07-26 21:28:37','2019-07-26 21:28:37',NULL),(25,9,194,'2019-07-26 21:28:37','2019-07-26 21:28:37',NULL),(26,9,195,'2019-07-26 21:28:37','2019-07-26 21:28:37',NULL),(27,9,196,'2019-07-26 21:28:37','2019-07-26 21:28:37',NULL),(28,9,197,'2019-07-26 21:28:37','2019-07-26 21:28:37',NULL),(29,9,198,'2019-07-26 21:28:37','2019-07-26 21:28:37',NULL),(30,9,199,'2019-07-26 21:28:37','2019-07-26 21:28:37',NULL),(31,9,200,'2019-07-26 21:28:37','2019-07-26 21:28:37',NULL),(32,9,201,'2019-07-26 21:28:37','2019-07-26 21:28:37',NULL),(33,9,202,'2019-07-26 21:28:37','2019-07-26 21:28:37',NULL),(34,9,203,'2019-07-26 21:28:37','2019-07-26 21:28:37',NULL),(35,9,204,'2019-07-26 21:28:37','2019-07-26 21:28:37',NULL),(36,9,205,'2019-07-26 21:28:37','2019-07-26 21:28:37',NULL),(37,9,206,'2019-07-26 21:28:37','2019-07-26 21:28:37',NULL),(38,9,207,'2019-07-26 21:28:37','2019-07-26 21:28:37',NULL),(39,9,208,'2019-07-26 21:28:37','2019-07-26 21:28:37',NULL),(40,9,209,'2019-07-26 21:28:37','2019-07-26 21:28:37',NULL),(41,9,210,'2019-07-26 21:28:37','2019-07-26 21:28:37',NULL),(42,9,211,'2019-07-26 21:28:37','2019-07-26 21:28:37',NULL),(43,9,212,'2019-07-26 21:28:37','2019-07-26 21:28:37',NULL),(44,9,213,'2019-07-26 21:28:37','2019-07-26 21:28:37',NULL),(45,9,214,'2019-07-26 21:28:37','2019-07-26 21:28:37',NULL),(46,9,215,'2019-07-26 21:28:37','2019-07-26 21:28:37',NULL),(47,9,216,'2019-07-26 21:28:37','2019-07-26 21:28:37',NULL),(48,9,217,'2019-07-26 21:28:37','2019-07-26 21:28:37',NULL),(49,11,184,'2019-07-26 21:28:37','2019-07-26 21:28:37',NULL),(50,11,186,'2019-07-26 21:28:37','2019-07-26 21:28:37',NULL),(51,11,187,'2019-07-26 21:28:37','2019-07-26 21:28:37',NULL),(52,11,190,'2019-07-26 21:28:37','2019-07-26 21:28:37',NULL),(53,11,188,'2019-07-26 21:28:37','2019-07-26 21:28:37',NULL),(54,11,191,'2019-07-26 21:28:37','2019-07-26 21:28:37',NULL),(55,11,185,'2019-07-26 21:28:37','2019-07-26 21:28:37',NULL),(56,9,147,'2019-07-26 21:28:37','2019-07-26 21:28:37',NULL);
/*!40000 ALTER TABLE `ActivityEvents` ENABLE KEYS */;
UNLOCK TABLES;

--
-- Table structure for table `Addresses`
--

DROP TABLE IF EXISTS `Addresses`;
/*!40101 SET @saved_cs_client     = @@character_set_client */;
/*!40101 SET character_set_client = utf8 */;
CREATE TABLE `Addresses` (
  `id` int(10) unsigned NOT NULL AUTO_INCREMENT,
  `direction_LIID` int(10) unsigned DEFAULT NULL,
  `streetType_LIID` int(10) unsigned DEFAULT NULL,
  `state_LIID` int(10) unsigned DEFAULT NULL,
  `country_LIID` int(10) unsigned DEFAULT NULL,
  `streetNumber` varchar(20) DEFAULT NULL,
  `vendor_id` varchar(50) DEFAULT NULL,
  `siteName` varchar(255) DEFAULT NULL,
  `streetName` varchar(50) DEFAULT NULL,
  `streetName2` varchar(50) DEFAULT NULL,
  `unit` varchar(50) DEFAULT NULL,
  `city` varchar(50) DEFAULT NULL,
  `county` varchar(50) DEFAULT NULL,
  `zipCode` varchar(14) DEFAULT NULL,
  `parcel` varchar(100) DEFAULT NULL,
  `lotNumber` varchar(100) DEFAULT NULL,
  `tractNumber` varchar(100) DEFAULT NULL,
  `createdAt` datetime NOT NULL DEFAULT CURRENT_TIMESTAMP,
  `updatedAt` datetime NOT NULL DEFAULT CURRENT_TIMESTAMP,
  `deletedAt` datetime DEFAULT NULL,
  `longitude` double DEFAULT NULL,
  `latitude` double DEFAULT NULL,
  PRIMARY KEY (`id`),
  UNIQUE KEY `vendor_id_UNIQUE` (`vendor_id`),
  KEY `fk_direction_LIID_idx` (`direction_LIID`),
  KEY `fk_streetType_LIID_idx` (`streetType_LIID`),
  KEY `fk_state_LIID_idx` (`state_LIID`),
  KEY `fk_country_LIID_idx` (`country_LIID`),
  KEY `streetNumber_idx` (`streetNumber`),
  KEY `streetName_idx` (`streetName`),
  KEY `city_idx` (`city`),
  KEY `deletedAt_idx` (`deletedAt`),
  CONSTRAINT `Addresses_country_LIID_foreign_idx` FOREIGN KEY (`country_LIID`) REFERENCES `ListItems` (`id`) ON DELETE SET NULL,
  CONSTRAINT `Addresses_direction_LIID_foreign_idx` FOREIGN KEY (`direction_LIID`) REFERENCES `ListItems` (`id`) ON DELETE SET NULL,
  CONSTRAINT `Addresses_state_LIID_foreign_idx` FOREIGN KEY (`state_LIID`) REFERENCES `ListItems` (`id`) ON DELETE SET NULL,
  CONSTRAINT `Addresses_streetType_LIID_foreign_idx` FOREIGN KEY (`streetType_LIID`) REFERENCES `ListItems` (`id`) ON DELETE SET NULL,
  CONSTRAINT `addresses_ibfk_1` FOREIGN KEY (`direction_LIID`) REFERENCES `ListItems` (`id`),
  CONSTRAINT `addresses_ibfk_2` FOREIGN KEY (`streetType_LIID`) REFERENCES `ListItems` (`id`),
  CONSTRAINT `addresses_ibfk_3` FOREIGN KEY (`state_LIID`) REFERENCES `ListItems` (`id`),
  CONSTRAINT `addresses_ibfk_4` FOREIGN KEY (`country_LIID`) REFERENCES `ListItems` (`id`)
) ENGINE=InnoDB AUTO_INCREMENT=19 DEFAULT CHARSET=latin1;
/*!40101 SET character_set_client = @saved_cs_client */;

--
-- Dumping data for table `Addresses`
--

LOCK TABLES `Addresses` WRITE;
/*!40000 ALTER TABLE `Addresses` DISABLE KEYS */;
INSERT INTO `Addresses` VALUES (1,NULL,NULL,NULL,NULL,NULL,NULL,NULL,NULL,NULL,NULL,NULL,NULL,NULL,NULL,NULL,NULL,'2019-07-26 21:29:35','2019-07-26 21:29:35',NULL,NULL,NULL),(2,NULL,NULL,NULL,NULL,NULL,NULL,NULL,NULL,NULL,NULL,NULL,NULL,NULL,NULL,NULL,NULL,'2019-07-26 22:30:53','2019-07-26 22:30:53',NULL,NULL,NULL),(3,NULL,NULL,NULL,NULL,NULL,NULL,NULL,NULL,NULL,NULL,NULL,NULL,NULL,NULL,NULL,NULL,'2019-07-29 18:24:38','2019-07-29 18:24:38',NULL,NULL,NULL),(4,NULL,NULL,NULL,NULL,NULL,NULL,NULL,NULL,NULL,NULL,NULL,NULL,NULL,NULL,NULL,NULL,'2019-07-29 21:43:01','2019-07-29 21:43:01',NULL,NULL,NULL),(5,NULL,NULL,NULL,NULL,NULL,NULL,NULL,NULL,NULL,NULL,NULL,NULL,NULL,NULL,NULL,NULL,'2019-07-29 23:07:30','2019-07-29 23:07:30',NULL,NULL,NULL),(6,NULL,NULL,NULL,NULL,NULL,NULL,NULL,NULL,NULL,NULL,NULL,NULL,NULL,NULL,NULL,NULL,'2019-07-30 17:24:19','2019-07-30 17:24:19',NULL,NULL,NULL),(7,NULL,NULL,NULL,NULL,NULL,NULL,NULL,NULL,NULL,NULL,NULL,NULL,NULL,NULL,NULL,NULL,'2019-07-30 17:27:45','2019-07-30 17:27:45',NULL,NULL,NULL),(8,NULL,NULL,NULL,NULL,NULL,NULL,NULL,NULL,NULL,NULL,NULL,NULL,NULL,NULL,NULL,NULL,'2019-07-31 20:46:30','2019-07-31 20:46:30',NULL,NULL,NULL),(9,NULL,NULL,NULL,NULL,NULL,NULL,NULL,NULL,NULL,NULL,NULL,NULL,NULL,NULL,NULL,NULL,'2019-08-01 03:28:49','2019-08-01 03:28:49',NULL,NULL,NULL),(10,NULL,NULL,NULL,26,NULL,NULL,NULL,NULL,NULL,NULL,NULL,NULL,NULL,NULL,NULL,NULL,'2019-08-01 18:15:13','2019-08-06 16:51:55',NULL,NULL,NULL),(11,NULL,NULL,NULL,NULL,NULL,NULL,NULL,NULL,NULL,NULL,NULL,NULL,NULL,NULL,NULL,NULL,'2019-08-05 16:46:44','2019-08-05 16:46:44',NULL,NULL,NULL),(12,NULL,NULL,NULL,NULL,NULL,NULL,NULL,NULL,NULL,NULL,NULL,NULL,NULL,NULL,NULL,NULL,'2019-08-05 19:17:16','2019-08-05 19:17:16',NULL,NULL,NULL),(13,NULL,NULL,NULL,26,NULL,NULL,NULL,NULL,NULL,NULL,NULL,NULL,NULL,NULL,NULL,NULL,'2019-08-12 17:43:16','2019-08-20 18:29:45',NULL,NULL,NULL),(14,NULL,NULL,NULL,NULL,NULL,NULL,NULL,NULL,NULL,NULL,NULL,NULL,NULL,NULL,NULL,NULL,'2019-08-12 23:36:38','2019-08-12 23:36:38',NULL,NULL,NULL),(15,NULL,NULL,NULL,NULL,NULL,NULL,NULL,NULL,NULL,NULL,NULL,NULL,NULL,NULL,NULL,NULL,'2019-08-19 17:25:42','2019-08-19 17:25:42',NULL,NULL,NULL),(16,NULL,NULL,NULL,NULL,NULL,NULL,NULL,NULL,NULL,NULL,NULL,NULL,NULL,NULL,NULL,NULL,'2019-08-20 15:35:28','2019-08-20 15:35:28',NULL,NULL,NULL),(17,NULL,NULL,NULL,26,NULL,NULL,NULL,NULL,NULL,NULL,NULL,NULL,NULL,NULL,NULL,NULL,'2019-08-20 18:31:44','2019-08-20 18:32:13',NULL,NULL,NULL),(18,NULL,NULL,NULL,NULL,'220',NULL,NULL,'Technology',NULL,NULL,'Irvine',NULL,NULL,NULL,NULL,NULL,'2019-08-21 15:51:08','2019-08-21 15:51:08',NULL,NULL,NULL);
/*!40000 ALTER TABLE `Addresses` ENABLE KEYS */;
UNLOCK TABLES;

--
-- Table structure for table `ApiMappings`
--

DROP TABLE IF EXISTS `ApiMappings`;
/*!40101 SET @saved_cs_client     = @@character_set_client */;
/*!40101 SET character_set_client = utf8 */;
CREATE TABLE `ApiMappings` (
  `id` int(10) unsigned NOT NULL AUTO_INCREMENT,
  `partner_LIID` int(10) unsigned DEFAULT NULL,
  `name` varchar(100) DEFAULT NULL,
  `method` varchar(100) DEFAULT NULL,
  `route` varchar(500) NOT NULL,
  `createdAt` datetime NOT NULL DEFAULT CURRENT_TIMESTAMP,
  `updatedAt` datetime NOT NULL DEFAULT CURRENT_TIMESTAMP,
  `deletedAt` datetime DEFAULT NULL,
  PRIMARY KEY (`id`),
  KEY `partner_LIID` (`partner_LIID`),
  CONSTRAINT `apimappings_ibfk_1` FOREIGN KEY (`partner_LIID`) REFERENCES `ListItems` (`id`) ON DELETE SET NULL
) ENGINE=InnoDB AUTO_INCREMENT=17 DEFAULT CHARSET=latin1;
/*!40101 SET character_set_client = @saved_cs_client */;

--
-- Dumping data for table `ApiMappings`
--

LOCK TABLES `ApiMappings` WRITE;
/*!40000 ALTER TABLE `ApiMappings` DISABLE KEYS */;
INSERT INTO `ApiMappings` VALUES (1,243,'login','POST','/api/authenticate','2019-07-26 21:28:37','2019-07-26 21:28:37',NULL),(2,243,'checkin','POST','/api/deliverable','2019-07-26 21:28:37','2019-07-26 21:28:37',NULL),(3,243,'assignmentStatus','POST','/api/document/','2019-07-26 21:28:37','2019-07-26 21:28:37',NULL),(4,244,'login','POST','/apis/v1/auth/agency','2019-07-26 21:28:37','2019-07-26 21:28:37',NULL),(5,244,'checkin','POST','/api/deliverable','2019-07-26 21:28:37','2019-07-26 21:28:37',NULL),(6,244,'assignmentStatus','POST','/api/document/','2019-07-26 21:28:37','2019-07-26 21:28:37',NULL),(7,247,'login','POST','/api/v2/e_plan_soft/login','2019-07-26 21:28:37','2019-07-26 21:28:37',NULL),(8,247,'checkin','POST','/api/v2/e_plan_soft/documents.json','2019-07-26 21:28:37','2019-07-26 21:28:37',NULL),(9,247,'assignmentStatus','POST','/api/v2/e_plan_soft/assignments.json','2019-07-26 21:28:37','2019-07-26 21:28:37',NULL),(10,248,'login','GET','/fromEplanLogon.php','2019-07-26 21:28:37','2019-07-26 21:28:37',NULL),(11,248,'checkin','POST','/fromEplanDeliverables.php','2019-07-26 21:28:37','2019-07-26 21:28:37',NULL),(12,248,'assignmentStatus','GET','/fromEplanUpdateStatus.php','2019-07-26 21:28:37','2019-07-26 21:28:37',NULL),(13,249,'login','POST','/axis/services/WSAmandaSecurityService?wsdl','2019-07-26 21:28:38','2019-07-26 21:28:38',NULL),(14,249,'checkin','POST','/axis/services/WSAmandaService?wsdl','2019-07-26 21:28:38','2019-07-26 21:28:38',NULL),(15,249,'assignmentStatus','POST','/axis/services/WSAmandaService?wsdl','2019-07-26 21:28:38','2019-07-26 21:28:38',NULL),(16,249,'addFolderProcessAttempt','POST','/axis/services/WSAmandaService?wsdl','2019-07-26 21:28:38','2019-07-26 21:28:38',NULL);
/*!40000 ALTER TABLE `ApiMappings` ENABLE KEYS */;
UNLOCK TABLES;

--
-- Table structure for table `CommentAttachments`
--

DROP TABLE IF EXISTS `CommentAttachments`;
/*!40101 SET @saved_cs_client     = @@character_set_client */;
/*!40101 SET character_set_client = utf8 */;
CREATE TABLE `CommentAttachments` (
  `id` int(10) unsigned NOT NULL AUTO_INCREMENT,
  `comment_id` int(10) unsigned NOT NULL,
  `projectAttachment_id` int(10) unsigned NOT NULL,
  `vendor_id` varchar(50) DEFAULT NULL,
  `createdAt` datetime NOT NULL DEFAULT CURRENT_TIMESTAMP,
  `updatedAt` datetime NOT NULL DEFAULT CURRENT_TIMESTAMP,
  `deletedAt` datetime DEFAULT NULL,
  PRIMARY KEY (`id`),
  KEY `comment_id` (`comment_id`),
  KEY `projectAttachment_id` (`projectAttachment_id`),
  KEY `deletedAt_idx` (`deletedAt`),
  CONSTRAINT `commentattachments_ibfk_1` FOREIGN KEY (`comment_id`) REFERENCES `Comments` (`id`),
  CONSTRAINT `commentattachments_ibfk_2` FOREIGN KEY (`projectAttachment_id`) REFERENCES `ProjectAttachments` (`id`)
) ENGINE=InnoDB DEFAULT CHARSET=latin1;
/*!40101 SET character_set_client = @saved_cs_client */;

--
-- Dumping data for table `CommentAttachments`
--

LOCK TABLES `CommentAttachments` WRITE;
/*!40000 ALTER TABLE `CommentAttachments` DISABLE KEYS */;
/*!40000 ALTER TABLE `CommentAttachments` ENABLE KEYS */;
UNLOCK TABLES;

--
-- Table structure for table `Comments`
--

DROP TABLE IF EXISTS `Comments`;
/*!40101 SET @saved_cs_client     = @@character_set_client */;
/*!40101 SET character_set_client = utf8 */;
CREATE TABLE `Comments` (
  `id` int(10) unsigned NOT NULL AUTO_INCREMENT,
  `project_id` int(10) unsigned NOT NULL,
  `parent_id` int(10) unsigned DEFAULT NULL,
  `standardComment_id` int(10) unsigned DEFAULT NULL,
  `owner_id` int(10) unsigned NOT NULL,
  `group_LIID` int(10) unsigned DEFAULT NULL,
  `disposition_LIID` int(10) unsigned NOT NULL,
  `reviewType_LIID` int(10) unsigned DEFAULT NULL,
  `impact_LIID` int(10) unsigned DEFAULT NULL,
  `category_LIID` int(10) unsigned DEFAULT NULL,
  `subcategory_LIID` int(10) unsigned DEFAULT NULL,
  `vendor_id` varchar(50) DEFAULT NULL,
  `commentNumber` varchar(15) NOT NULL,
  `content` text,
  `isResponseEnabled` tinyint(1) NOT NULL DEFAULT '1',
  `isPrivate` tinyint(1) NOT NULL DEFAULT '0',
  `isPinned` tinyint(1) NOT NULL DEFAULT '0',
  `isFlagged` tinyint(1) NOT NULL DEFAULT '0',
  `createdAt` datetime NOT NULL DEFAULT CURRENT_TIMESTAMP,
  `updatedAt` datetime NOT NULL DEFAULT CURRENT_TIMESTAMP,
  `deletedAt` datetime DEFAULT NULL,
  `pageVersion_id` int(10) unsigned DEFAULT NULL,
  `updatedBy_id` int(10) unsigned DEFAULT NULL,
  `documentVersion_id` int(10) unsigned DEFAULT NULL,
  PRIMARY KEY (`id`),
  UNIQUE KEY `vendor_id_UNIQUE` (`vendor_id`),
  KEY `fk_reviewType_LIID_idx` (`reviewType_LIID`),
  KEY `fk_category_LIID_idx` (`category_LIID`),
  KEY `fk_subcategory_LIID_idx` (`subcategory_LIID`),
  KEY `fk_impact_LIID_idx` (`impact_LIID`),
  KEY `fk_project_id_idx` (`project_id`),
  KEY `fk_standardComment_id_idx` (`standardComment_id`),
  KEY `fk_disposition_LIID_idx` (`disposition_LIID`),
  KEY `fk_owner_id_idx` (`owner_id`),
  KEY `updatedAt_idx` (`updatedAt`),
  KEY `Comments_group_LIID_foreign_idx` (`group_LIID`),
  KEY `idx-isFlagged` (`isFlagged`),
  KEY `deletedAt_idx` (`deletedAt`),
  KEY `fk_parent_id_idx` (`parent_id`),
  FULLTEXT KEY `content_idx` (`content`),
  CONSTRAINT `Comments_group_LIID_foreign_idx` FOREIGN KEY (`group_LIID`) REFERENCES `ListItems` (`id`),
  CONSTRAINT `Comments_parent_id_foreign_idx` FOREIGN KEY (`parent_id`) REFERENCES `Comments` (`id`) ON DELETE SET NULL,
  CONSTRAINT `comments_ibfk_1` FOREIGN KEY (`project_id`) REFERENCES `Projects` (`id`),
  CONSTRAINT `comments_ibfk_2` FOREIGN KEY (`standardComment_id`) REFERENCES `StandardComments` (`id`) ON DELETE SET NULL,
  CONSTRAINT `comments_ibfk_3` FOREIGN KEY (`owner_id`) REFERENCES `Persons` (`id`),
  CONSTRAINT `comments_ibfk_4` FOREIGN KEY (`disposition_LIID`) REFERENCES `ListItems` (`id`),
  CONSTRAINT `comments_ibfk_5` FOREIGN KEY (`reviewType_LIID`) REFERENCES `ListItems` (`id`) ON DELETE SET NULL,
  CONSTRAINT `comments_ibfk_6` FOREIGN KEY (`impact_LIID`) REFERENCES `ListItems` (`id`) ON DELETE SET NULL,
  CONSTRAINT `comments_ibfk_7` FOREIGN KEY (`category_LIID`) REFERENCES `ListItems` (`id`) ON DELETE SET NULL,
  CONSTRAINT `comments_ibfk_8` FOREIGN KEY (`subcategory_LIID`) REFERENCES `ListItems` (`id`) ON DELETE SET NULL
) ENGINE=InnoDB AUTO_INCREMENT=450 DEFAULT CHARSET=latin1;
/*!40101 SET character_set_client = @saved_cs_client */;

--
-- Dumping data for table `Comments`
--

LOCK TABLES `Comments` WRITE;
/*!40000 ALTER TABLE `Comments` DISABLE KEYS */;
INSERT INTO `Comments` VALUES (1,1,NULL,NULL,1,131,330,NULL,NULL,NULL,NULL,NULL,'00001','<p>comment1</p>',0,0,0,0,'2019-07-26 21:31:26','2019-07-26 21:32:15',NULL,1,1,1),(2,1,1,NULL,1,131,330,NULL,NULL,NULL,NULL,NULL,'00001','<p>comment1</p>',0,0,0,0,'2019-07-26 21:31:26','2019-07-26 21:31:26',NULL,1,1,1),(3,1,1,NULL,1,131,331,NULL,NULL,NULL,NULL,NULL,'00001','<p>comment1</p>',0,0,0,0,'2019-07-26 21:31:59','2019-07-26 21:31:59',NULL,1,1,1),(4,1,1,NULL,1,131,330,NULL,NULL,NULL,NULL,NULL,'00001','<p>comment1</p>',0,0,0,0,'2019-07-26 21:32:16','2019-07-26 21:32:16',NULL,1,1,1),(5,1,1,NULL,1,131,330,NULL,NULL,NULL,NULL,NULL,'00001','<p>comment1</p>',0,0,0,0,'2019-07-26 21:33:52','2019-07-26 21:33:52',NULL,2,1,1),(6,2,NULL,NULL,1,131,330,NULL,NULL,NULL,NULL,NULL,'00001','<p>new comment doc version 3</p>',0,0,0,0,'2019-07-26 22:34:40','2019-07-26 22:42:50',NULL,3,1,2),(7,2,6,NULL,1,131,330,NULL,NULL,NULL,NULL,NULL,'00001','<p>new comment doc version 3</p>',0,0,0,0,'2019-07-26 22:34:40','2019-07-26 22:34:40',NULL,3,1,2),(8,2,6,NULL,1,131,331,NULL,NULL,NULL,NULL,NULL,'00001','<p>new comment doc version 3</p>',0,0,0,0,'2019-07-26 22:35:25','2019-07-26 22:35:25',NULL,3,1,2),(9,2,6,NULL,1,131,330,NULL,NULL,NULL,NULL,NULL,'00001','<p>new comment doc version 3</p>',0,0,0,0,'2019-07-26 22:42:50','2019-07-26 22:42:50',NULL,3,1,2),(10,2,6,NULL,1,131,330,NULL,NULL,NULL,NULL,NULL,'00001','<p>new comment doc version 3</p>',0,0,0,0,'2019-07-26 22:59:34','2019-07-26 22:59:34',NULL,4,1,2),(11,9,NULL,NULL,1,131,330,NULL,NULL,NULL,NULL,NULL,'00001','<p>new comment text</p>',0,0,0,0,'2019-08-01 04:52:56','2019-08-01 04:52:56',NULL,23,1,11),(12,9,11,NULL,1,131,330,NULL,NULL,NULL,NULL,NULL,'00001','<p>new comment text</p>',0,0,0,0,'2019-08-01 04:52:56','2019-08-01 04:52:56',NULL,23,1,11),(13,9,11,NULL,1,131,330,NULL,NULL,NULL,NULL,NULL,'00001','<p>new comment text</p>',0,0,0,0,'2019-08-01 19:17:41','2019-08-01 19:17:41',NULL,26,3,11),(14,11,NULL,NULL,3,131,330,NULL,NULL,NULL,NULL,NULL,'00001','<p>test pinned comment</p>',0,0,1,0,'2019-08-05 19:35:41','2019-08-05 23:21:55',NULL,30,3,13),(15,11,14,NULL,3,131,330,NULL,NULL,NULL,NULL,NULL,'00001','<p>test pinned comment</p>',0,0,0,0,'2019-08-05 19:35:41','2019-08-05 19:35:41',NULL,30,3,13),(16,11,14,NULL,3,131,330,NULL,NULL,NULL,NULL,NULL,'00001','<p>test pinned comment</p>',0,0,1,0,'2019-08-05 19:35:47','2019-08-05 19:35:47',NULL,30,3,13),(17,11,NULL,NULL,3,131,330,NULL,NULL,NULL,NULL,NULL,'00002','<p>not pinned comment</p>',0,0,0,0,'2019-08-05 19:56:46','2019-08-05 19:56:46',NULL,30,3,13),(18,11,17,NULL,3,131,330,NULL,NULL,NULL,NULL,NULL,'00002','<p>not pinned comment</p>',0,0,0,0,'2019-08-05 19:56:46','2019-08-05 19:56:46',NULL,30,3,13),(19,11,NULL,NULL,3,131,330,NULL,NULL,NULL,NULL,NULL,'00003','<p></p><p><b style=\"font-size: 0.9em;\">This is supposed to be a large comment</b></p><p><span style=\"font-size: 0.9em;\"></span></p><p><br/></p><p></p><div><ul><li>i am one bullet</li><li>i am another</li></ul>Steps</div><ol><li>one</li><li>two</li><li>three</li><li>four</li><li>five</li></ol><h1>assdklfjsdfsd</h1><p>sdfsdfsdfsdfsdfsd</p><p> iusdfusdkjfhdskhfkjsdhfssd</p><p>fsdfdsfsd</p><p>fsd</p><p>fsdf</p><p>sdf</p><p>sd</p>',0,0,0,0,'2019-08-05 20:51:21','2019-08-06 16:56:24',NULL,30,3,13),(20,11,19,NULL,3,131,330,NULL,NULL,NULL,NULL,NULL,'00003','<p></p><p><b style=\"font-size: 0.9em;\">This is supposed to be a large comment</b></p><p><span style=\"font-size: 0.9em;\"></span></p><p><br/></p><p></p><div><ul><li>i am one bullet</li><li>i am another</li></ul>Steps</div><ol><li>one</li><li>two</li><li>three</li><li>four</li><li>five</li></ol><h1>assdklfjsdfsd</h1><p>sdfsdfsdfsdfsdfsd</p><p> iusdfusdkjfhdskhfkjsdhfssd</p><p>fsdfdsfsd</p><p>fsd</p><p>fsdf</p><p>sdf</p><p>sd</p>',0,0,0,0,'2019-08-05 20:51:21','2019-08-05 20:51:21',NULL,30,3,13),(21,11,19,NULL,3,131,330,NULL,NULL,NULL,NULL,NULL,'00003','<p></p><p><b style=\"font-size: 0.9em;\">This is supposed to be a large comment</b></p><p><span style=\"font-size: 0.9em;\"></span></p><p><br/></p><p></p><div><ul><li>i am one bullet</li><li>i am another</li></ul>Steps</div><ol><li>one</li><li>two</li><li>three</li><li>four</li><li>five</li></ol><h1>assdklfjsdfsd</h1><p>sdfsdfsdfsdfsdfsd</p><p> iusdfusdkjfhdskhfkjsdhfssd</p><p>fsdfdsfsd</p><p>fsd</p><p>fsdf</p><p>sdf</p><p>sd</p>',0,0,1,0,'2019-08-05 20:51:28','2019-08-05 20:51:28',NULL,30,3,13),(22,11,14,NULL,3,131,330,NULL,NULL,NULL,NULL,NULL,'00001','<p>test pinned comment</p>',0,0,0,0,'2019-08-05 22:35:06','2019-08-05 22:35:06',NULL,30,3,13),(23,11,19,NULL,3,131,330,NULL,NULL,NULL,NULL,NULL,'00003','<p></p><p><b style=\"font-size: 0.9em;\">This is supposed to be a large comment</b></p><p><span style=\"font-size: 0.9em;\"></span></p><p><br/></p><p></p><div><ul><li>i am one bullet</li><li>i am another</li></ul>Steps</div><ol><li>one</li><li>two</li><li>three</li><li>four</li><li>five</li></ol><h1>assdklfjsdfsd</h1><p>sdfsdfsdfsdfsdfsd</p><p> iusdfusdkjfhdskhfkjsdhfssd</p><p>fsdfdsfsd</p><p>fsd</p><p>fsdf</p><p>sdf</p><p>sd</p>',0,0,0,0,'2019-08-05 22:36:28','2019-08-05 22:36:28',NULL,30,3,13),(24,11,19,NULL,3,131,330,NULL,NULL,NULL,NULL,NULL,'00003','<p></p><p><b style=\"font-size: 0.9em;\">This is supposed to be a large comment</b></p><p><span style=\"font-size: 0.9em;\"></span></p><p><br/></p><p></p><div><ul><li>i am one bullet</li><li>i am another</li></ul>Steps</div><ol><li>one</li><li>two</li><li>three</li><li>four</li><li>five</li></ol><h1>assdklfjsdfsd</h1><p>sdfsdfsdfsdfsdfsd</p><p> iusdfusdkjfhdskhfkjsdhfssd</p><p>fsdfdsfsd</p><p>fsd</p><p>fsdf</p><p>sdf</p><p>sd</p>',0,0,1,0,'2019-08-05 22:39:28','2019-08-05 22:39:28',NULL,30,3,13),(25,11,14,NULL,3,131,330,NULL,NULL,NULL,NULL,NULL,'00001','<p>test pinned comment</p>',0,0,1,0,'2019-08-05 23:21:55','2019-08-05 23:21:55',NULL,30,3,13),(26,11,19,NULL,3,131,330,NULL,NULL,NULL,NULL,NULL,'00003','<p></p><p><b style=\"font-size: 0.9em;\">This is supposed to be a large comment</b></p><p><span style=\"font-size: 0.9em;\"></span></p><p><br/></p><p></p><div><ul><li>i am one bullet</li><li>i am another</li></ul>Steps</div><ol><li>one</li><li>two</li><li>three</li><li>four</li><li>five</li></ol><h1>assdklfjsdfsd</h1><p>sdfsdfsdfsdfsdfsd</p><p> iusdfusdkjfhdskhfkjsdhfssd</p><p>fsdfdsfsd</p><p>fsd</p><p>fsdf</p><p>sdf</p><p>sd</p>',0,0,0,0,'2019-08-05 23:28:16','2019-08-05 23:28:16',NULL,30,3,13),(27,11,NULL,NULL,3,131,330,NULL,NULL,NULL,NULL,NULL,'00004','<p>test</p>',0,0,0,0,'2019-08-05 23:28:29','2019-08-05 23:28:29',NULL,30,3,13),(28,11,27,NULL,3,131,330,NULL,NULL,NULL,NULL,NULL,'00004','<p>test</p>',0,0,0,0,'2019-08-05 23:28:29','2019-08-05 23:28:29',NULL,30,3,13),(29,11,19,NULL,3,131,330,NULL,NULL,NULL,NULL,NULL,'00003','<p></p><p><b style=\"font-size: 0.9em;\">This is supposed to be a large comment</b></p><p><span style=\"font-size: 0.9em;\"></span></p><p><br/></p><p></p><div><ul><li>i am one bullet</li><li>i am another</li></ul>Steps</div><ol><li>one</li><li>two</li><li>three</li><li>four</li><li>five</li></ol><h1>assdklfjsdfsd</h1><p>sdfsdfsdfsdfsdfsd</p><p> iusdfusdkjfhdskhfkjsdhfssd</p><p>fsdfdsfsd</p><p>fsd</p><p>fsdf</p><p>sdf</p><p>sd</p>',0,0,1,0,'2019-08-05 23:30:37','2019-08-05 23:30:37',NULL,30,3,13),(30,11,19,NULL,3,131,330,NULL,NULL,NULL,NULL,NULL,'00003','<p></p><p><b style=\"font-size: 0.9em;\">This is supposed to be a large comment</b></p><p><span style=\"font-size: 0.9em;\"></span></p><p><br/></p><p></p><div><ul><li>i am one bullet</li><li>i am another</li></ul>Steps</div><ol><li>one</li><li>two</li><li>three</li><li>four</li><li>five</li></ol><h1>assdklfjsdfsd</h1><p>sdfsdfsdfsdfsdfsd</p><p> iusdfusdkjfhdskhfkjsdhfssd</p><p>fsdfdsfsd</p><p>fsd</p><p>fsdf</p><p>sdf</p><p>sd</p>',0,0,0,0,'2019-08-06 16:56:24','2019-08-06 16:56:24',NULL,30,3,13),(31,12,NULL,NULL,3,130,330,NULL,NULL,NULL,NULL,NULL,'00001','<p>eric comment BLDG</p>',0,0,0,0,'2019-08-12 23:40:22','2019-08-12 23:40:22',NULL,31,3,14),(32,12,31,NULL,3,130,330,NULL,NULL,NULL,NULL,NULL,'00001','<p>eric comment BLDG</p>',0,0,0,0,'2019-08-12 23:40:22','2019-08-12 23:40:22',NULL,31,3,14),(33,12,NULL,NULL,3,131,330,NULL,NULL,NULL,NULL,NULL,'00002','<p>eric comment FIRE</p>',0,0,0,0,'2019-08-12 23:40:36','2019-08-12 23:40:36',NULL,31,3,14),(34,12,33,NULL,3,131,330,NULL,NULL,NULL,NULL,NULL,'00002','<p>eric comment FIRE</p>',0,0,0,0,'2019-08-12 23:40:36','2019-08-12 23:40:36',NULL,31,3,14),(35,12,NULL,NULL,1,131,330,NULL,NULL,NULL,NULL,NULL,'00003','<p>admin fire comment</p>',0,0,0,0,'2019-08-12 23:43:26','2019-08-12 23:43:26',NULL,31,1,14),(36,12,35,NULL,1,131,330,NULL,NULL,NULL,NULL,NULL,'00003','<p>admin fire comment</p>',0,0,0,0,'2019-08-12 23:43:26','2019-08-12 23:43:26',NULL,31,1,14),(37,13,NULL,NULL,3,131,330,NULL,NULL,NULL,NULL,NULL,'00001','<p>pin comment</p><p><br/></p><p><br/></p><p>hello</p><p><br/></p><p><br/></p><p><br/></p><p>world</p>',0,0,1,0,'2019-08-19 17:27:54','2019-08-19 17:28:03',NULL,33,3,15),(38,13,37,NULL,3,131,330,NULL,NULL,NULL,NULL,NULL,'00001','<p>pin comment</p><p><br/></p><p><br/></p><p>hello</p><p><br/></p><p><br/></p><p><br/></p><p>world</p>',0,0,0,0,'2019-08-19 17:27:54','2019-08-19 17:27:54',NULL,33,3,15),(39,13,37,NULL,3,131,330,NULL,NULL,NULL,NULL,NULL,'00001','<p>pin comment</p><p><br/></p><p><br/></p><p>hello</p><p><br/></p><p><br/></p><p><br/></p><p>world</p>',0,0,1,0,'2019-08-19 17:28:03','2019-08-19 17:28:03',NULL,33,3,15),(40,14,NULL,NULL,3,130,330,NULL,NULL,NULL,NULL,NULL,'00001','<p>comment 1</p>',0,0,0,0,'2019-08-20 18:20:29','2019-08-20 18:20:29',NULL,35,3,16),(41,14,40,NULL,3,130,330,NULL,NULL,NULL,NULL,NULL,'00001','<p>comment 1</p>',0,0,0,0,'2019-08-20 18:20:29','2019-08-20 18:20:29',NULL,35,3,16),(42,14,NULL,NULL,1,131,330,NULL,NULL,NULL,NULL,NULL,'00002','<p>comment 2</p>',0,0,0,0,'2019-08-20 18:21:24','2019-08-20 18:21:24',NULL,36,1,16),(43,14,42,NULL,1,131,330,NULL,NULL,NULL,NULL,NULL,'00002','<p>comment 2</p>',0,0,0,0,'2019-08-20 18:21:24','2019-08-20 18:21:24',NULL,36,1,16),(44,14,NULL,NULL,5,131,330,NULL,NULL,NULL,NULL,NULL,'00003','<p>comment 3</p>',0,0,0,0,'2019-08-20 18:41:45','2019-08-20 18:41:45',NULL,37,5,17),(45,14,44,NULL,5,131,330,NULL,NULL,NULL,NULL,NULL,'00003','<p>comment 3</p>',0,0,0,0,'2019-08-20 18:41:45','2019-08-20 18:41:45',NULL,37,5,17),(46,15,NULL,NULL,3,130,330,NULL,NULL,NULL,NULL,NULL,'00001','<p><a href=\"http://google.com\">google</a>original comment by eric</p>',0,0,0,0,'2019-08-21 15:58:08','2019-08-21 15:58:08',NULL,39,3,18),(47,15,46,NULL,3,130,330,NULL,NULL,NULL,NULL,NULL,'00001','<p>original comment by eric</p>',0,0,0,0,'2019-08-21 15:58:08','2019-08-21 15:58:08',NULL,39,3,18),(48,15,NULL,NULL,3,131,330,NULL,NULL,NULL,NULL,NULL,'00002','<p>fire comment by eric edit by admin</p>',0,0,1,0,'2019-08-21 16:02:49','2019-08-21 16:06:25',NULL,39,1,18),(49,15,48,NULL,3,131,330,NULL,NULL,NULL,NULL,NULL,'00002','<p>fire comment by eric</p>',0,0,0,0,'2019-08-21 16:02:49','2019-08-21 16:02:49',NULL,39,3,18),(50,15,48,NULL,3,131,330,NULL,NULL,NULL,NULL,NULL,'00002','<p>fire comment by eric</p>',0,0,1,0,'2019-08-21 16:03:19','2019-08-21 16:03:19',NULL,39,3,18),(51,15,48,NULL,3,131,330,NULL,NULL,NULL,NULL,NULL,'00002','<p>fire comment by eric edit by admin</p>',0,0,1,0,'2019-08-21 16:06:25','2019-08-21 16:06:25',NULL,39,1,18),(52,15,NULL,NULL,3,131,331,NULL,NULL,NULL,NULL,NULL,'00003','<p>comment 2!!!</p>',0,0,0,0,'2019-08-22 19:11:38','2019-08-27 22:00:29',NULL,41,3,20),(53,15,52,NULL,3,131,330,NULL,NULL,NULL,NULL,NULL,'00003','<p>comment 2!!!</p>',0,0,0,0,'2019-08-22 19:11:38','2019-08-22 19:11:38',NULL,41,3,20),(54,15,NULL,NULL,3,131,331,NULL,NULL,NULL,NULL,NULL,'00004','<p>comment 1232</p>',0,0,0,0,'2019-08-22 19:11:54','2019-08-27 22:00:35',NULL,41,3,20),(55,15,54,NULL,3,131,330,NULL,NULL,NULL,NULL,NULL,'00004','<p>comment 1232</p>',0,0,0,0,'2019-08-22 19:11:54','2019-08-22 19:11:54',NULL,41,3,20),(56,15,NULL,NULL,3,131,330,NULL,NULL,NULL,NULL,NULL,'00005','<p>check sheet number</p>',0,0,0,0,'2019-08-22 19:12:52','2019-08-22 19:12:52',NULL,44,3,21),(57,15,56,NULL,3,131,330,NULL,NULL,NULL,NULL,NULL,'00005','<p>check sheet number</p>',0,0,0,0,'2019-08-22 19:12:52','2019-08-22 19:12:52',NULL,44,3,21),(58,15,NULL,NULL,3,130,330,359,NULL,223,227,NULL,'00006','<p>project level comment</p>',0,0,0,0,'2019-08-23 17:23:26','2019-08-23 19:21:42',NULL,NULL,3,NULL),(59,15,58,NULL,3,130,330,NULL,NULL,NULL,NULL,NULL,'00006','<p>project level comment</p>',0,0,0,0,'2019-08-23 17:23:26','2019-08-23 17:23:26',NULL,NULL,3,NULL),(60,15,58,NULL,3,130,330,359,NULL,223,227,NULL,'00006','<p>project level comment</p>',0,0,0,0,'2019-08-23 19:21:43','2019-08-23 19:21:43',NULL,NULL,3,NULL),(61,15,NULL,NULL,3,130,330,359,NULL,223,227,NULL,'00007','<p>project level comment</p>',0,0,0,0,'2019-08-27 14:42:08','2019-08-27 14:42:08',NULL,NULL,3,NULL),(62,15,NULL,NULL,3,130,330,NULL,NULL,NULL,NULL,NULL,'00008','<p>check sheet number</p>',0,0,0,0,'2019-08-27 14:42:08','2019-08-27 14:42:08',NULL,44,3,21),(63,15,NULL,NULL,3,130,330,NULL,NULL,NULL,NULL,NULL,'00009','<p>comment 1232</p>',0,0,0,0,'2019-08-27 14:42:08','2019-08-27 14:42:08',NULL,41,3,20),(64,15,NULL,NULL,3,130,330,NULL,NULL,NULL,NULL,NULL,'00010','<p>comment 2!!!</p>',0,0,0,0,'2019-08-27 14:42:08','2019-08-27 14:42:08',NULL,41,3,20),(65,15,NULL,NULL,3,130,330,NULL,NULL,NULL,NULL,NULL,'00011','<p>fire comment by eric edit by admin</p>',0,0,1,0,'2019-08-27 14:42:08','2019-08-27 14:42:08',NULL,39,1,18),(66,15,NULL,NULL,3,130,330,NULL,NULL,NULL,NULL,NULL,'00012','<p>original comment by eric</p>',0,0,0,0,'2019-08-27 14:42:08','2019-08-27 14:42:08',NULL,39,3,18),(67,15,NULL,NULL,3,130,330,NULL,NULL,NULL,NULL,NULL,'00013','<p>original comment by eric</p>',0,0,0,0,'2019-08-27 14:42:15','2019-08-27 14:42:15',NULL,39,3,18),(68,15,NULL,NULL,3,130,330,NULL,NULL,NULL,NULL,NULL,'00014','<p>fire comment by eric edit by admin</p>',0,0,1,0,'2019-08-27 14:42:15','2019-08-27 14:42:15',NULL,39,1,18),(69,15,NULL,NULL,3,130,330,NULL,NULL,NULL,NULL,NULL,'00015','<p>comment 2!!!</p>',0,0,0,0,'2019-08-27 14:42:15','2019-08-27 14:42:15',NULL,41,3,20),(70,15,NULL,NULL,3,130,330,NULL,NULL,NULL,NULL,NULL,'00016','<p>comment 1232</p>',0,0,0,0,'2019-08-27 14:42:15','2019-08-27 14:42:15',NULL,41,3,20),(71,15,NULL,NULL,3,130,330,NULL,NULL,NULL,NULL,NULL,'00017','<p>check sheet number</p>',0,0,0,0,'2019-08-27 14:42:15','2019-08-27 14:42:15',NULL,44,3,21),(72,15,NULL,NULL,3,130,330,359,NULL,223,227,NULL,'00018','<p>project level comment</p>',0,0,0,0,'2019-08-27 14:42:15','2019-08-27 14:42:15',NULL,NULL,3,NULL),(73,15,NULL,NULL,3,130,330,359,NULL,223,227,NULL,'00019','<p>project level comment</p>',0,0,0,0,'2019-08-27 14:42:15','2019-08-27 14:42:15',NULL,NULL,3,NULL),(74,15,NULL,NULL,3,130,330,NULL,NULL,NULL,NULL,NULL,'00020','<p>check sheet number</p>',0,0,0,0,'2019-08-27 14:42:15','2019-08-27 14:42:15',NULL,44,3,21),(75,15,NULL,NULL,3,130,330,NULL,NULL,NULL,NULL,NULL,'00021','<p>comment 1232</p>',0,0,0,0,'2019-08-27 14:42:15','2019-08-27 14:42:15',NULL,41,3,20),(76,15,NULL,NULL,3,130,330,NULL,NULL,NULL,NULL,NULL,'00022','<p>comment 2!!!</p>',0,0,0,0,'2019-08-27 14:42:15','2019-08-27 14:42:15',NULL,41,3,20),(77,15,NULL,NULL,3,130,330,NULL,NULL,NULL,NULL,NULL,'00023','<p>fire comment by eric edit by admin</p>',0,0,1,0,'2019-08-27 14:42:15','2019-08-27 14:42:15',NULL,39,1,18),(78,15,NULL,NULL,3,130,330,NULL,NULL,NULL,NULL,NULL,'00024','<p>original comment by eric</p>',0,0,0,0,'2019-08-27 14:42:15','2019-08-27 14:42:15',NULL,39,3,18),(79,15,NULL,NULL,3,130,330,NULL,NULL,NULL,NULL,NULL,'00025','<p>original comment by eric</p>',0,0,0,0,'2019-08-27 14:42:22','2019-08-27 14:42:22',NULL,39,3,18),(80,15,NULL,NULL,3,130,330,NULL,NULL,NULL,NULL,NULL,'00026','<p>fire comment by eric edit by admin</p>',0,0,1,0,'2019-08-27 14:42:22','2019-08-27 14:42:22',NULL,39,1,18),(81,15,NULL,NULL,3,130,330,NULL,NULL,NULL,NULL,NULL,'00027','<p>comment 2!!!</p>',0,0,0,0,'2019-08-27 14:42:22','2019-08-27 14:42:22',NULL,41,3,20),(82,15,NULL,NULL,3,130,330,NULL,NULL,NULL,NULL,NULL,'00028','<p>comment 1232</p>',0,0,0,0,'2019-08-27 14:42:22','2019-08-27 14:42:22',NULL,41,3,20),(83,15,NULL,NULL,3,130,330,NULL,NULL,NULL,NULL,NULL,'00029','<p>check sheet number</p>',0,0,0,0,'2019-08-27 14:42:22','2019-08-27 14:42:22',NULL,44,3,21),(84,15,NULL,NULL,3,130,330,359,NULL,223,227,NULL,'00030','<p>project level comment</p>',0,0,0,0,'2019-08-27 14:42:22','2019-08-27 14:42:22',NULL,NULL,3,NULL),(85,15,NULL,NULL,3,130,330,359,NULL,223,227,NULL,'00031','<p>project level comment</p>',0,0,0,0,'2019-08-27 14:42:22','2019-08-27 14:42:22',NULL,NULL,3,NULL),(86,15,NULL,NULL,3,130,330,NULL,NULL,NULL,NULL,NULL,'00032','<p>check sheet number</p>',0,0,0,0,'2019-08-27 14:42:22','2019-08-27 14:42:22',NULL,44,3,21),(87,15,NULL,NULL,3,130,330,NULL,NULL,NULL,NULL,NULL,'00033','<p>comment 1232</p>',0,0,0,0,'2019-08-27 14:42:22','2019-08-27 14:42:22',NULL,41,3,20),(88,15,NULL,NULL,3,130,330,NULL,NULL,NULL,NULL,NULL,'00034','<p>comment 2!!!</p>',0,0,0,0,'2019-08-27 14:42:22','2019-08-27 14:42:22',NULL,41,3,20),(89,15,NULL,NULL,3,130,330,NULL,NULL,NULL,NULL,NULL,'00035','<p>fire comment by eric edit by admin</p>',0,0,1,0,'2019-08-27 14:42:22','2019-08-27 14:42:22',NULL,39,1,18),(90,15,NULL,NULL,3,130,330,NULL,NULL,NULL,NULL,NULL,'00036','<p>original comment by eric</p>',0,0,0,0,'2019-08-27 14:42:22','2019-08-27 14:42:22',NULL,39,3,18),(91,15,NULL,NULL,3,130,330,NULL,NULL,NULL,NULL,NULL,'00037','<p>original comment by eric</p>',0,0,0,0,'2019-08-27 14:42:22','2019-08-27 14:42:22',NULL,39,3,18),(92,15,NULL,NULL,3,130,330,NULL,NULL,NULL,NULL,NULL,'00038','<p>fire comment by eric edit by admin</p>',0,0,1,0,'2019-08-27 14:42:22','2019-08-27 14:42:22',NULL,39,1,18),(93,15,NULL,NULL,3,130,330,NULL,NULL,NULL,NULL,NULL,'00039','<p>comment 2!!!</p>',0,0,0,0,'2019-08-27 14:42:22','2019-08-27 14:42:22',NULL,41,3,20),(94,15,NULL,NULL,3,130,330,NULL,NULL,NULL,NULL,NULL,'00040','<p>comment 1232</p>',0,0,0,0,'2019-08-27 14:42:22','2019-08-27 14:42:22',NULL,41,3,20),(95,15,NULL,NULL,3,130,330,NULL,NULL,NULL,NULL,NULL,'00041','<p>check sheet number</p>',0,0,0,0,'2019-08-27 14:42:22','2019-08-27 14:42:22',NULL,44,3,21),(96,15,NULL,NULL,3,130,330,359,NULL,223,227,NULL,'00042','<p>project level comment</p>',0,0,0,0,'2019-08-27 14:42:22','2019-08-27 14:42:22',NULL,NULL,3,NULL),(97,15,NULL,NULL,3,130,330,359,NULL,223,227,NULL,'00043','<p>project level comment</p>',0,0,0,0,'2019-08-27 14:42:22','2019-08-27 14:42:22',NULL,NULL,3,NULL),(98,15,NULL,NULL,3,130,330,NULL,NULL,NULL,NULL,NULL,'00044','<p>check sheet number</p>',0,0,0,0,'2019-08-27 14:42:22','2019-08-27 14:42:22',NULL,44,3,21),(99,15,NULL,NULL,3,130,330,NULL,NULL,NULL,NULL,NULL,'00045','<p>comment 1232</p>',0,0,0,0,'2019-08-27 14:42:22','2019-08-27 14:42:22',NULL,41,3,20),(100,15,NULL,NULL,3,130,330,NULL,NULL,NULL,NULL,NULL,'00046','<p>comment 2!!!</p>',0,0,0,0,'2019-08-27 14:42:22','2019-08-27 14:42:22',NULL,41,3,20),(101,15,NULL,NULL,3,130,330,NULL,NULL,NULL,NULL,NULL,'00047','<p>fire comment by eric edit by admin</p>',0,0,1,0,'2019-08-27 14:42:22','2019-08-27 14:42:22',NULL,39,1,18),(102,15,NULL,NULL,3,130,330,NULL,NULL,NULL,NULL,NULL,'00048','<p>original comment by eric</p>',0,0,0,0,'2019-08-27 14:42:22','2019-08-27 14:42:22',NULL,39,3,18),(103,15,NULL,NULL,3,130,330,NULL,NULL,NULL,NULL,NULL,'00049','<p>original comment by eric</p>',0,0,0,0,'2019-08-27 14:42:37','2019-08-27 14:42:37',NULL,39,3,18),(104,15,NULL,NULL,3,130,330,NULL,NULL,NULL,NULL,NULL,'00050','<p>fire comment by eric edit by admin</p>',0,0,1,0,'2019-08-27 14:42:37','2019-08-27 14:42:37',NULL,39,1,18),(105,15,NULL,NULL,3,130,330,NULL,NULL,NULL,NULL,NULL,'00051','<p>comment 2!!!</p>',0,0,0,0,'2019-08-27 14:42:37','2019-08-27 14:42:37',NULL,41,3,20),(106,15,NULL,NULL,3,130,330,NULL,NULL,NULL,NULL,NULL,'00052','<p>comment 1232</p>',0,0,0,0,'2019-08-27 14:42:37','2019-08-27 14:42:37',NULL,41,3,20),(107,15,NULL,NULL,3,130,330,NULL,NULL,NULL,NULL,NULL,'00053','<p>check sheet number</p>',0,0,0,0,'2019-08-27 14:42:37','2019-08-27 14:42:37',NULL,44,3,21),(108,15,NULL,NULL,3,130,330,359,NULL,223,227,NULL,'00054','<p>project level comment</p>',0,0,0,0,'2019-08-27 14:42:37','2019-08-27 14:42:37',NULL,NULL,3,NULL),(109,15,NULL,NULL,3,130,330,359,NULL,223,227,NULL,'00055','<p>project level comment</p>',0,0,0,0,'2019-08-27 14:42:37','2019-08-27 14:42:37',NULL,NULL,3,NULL),(110,15,NULL,NULL,3,130,330,NULL,NULL,NULL,NULL,NULL,'00056','<p>check sheet number</p>',0,0,0,0,'2019-08-27 14:42:37','2019-08-27 14:42:37',NULL,44,3,21),(111,15,NULL,NULL,3,130,330,NULL,NULL,NULL,NULL,NULL,'00057','<p>comment 1232</p>',0,0,0,0,'2019-08-27 14:42:37','2019-08-27 14:42:37',NULL,41,3,20),(112,15,NULL,NULL,3,130,330,NULL,NULL,NULL,NULL,NULL,'00058','<p>comment 2!!!</p>',0,0,0,0,'2019-08-27 14:42:37','2019-08-27 14:42:37',NULL,41,3,20),(113,15,NULL,NULL,3,130,330,NULL,NULL,NULL,NULL,NULL,'00059','<p>fire comment by eric edit by admin</p>',0,0,1,0,'2019-08-27 14:42:37','2019-08-27 14:42:37',NULL,39,1,18),(114,15,NULL,NULL,3,130,330,NULL,NULL,NULL,NULL,NULL,'00060','<p>original comment by eric</p>',0,0,0,0,'2019-08-27 14:42:37','2019-08-27 14:42:37',NULL,39,3,18),(115,15,NULL,NULL,3,130,330,NULL,NULL,NULL,NULL,NULL,'00061','<p>original comment by eric</p>',0,0,0,0,'2019-08-27 14:42:37','2019-08-27 14:42:37',NULL,39,3,18),(116,15,NULL,NULL,3,130,330,NULL,NULL,NULL,NULL,NULL,'00062','<p>fire comment by eric edit by admin</p>',0,0,1,0,'2019-08-27 14:42:37','2019-08-27 14:42:37',NULL,39,1,18),(117,15,NULL,NULL,3,130,330,NULL,NULL,NULL,NULL,NULL,'00063','<p>comment 2!!!</p>',0,0,0,0,'2019-08-27 14:42:37','2019-08-27 14:42:37',NULL,41,3,20),(118,15,NULL,NULL,3,130,330,NULL,NULL,NULL,NULL,NULL,'00064','<p>comment 1232</p>',0,0,0,0,'2019-08-27 14:42:37','2019-08-27 14:42:37',NULL,41,3,20),(119,15,NULL,NULL,3,130,330,NULL,NULL,NULL,NULL,NULL,'00065','<p>check sheet number</p>',0,0,0,0,'2019-08-27 14:42:37','2019-08-27 14:42:37',NULL,44,3,21),(120,15,NULL,NULL,3,130,330,359,NULL,223,227,NULL,'00066','<p>project level comment</p>',0,0,0,0,'2019-08-27 14:42:37','2019-08-27 14:42:37',NULL,NULL,3,NULL),(121,15,NULL,NULL,3,130,330,359,NULL,223,227,NULL,'00067','<p>project level comment</p>',0,0,0,0,'2019-08-27 14:42:37','2019-08-27 14:42:37',NULL,NULL,3,NULL),(122,15,NULL,NULL,3,130,330,NULL,NULL,NULL,NULL,NULL,'00068','<p>check sheet number</p>',0,0,0,0,'2019-08-27 14:42:37','2019-08-27 14:42:37',NULL,44,3,21),(123,15,NULL,NULL,3,130,330,NULL,NULL,NULL,NULL,NULL,'00069','<p>comment 1232</p>',0,0,0,0,'2019-08-27 14:42:37','2019-08-27 14:42:37',NULL,41,3,20),(124,15,NULL,NULL,3,130,330,NULL,NULL,NULL,NULL,NULL,'00070','<p>comment 2!!!</p>',0,0,0,0,'2019-08-27 14:42:37','2019-08-27 14:42:37',NULL,41,3,20),(125,15,NULL,NULL,3,130,330,NULL,NULL,NULL,NULL,NULL,'00071','<p>fire comment by eric edit by admin</p>',0,0,1,0,'2019-08-27 14:42:37','2019-08-27 14:42:37',NULL,39,1,18),(126,15,NULL,NULL,3,130,330,NULL,NULL,NULL,NULL,NULL,'00072','<p>original comment by eric</p>',0,0,0,0,'2019-08-27 14:42:37','2019-08-27 14:42:37',NULL,39,3,18),(127,15,NULL,NULL,3,130,330,NULL,NULL,NULL,NULL,NULL,'00073','<p>original comment by eric</p>',0,0,0,0,'2019-08-27 14:42:37','2019-08-27 14:42:37',NULL,39,3,18),(128,15,NULL,NULL,3,130,330,NULL,NULL,NULL,NULL,NULL,'00074','<p>fire comment by eric edit by admin</p>',0,0,1,0,'2019-08-27 14:42:37','2019-08-27 14:42:37',NULL,39,1,18),(129,15,NULL,NULL,3,130,330,NULL,NULL,NULL,NULL,NULL,'00075','<p>comment 2!!!</p>',0,0,0,0,'2019-08-27 14:42:37','2019-08-27 14:42:37',NULL,41,3,20),(130,15,NULL,NULL,3,130,330,NULL,NULL,NULL,NULL,NULL,'00076','<p>comment 1232</p>',0,0,0,0,'2019-08-27 14:42:37','2019-08-27 14:42:37',NULL,41,3,20),(131,15,NULL,NULL,3,130,330,NULL,NULL,NULL,NULL,NULL,'00077','<p>check sheet number</p>',0,0,0,0,'2019-08-27 14:42:37','2019-08-27 14:42:37',NULL,44,3,21),(132,15,NULL,NULL,3,130,330,359,NULL,223,227,NULL,'00078','<p>project level comment</p>',0,0,0,0,'2019-08-27 14:42:37','2019-08-27 14:42:37',NULL,NULL,3,NULL),(133,15,NULL,NULL,3,130,330,359,NULL,223,227,NULL,'00079','<p>project level comment</p>',0,0,0,0,'2019-08-27 14:42:37','2019-08-27 14:42:37',NULL,NULL,3,NULL),(134,15,NULL,NULL,3,130,330,NULL,NULL,NULL,NULL,NULL,'00080','<p>check sheet number</p>',0,0,0,0,'2019-08-27 14:42:37','2019-08-27 14:42:37',NULL,44,3,21),(135,15,NULL,NULL,3,130,330,NULL,NULL,NULL,NULL,NULL,'00081','<p>comment 1232</p>',0,0,0,0,'2019-08-27 14:42:37','2019-08-27 14:42:37',NULL,41,3,20),(136,15,NULL,NULL,3,130,330,NULL,NULL,NULL,NULL,NULL,'00082','<p>comment 2!!!</p>',0,0,0,0,'2019-08-27 14:42:37','2019-08-27 14:42:37',NULL,41,3,20),(137,15,NULL,NULL,3,130,330,NULL,NULL,NULL,NULL,NULL,'00083','<p>fire comment by eric edit by admin</p>',0,0,1,0,'2019-08-27 14:42:37','2019-08-27 14:42:37',NULL,39,1,18),(138,15,NULL,NULL,3,130,330,NULL,NULL,NULL,NULL,NULL,'00084','<p>original comment by eric</p>',0,0,0,0,'2019-08-27 14:42:37','2019-08-27 14:42:37',NULL,39,3,18),(139,15,NULL,NULL,3,130,330,NULL,NULL,NULL,NULL,NULL,'00085','<p>original comment by eric</p>',0,0,0,0,'2019-08-27 14:42:37','2019-08-27 14:42:37',NULL,39,3,18),(140,15,NULL,NULL,3,130,330,NULL,NULL,NULL,NULL,NULL,'00086','<p>fire comment by eric edit by admin</p>',0,0,1,0,'2019-08-27 14:42:37','2019-08-27 14:42:37',NULL,39,1,18),(141,15,NULL,NULL,3,130,330,NULL,NULL,NULL,NULL,NULL,'00087','<p>comment 2!!!</p>',0,0,0,0,'2019-08-27 14:42:37','2019-08-27 14:42:37',NULL,41,3,20),(142,15,NULL,NULL,3,130,330,NULL,NULL,NULL,NULL,NULL,'00088','<p>comment 1232</p>',0,0,0,0,'2019-08-27 14:42:37','2019-08-27 14:42:37',NULL,41,3,20),(143,15,NULL,NULL,3,130,330,NULL,NULL,NULL,NULL,NULL,'00089','<p>check sheet number</p>',0,0,0,0,'2019-08-27 14:42:37','2019-08-27 14:42:37',NULL,44,3,21),(144,15,NULL,NULL,3,130,330,359,NULL,223,227,NULL,'00090','<p>project level comment</p>',0,0,0,0,'2019-08-27 14:42:37','2019-08-27 14:42:37',NULL,NULL,3,NULL),(145,15,NULL,NULL,3,130,330,359,NULL,223,227,NULL,'00091','<p>project level comment</p>',0,0,0,0,'2019-08-27 14:42:37','2019-08-27 14:42:37',NULL,NULL,3,NULL),(146,15,NULL,NULL,3,130,330,NULL,NULL,NULL,NULL,NULL,'00092','<p>check sheet number</p>',0,0,0,0,'2019-08-27 14:42:37','2019-08-27 14:42:37',NULL,44,3,21),(147,15,NULL,NULL,3,130,330,NULL,NULL,NULL,NULL,NULL,'00093','<p>comment 1232</p>',0,0,0,0,'2019-08-27 14:42:37','2019-08-27 14:42:37',NULL,41,3,20),(148,15,NULL,NULL,3,130,330,NULL,NULL,NULL,NULL,NULL,'00094','<p>comment 2!!!</p>',0,0,0,0,'2019-08-27 14:42:37','2019-08-27 14:42:37',NULL,41,3,20),(149,15,NULL,NULL,3,130,330,NULL,NULL,NULL,NULL,NULL,'00095','<p>fire comment by eric edit by admin</p>',0,0,1,0,'2019-08-27 14:42:37','2019-08-27 14:42:37',NULL,39,1,18),(150,15,NULL,NULL,3,130,330,NULL,NULL,NULL,NULL,NULL,'00096','<p>original comment by eric</p>',0,0,0,0,'2019-08-27 14:42:37','2019-08-27 14:42:37',NULL,39,3,18),(151,15,NULL,NULL,3,130,330,NULL,NULL,NULL,NULL,NULL,'00097','<p>original comment by eric</p>',0,0,0,0,'2019-08-27 14:49:27','2019-08-27 14:49:27',NULL,39,3,18),(152,15,NULL,NULL,3,130,330,NULL,NULL,NULL,NULL,NULL,'00098','<p>fire comment by eric edit by admin</p>',0,0,1,0,'2019-08-27 14:49:27','2019-08-27 14:49:27',NULL,39,1,18),(153,15,NULL,NULL,3,130,330,NULL,NULL,NULL,NULL,NULL,'00099','<p>comment 2!!!</p>',0,0,0,0,'2019-08-27 14:49:27','2019-08-27 14:49:27',NULL,41,3,20),(154,15,NULL,NULL,3,130,330,NULL,NULL,NULL,NULL,NULL,'00100','<p>comment 1232</p>',0,0,0,0,'2019-08-27 14:49:27','2019-08-27 14:49:27',NULL,41,3,20),(155,15,NULL,NULL,3,130,330,NULL,NULL,NULL,NULL,NULL,'00101','<p>check sheet number</p>',0,0,0,0,'2019-08-27 14:49:27','2019-08-27 14:49:27',NULL,44,3,21),(156,15,NULL,NULL,3,130,330,359,NULL,223,227,NULL,'00102','<p>project level comment</p>',0,0,0,0,'2019-08-27 14:49:27','2019-08-27 14:49:27',NULL,NULL,3,NULL),(157,15,NULL,NULL,3,130,330,359,NULL,223,227,NULL,'00103','<p>project level comment</p>',0,0,0,0,'2019-08-27 14:49:27','2019-08-27 14:49:27',NULL,NULL,3,NULL),(158,15,NULL,NULL,3,130,330,NULL,NULL,NULL,NULL,NULL,'00104','<p>check sheet number</p>',0,0,0,0,'2019-08-27 14:49:27','2019-08-27 14:49:27',NULL,44,3,21),(159,15,NULL,NULL,3,130,330,NULL,NULL,NULL,NULL,NULL,'00105','<p>comment 1232</p>',0,0,0,0,'2019-08-27 14:49:27','2019-08-27 14:49:27',NULL,41,3,20),(160,15,NULL,NULL,3,130,330,NULL,NULL,NULL,NULL,NULL,'00106','<p>comment 2!!!</p>',0,0,0,0,'2019-08-27 14:49:27','2019-08-27 14:49:27',NULL,41,3,20),(161,15,NULL,NULL,3,130,330,NULL,NULL,NULL,NULL,NULL,'00107','<p>fire comment by eric edit by admin</p>',0,0,1,0,'2019-08-27 14:49:27','2019-08-27 14:49:27',NULL,39,1,18),(162,15,NULL,NULL,3,130,330,NULL,NULL,NULL,NULL,NULL,'00108','<p>original comment by eric</p>',0,0,0,0,'2019-08-27 14:49:27','2019-08-27 14:49:27',NULL,39,3,18),(163,15,NULL,NULL,3,130,330,NULL,NULL,NULL,NULL,NULL,'00109','<p>original comment by eric</p>',0,0,0,0,'2019-08-27 14:49:27','2019-08-27 14:49:27',NULL,39,3,18),(164,15,NULL,NULL,3,130,330,NULL,NULL,NULL,NULL,NULL,'00110','<p>fire comment by eric edit by admin</p>',0,0,1,0,'2019-08-27 14:49:27','2019-08-27 14:49:27',NULL,39,1,18),(165,15,NULL,NULL,3,130,330,NULL,NULL,NULL,NULL,NULL,'00111','<p>comment 2!!!</p>',0,0,0,0,'2019-08-27 14:49:27','2019-08-27 14:49:27',NULL,41,3,20),(166,15,NULL,NULL,3,130,330,NULL,NULL,NULL,NULL,NULL,'00112','<p>comment 1232</p>',0,0,0,0,'2019-08-27 14:49:27','2019-08-27 14:49:27',NULL,41,3,20),(167,15,NULL,NULL,3,130,330,NULL,NULL,NULL,NULL,NULL,'00113','<p>check sheet number</p>',0,0,0,0,'2019-08-27 14:49:27','2019-08-27 14:49:27',NULL,44,3,21),(168,15,NULL,NULL,3,130,330,359,NULL,223,227,NULL,'00114','<p>project level comment</p>',0,0,0,0,'2019-08-27 14:49:27','2019-08-27 14:49:27',NULL,NULL,3,NULL),(169,15,NULL,NULL,3,130,330,359,NULL,223,227,NULL,'00115','<p>project level comment</p>',0,0,0,0,'2019-08-27 14:49:27','2019-08-27 14:49:27',NULL,NULL,3,NULL),(170,15,NULL,NULL,3,130,330,NULL,NULL,NULL,NULL,NULL,'00116','<p>check sheet number</p>',0,0,0,0,'2019-08-27 14:49:27','2019-08-27 14:49:27',NULL,44,3,21),(171,15,NULL,NULL,3,130,330,NULL,NULL,NULL,NULL,NULL,'00117','<p>comment 1232</p>',0,0,0,0,'2019-08-27 14:49:27','2019-08-27 14:49:27',NULL,41,3,20),(172,15,NULL,NULL,3,130,330,NULL,NULL,NULL,NULL,NULL,'00118','<p>comment 2!!!</p>',0,0,0,0,'2019-08-27 14:49:27','2019-08-27 14:49:27',NULL,41,3,20),(173,15,NULL,NULL,3,130,330,NULL,NULL,NULL,NULL,NULL,'00119','<p>fire comment by eric edit by admin</p>',0,0,1,0,'2019-08-27 14:49:27','2019-08-27 14:49:27',NULL,39,1,18),(174,15,NULL,NULL,3,130,330,NULL,NULL,NULL,NULL,NULL,'00120','<p>original comment by eric</p>',0,0,0,0,'2019-08-27 14:49:27','2019-08-27 14:49:27',NULL,39,3,18),(175,15,NULL,NULL,3,130,330,NULL,NULL,NULL,NULL,NULL,'00121','<p>original comment by eric</p>',0,0,0,0,'2019-08-27 14:49:27','2019-08-27 14:49:27',NULL,39,3,18),(176,15,NULL,NULL,3,130,330,NULL,NULL,NULL,NULL,NULL,'00122','<p>fire comment by eric edit by admin</p>',0,0,1,0,'2019-08-27 14:49:27','2019-08-27 14:49:27',NULL,39,1,18),(177,15,NULL,NULL,3,130,330,NULL,NULL,NULL,NULL,NULL,'00123','<p>comment 2!!!</p>',0,0,0,0,'2019-08-27 14:49:27','2019-08-27 14:49:27',NULL,41,3,20),(178,15,NULL,NULL,3,130,330,NULL,NULL,NULL,NULL,NULL,'00124','<p>comment 1232</p>',0,0,0,0,'2019-08-27 14:49:27','2019-08-27 14:49:27',NULL,41,3,20),(179,15,NULL,NULL,3,130,330,NULL,NULL,NULL,NULL,NULL,'00125','<p>check sheet number</p>',0,0,0,0,'2019-08-27 14:49:27','2019-08-27 14:49:27',NULL,44,3,21),(180,15,NULL,NULL,3,130,330,359,NULL,223,227,NULL,'00126','<p>project level comment</p>',0,0,0,0,'2019-08-27 14:49:27','2019-08-27 14:49:27',NULL,NULL,3,NULL),(181,15,NULL,NULL,3,130,330,359,NULL,223,227,NULL,'00127','<p>project level comment</p>',0,0,0,0,'2019-08-27 14:49:27','2019-08-27 14:49:27',NULL,NULL,3,NULL),(182,15,NULL,NULL,3,130,330,NULL,NULL,NULL,NULL,NULL,'00128','<p>check sheet number</p>',0,0,0,0,'2019-08-27 14:49:27','2019-08-27 14:49:27',NULL,44,3,21),(183,15,NULL,NULL,3,130,330,NULL,NULL,NULL,NULL,NULL,'00129','<p>comment 1232</p>',0,0,0,0,'2019-08-27 14:49:27','2019-08-27 14:49:27',NULL,41,3,20),(184,15,NULL,NULL,3,130,330,NULL,NULL,NULL,NULL,NULL,'00130','<p>comment 2!!!</p>',0,0,0,0,'2019-08-27 14:49:27','2019-08-27 14:49:27',NULL,41,3,20),(185,15,NULL,NULL,3,130,330,NULL,NULL,NULL,NULL,NULL,'00131','<p>fire comment by eric edit by admin</p>',0,0,1,0,'2019-08-27 14:49:27','2019-08-27 14:49:27',NULL,39,1,18),(186,15,NULL,NULL,3,130,330,NULL,NULL,NULL,NULL,NULL,'00132','<p>original comment by eric</p>',0,0,0,0,'2019-08-27 14:49:27','2019-08-27 14:49:27',NULL,39,3,18),(187,15,NULL,NULL,3,130,330,NULL,NULL,NULL,NULL,NULL,'00133','<p>original comment by eric</p>',0,0,0,0,'2019-08-27 14:49:27','2019-08-27 14:49:27',NULL,39,3,18),(188,15,NULL,NULL,3,130,330,NULL,NULL,NULL,NULL,NULL,'00134','<p>fire comment by eric edit by admin</p>',0,0,1,0,'2019-08-27 14:49:27','2019-08-27 14:49:27',NULL,39,1,18),(189,15,NULL,NULL,3,130,330,NULL,NULL,NULL,NULL,NULL,'00135','<p>comment 2!!!</p>',0,0,0,0,'2019-08-27 14:49:27','2019-08-27 14:49:27',NULL,41,3,20),(190,15,NULL,NULL,3,130,330,NULL,NULL,NULL,NULL,NULL,'00136','<p>comment 1232</p>',0,0,0,0,'2019-08-27 14:49:27','2019-08-27 14:49:27',NULL,41,3,20),(191,15,NULL,NULL,3,130,330,NULL,NULL,NULL,NULL,NULL,'00137','<p>check sheet number</p>',0,0,0,0,'2019-08-27 14:49:27','2019-08-27 14:49:27',NULL,44,3,21),(192,15,NULL,NULL,3,130,330,359,NULL,223,227,NULL,'00138','<p>project level comment</p>',0,0,0,0,'2019-08-27 14:49:27','2019-08-27 14:49:27',NULL,NULL,3,NULL),(193,15,NULL,NULL,3,130,330,359,NULL,223,227,NULL,'00139','<p>project level comment</p>',0,0,0,0,'2019-08-27 14:49:27','2019-08-27 14:49:27',NULL,NULL,3,NULL),(194,15,NULL,NULL,3,130,330,NULL,NULL,NULL,NULL,NULL,'00140','<p>check sheet number</p>',0,0,0,0,'2019-08-27 14:49:27','2019-08-27 14:49:27',NULL,44,3,21),(195,15,NULL,NULL,3,130,330,NULL,NULL,NULL,NULL,NULL,'00141','<p>comment 1232</p>',0,0,0,0,'2019-08-27 14:49:27','2019-08-27 14:49:27',NULL,41,3,20),(196,15,NULL,NULL,3,130,330,NULL,NULL,NULL,NULL,NULL,'00142','<p>comment 2!!!</p>',0,0,0,0,'2019-08-27 14:49:27','2019-08-27 14:49:27',NULL,41,3,20),(197,15,NULL,NULL,3,130,330,NULL,NULL,NULL,NULL,NULL,'00143','<p>fire comment by eric edit by admin</p>',0,0,1,0,'2019-08-27 14:49:27','2019-08-27 14:49:27',NULL,39,1,18),(198,15,NULL,NULL,3,130,330,NULL,NULL,NULL,NULL,NULL,'00144','<p>original comment by eric</p>',0,0,0,0,'2019-08-27 14:49:27','2019-08-27 14:49:27',NULL,39,3,18),(199,15,NULL,NULL,3,130,330,NULL,NULL,NULL,NULL,NULL,'00145','<p>original comment by eric</p>',0,0,0,0,'2019-08-27 14:49:27','2019-08-27 14:49:27',NULL,39,3,18),(200,15,NULL,NULL,3,130,330,NULL,NULL,NULL,NULL,NULL,'00146','<p>fire comment by eric edit by admin</p>',0,0,1,0,'2019-08-27 14:49:27','2019-08-27 14:49:27',NULL,39,1,18),(201,15,NULL,NULL,3,130,330,NULL,NULL,NULL,NULL,NULL,'00147','<p>comment 2!!!</p>',0,0,0,0,'2019-08-27 14:49:27','2019-08-27 14:49:27',NULL,41,3,20),(202,15,NULL,NULL,3,130,330,NULL,NULL,NULL,NULL,NULL,'00148','<p>comment 1232</p>',0,0,0,0,'2019-08-27 14:49:27','2019-08-27 14:49:27',NULL,41,3,20),(203,15,NULL,NULL,3,130,330,NULL,NULL,NULL,NULL,NULL,'00149','<p>check sheet number</p>',0,0,0,0,'2019-08-27 14:49:27','2019-08-27 14:49:27',NULL,44,3,21),(204,15,NULL,NULL,3,130,330,359,NULL,223,227,NULL,'00150','<p>project level comment</p>',0,0,0,0,'2019-08-27 14:49:27','2019-08-27 14:49:27',NULL,NULL,3,NULL),(205,15,NULL,NULL,3,130,330,359,NULL,223,227,NULL,'00151','<p>project level comment</p>',0,0,0,0,'2019-08-27 14:49:27','2019-08-27 14:49:27',NULL,NULL,3,NULL),(206,15,NULL,NULL,3,130,330,NULL,NULL,NULL,NULL,NULL,'00152','<p>check sheet number</p>',0,0,0,0,'2019-08-27 14:49:27','2019-08-27 14:49:27',NULL,44,3,21),(207,15,NULL,NULL,3,130,330,NULL,NULL,NULL,NULL,NULL,'00153','<p>comment 1232</p>',0,0,0,0,'2019-08-27 14:49:27','2019-08-27 14:49:27',NULL,41,3,20),(208,15,NULL,NULL,3,130,330,NULL,NULL,NULL,NULL,NULL,'00154','<p>comment 2!!!</p>',0,0,0,0,'2019-08-27 14:49:27','2019-08-27 14:49:27',NULL,41,3,20),(209,15,NULL,NULL,3,130,330,NULL,NULL,NULL,NULL,NULL,'00155','<p>fire comment by eric edit by admin</p>',0,0,1,0,'2019-08-27 14:49:27','2019-08-27 14:49:27',NULL,39,1,18),(210,15,NULL,NULL,3,130,330,NULL,NULL,NULL,NULL,NULL,'00156','<p>original comment by eric</p>',0,0,0,0,'2019-08-27 14:49:27','2019-08-27 14:49:27',NULL,39,3,18),(211,15,NULL,NULL,3,130,330,NULL,NULL,NULL,NULL,NULL,'00157','<p>original comment by eric</p>',0,0,0,0,'2019-08-27 14:49:27','2019-08-27 14:49:27',NULL,39,3,18),(212,15,NULL,NULL,3,130,330,NULL,NULL,NULL,NULL,NULL,'00158','<p>fire comment by eric edit by admin</p>',0,0,1,0,'2019-08-27 14:49:27','2019-08-27 14:49:27',NULL,39,1,18),(213,15,NULL,NULL,3,130,330,NULL,NULL,NULL,NULL,NULL,'00159','<p>comment 2!!!</p>',0,0,0,0,'2019-08-27 14:49:27','2019-08-27 14:49:27',NULL,41,3,20),(214,15,NULL,NULL,3,130,330,NULL,NULL,NULL,NULL,NULL,'00160','<p>comment 1232</p>',0,0,0,0,'2019-08-27 14:49:27','2019-08-27 14:49:27',NULL,41,3,20),(215,15,NULL,NULL,3,130,330,NULL,NULL,NULL,NULL,NULL,'00161','<p>check sheet number</p>',0,0,0,0,'2019-08-27 14:49:27','2019-08-27 14:49:27',NULL,44,3,21),(216,15,NULL,NULL,3,130,330,359,NULL,223,227,NULL,'00162','<p>project level comment</p>',0,0,0,0,'2019-08-27 14:49:27','2019-08-27 14:49:27',NULL,NULL,3,NULL),(217,15,NULL,NULL,3,130,330,359,NULL,223,227,NULL,'00163','<p>project level comment</p>',0,0,0,0,'2019-08-27 14:49:27','2019-08-27 14:49:27',NULL,NULL,3,NULL),(218,15,NULL,NULL,3,130,330,NULL,NULL,NULL,NULL,NULL,'00164','<p>check sheet number</p>',0,0,0,0,'2019-08-27 14:49:27','2019-08-27 14:49:27',NULL,44,3,21),(219,15,NULL,NULL,3,130,330,NULL,NULL,NULL,NULL,NULL,'00165','<p>comment 1232</p>',0,0,0,0,'2019-08-27 14:49:27','2019-08-27 14:49:27',NULL,41,3,20),(220,15,NULL,NULL,3,130,330,NULL,NULL,NULL,NULL,NULL,'00166','<p>comment 2!!!</p>',0,0,0,0,'2019-08-27 14:49:27','2019-08-27 14:49:27',NULL,41,3,20),(221,15,NULL,NULL,3,130,330,NULL,NULL,NULL,NULL,NULL,'00167','<p>fire comment by eric edit by admin</p>',0,0,1,0,'2019-08-27 14:49:27','2019-08-27 14:49:27',NULL,39,1,18),(222,15,NULL,NULL,3,130,330,NULL,NULL,NULL,NULL,NULL,'00168','<p>original comment by eric</p>',0,0,0,0,'2019-08-27 14:49:27','2019-08-27 14:49:27',NULL,39,3,18),(223,15,NULL,NULL,3,130,330,NULL,NULL,NULL,NULL,NULL,'00169','<p>original comment by eric</p>',0,0,0,0,'2019-08-27 14:49:27','2019-08-27 14:49:27',NULL,39,3,18),(224,15,NULL,NULL,3,130,330,NULL,NULL,NULL,NULL,NULL,'00170','<p>fire comment by eric edit by admin</p>',0,0,1,0,'2019-08-27 14:49:27','2019-08-27 14:49:27',NULL,39,1,18),(225,15,NULL,NULL,3,130,330,NULL,NULL,NULL,NULL,NULL,'00171','<p>comment 2!!!</p>',0,0,0,0,'2019-08-27 14:49:27','2019-08-27 14:49:27',NULL,41,3,20),(226,15,NULL,NULL,3,130,330,NULL,NULL,NULL,NULL,NULL,'00172','<p>comment 1232</p>',0,0,0,0,'2019-08-27 14:49:27','2019-08-27 14:49:27',NULL,41,3,20),(227,15,NULL,NULL,3,130,330,NULL,NULL,NULL,NULL,NULL,'00173','<p>check sheet number</p>',0,0,0,0,'2019-08-27 14:49:27','2019-08-27 14:49:27',NULL,44,3,21),(228,15,NULL,NULL,3,130,330,359,NULL,223,227,NULL,'00174','<p>project level comment</p>',0,0,0,0,'2019-08-27 14:49:27','2019-08-27 14:49:27',NULL,NULL,3,NULL),(229,15,NULL,NULL,3,130,330,359,NULL,223,227,NULL,'00175','<p>project level comment</p>',0,0,0,0,'2019-08-27 14:49:27','2019-08-27 14:49:27',NULL,NULL,3,NULL),(230,15,NULL,NULL,3,130,330,NULL,NULL,NULL,NULL,NULL,'00176','<p>check sheet number</p>',0,0,0,0,'2019-08-27 14:49:27','2019-08-27 14:49:27',NULL,44,3,21),(231,15,NULL,NULL,3,130,330,NULL,NULL,NULL,NULL,NULL,'00177','<p>comment 1232</p>',0,0,0,0,'2019-08-27 14:49:27','2019-08-27 14:49:27',NULL,41,3,20),(232,15,NULL,NULL,3,130,330,NULL,NULL,NULL,NULL,NULL,'00178','<p>comment 2!!!</p>',0,0,0,0,'2019-08-27 14:49:27','2019-08-27 14:49:27',NULL,41,3,20),(233,15,NULL,NULL,3,130,330,NULL,NULL,NULL,NULL,NULL,'00179','<p>fire comment by eric edit by admin</p>',0,0,1,0,'2019-08-27 14:49:27','2019-08-27 14:49:27',NULL,39,1,18),(234,15,NULL,NULL,3,130,330,NULL,NULL,NULL,NULL,NULL,'00180','<p>original comment by eric</p>',0,0,0,0,'2019-08-27 14:49:27','2019-08-27 14:49:27',NULL,39,3,18),(235,15,NULL,NULL,3,130,330,NULL,NULL,NULL,NULL,NULL,'00181','<p>original comment by eric</p>',0,0,0,0,'2019-08-27 14:49:27','2019-08-27 14:49:27',NULL,39,3,18),(236,15,NULL,NULL,3,130,330,NULL,NULL,NULL,NULL,NULL,'00182','<p>fire comment by eric edit by admin</p>',0,0,1,0,'2019-08-27 14:49:27','2019-08-27 14:49:27',NULL,39,1,18),(237,15,NULL,NULL,3,130,330,NULL,NULL,NULL,NULL,NULL,'00183','<p>comment 2!!!</p>',0,0,0,0,'2019-08-27 14:49:27','2019-08-27 14:49:27',NULL,41,3,20),(238,15,NULL,NULL,3,130,330,NULL,NULL,NULL,NULL,NULL,'00184','<p>comment 1232</p>',0,0,0,0,'2019-08-27 14:49:27','2019-08-27 14:49:27',NULL,41,3,20),(239,15,NULL,NULL,3,130,330,NULL,NULL,NULL,NULL,NULL,'00185','<p>check sheet number</p>',0,0,0,0,'2019-08-27 14:49:27','2019-08-27 14:49:27',NULL,44,3,21),(240,15,NULL,NULL,3,130,330,359,NULL,223,227,NULL,'00186','<p>project level comment</p>',0,0,0,0,'2019-08-27 14:49:27','2019-08-27 14:49:27',NULL,NULL,3,NULL),(241,15,NULL,NULL,3,130,330,359,NULL,223,227,NULL,'00187','<p>project level comment</p>',0,0,0,0,'2019-08-27 14:49:27','2019-08-27 14:49:27',NULL,NULL,3,NULL),(242,15,NULL,NULL,3,130,330,NULL,NULL,NULL,NULL,NULL,'00188','<p>check sheet number</p>',0,0,0,0,'2019-08-27 14:49:27','2019-08-27 14:49:27',NULL,44,3,21),(243,15,NULL,NULL,3,130,330,NULL,NULL,NULL,NULL,NULL,'00189','<p>comment 1232</p>',0,0,0,0,'2019-08-27 14:49:27','2019-08-27 14:49:27',NULL,41,3,20),(244,15,NULL,NULL,3,130,330,NULL,NULL,NULL,NULL,NULL,'00190','<p>comment 2!!!</p>',0,0,0,0,'2019-08-27 14:49:27','2019-08-27 14:49:27',NULL,41,3,20),(245,15,NULL,NULL,3,130,330,NULL,NULL,NULL,NULL,NULL,'00191','<p>fire comment by eric edit by admin</p>',0,0,1,0,'2019-08-27 14:49:27','2019-08-27 14:49:27',NULL,39,1,18),(246,15,NULL,NULL,3,130,330,NULL,NULL,NULL,NULL,NULL,'00192','<p>original comment by eric</p>',0,0,0,0,'2019-08-27 14:49:27','2019-08-27 14:49:27',NULL,39,3,18),(247,15,NULL,NULL,3,130,330,NULL,NULL,NULL,NULL,NULL,'00193','<p>original comment by eric</p>',0,0,0,0,'2019-08-27 14:49:35','2019-08-27 14:49:35',NULL,39,3,18),(248,15,NULL,NULL,3,130,330,NULL,NULL,NULL,NULL,NULL,'00194','<p>fire comment by eric edit by admin</p>',0,0,1,0,'2019-08-27 14:49:35','2019-08-27 14:49:35',NULL,39,1,18),(249,15,NULL,NULL,3,130,330,NULL,NULL,NULL,NULL,NULL,'00195','<p>comment 2!!!</p>',0,0,0,0,'2019-08-27 14:49:35','2019-08-27 14:49:35',NULL,41,3,20),(250,15,NULL,NULL,3,130,330,NULL,NULL,NULL,NULL,NULL,'00196','<p>comment 1232</p>',0,0,0,0,'2019-08-27 14:49:35','2019-08-27 14:49:35',NULL,41,3,20),(251,15,NULL,NULL,3,130,330,NULL,NULL,NULL,NULL,NULL,'00197','<p>check sheet number</p>',0,0,0,0,'2019-08-27 14:49:35','2019-08-27 14:49:35',NULL,44,3,21),(252,15,NULL,NULL,3,130,330,359,NULL,223,227,NULL,'00198','<p>project level comment</p>',0,0,0,0,'2019-08-27 14:49:35','2019-08-27 14:49:35',NULL,NULL,3,NULL),(253,15,NULL,NULL,3,130,330,359,NULL,223,227,NULL,'00199','<p>project level comment</p>',0,0,0,0,'2019-08-27 14:49:35','2019-08-27 14:49:35',NULL,NULL,3,NULL),(254,15,NULL,NULL,3,130,330,NULL,NULL,NULL,NULL,NULL,'00200','<p>check sheet number</p>',0,0,0,0,'2019-08-27 14:49:35','2019-08-27 14:49:35',NULL,44,3,21),(255,15,NULL,NULL,3,130,330,NULL,NULL,NULL,NULL,NULL,'00201','<p>comment 1232</p>',0,0,0,0,'2019-08-27 14:49:35','2019-08-27 14:49:35',NULL,41,3,20),(256,15,NULL,NULL,3,130,330,NULL,NULL,NULL,NULL,NULL,'00202','<p>comment 2!!!</p>',0,0,0,0,'2019-08-27 14:49:35','2019-08-27 14:49:35',NULL,41,3,20),(257,15,NULL,NULL,3,130,330,NULL,NULL,NULL,NULL,NULL,'00203','<p>fire comment by eric edit by admin</p>',0,0,1,0,'2019-08-27 14:49:35','2019-08-27 14:49:35',NULL,39,1,18),(258,15,NULL,NULL,3,130,330,NULL,NULL,NULL,NULL,NULL,'00204','<p>original comment by eric</p>',0,0,0,0,'2019-08-27 14:49:35','2019-08-27 14:49:35',NULL,39,3,18),(259,15,NULL,NULL,3,130,330,NULL,NULL,NULL,NULL,NULL,'00205','<p>original comment by eric</p>',0,0,0,0,'2019-08-27 14:49:35','2019-08-27 14:49:35',NULL,39,3,18),(260,15,NULL,NULL,3,130,330,NULL,NULL,NULL,NULL,NULL,'00206','<p>fire comment by eric edit by admin</p>',0,0,1,0,'2019-08-27 14:49:35','2019-08-27 14:49:35',NULL,39,1,18),(261,15,NULL,NULL,3,130,330,NULL,NULL,NULL,NULL,NULL,'00207','<p>comment 2!!!</p>',0,0,0,0,'2019-08-27 14:49:35','2019-08-27 14:49:35',NULL,41,3,20),(262,15,NULL,NULL,3,130,330,NULL,NULL,NULL,NULL,NULL,'00208','<p>comment 1232</p>',0,0,0,0,'2019-08-27 14:49:35','2019-08-27 14:49:35',NULL,41,3,20),(263,15,NULL,NULL,3,130,330,NULL,NULL,NULL,NULL,NULL,'00209','<p>check sheet number</p>',0,0,0,0,'2019-08-27 14:49:35','2019-08-27 14:49:35',NULL,44,3,21),(264,15,NULL,NULL,3,130,330,359,NULL,223,227,NULL,'00210','<p>project level comment</p>',0,0,0,0,'2019-08-27 14:49:35','2019-08-27 14:49:35',NULL,NULL,3,NULL),(265,15,NULL,NULL,3,130,330,359,NULL,223,227,NULL,'00211','<p>project level comment</p>',0,0,0,0,'2019-08-27 14:49:35','2019-08-27 14:49:35',NULL,NULL,3,NULL),(266,15,NULL,NULL,3,130,330,NULL,NULL,NULL,NULL,NULL,'00212','<p>check sheet number</p>',0,0,0,0,'2019-08-27 14:49:35','2019-08-27 14:49:35',NULL,44,3,21),(267,15,NULL,NULL,3,130,330,NULL,NULL,NULL,NULL,NULL,'00213','<p>comment 1232</p>',0,0,0,0,'2019-08-27 14:49:35','2019-08-27 14:49:35',NULL,41,3,20),(268,15,NULL,NULL,3,130,330,NULL,NULL,NULL,NULL,NULL,'00214','<p>comment 2!!!</p>',0,0,0,0,'2019-08-27 14:49:35','2019-08-27 14:49:35',NULL,41,3,20),(269,15,NULL,NULL,3,130,330,NULL,NULL,NULL,NULL,NULL,'00215','<p>fire comment by eric edit by admin</p>',0,0,1,0,'2019-08-27 14:49:35','2019-08-27 14:49:35',NULL,39,1,18),(270,15,NULL,NULL,3,130,330,NULL,NULL,NULL,NULL,NULL,'00216','<p>original comment by eric</p>',0,0,0,0,'2019-08-27 14:49:35','2019-08-27 14:49:35',NULL,39,3,18),(271,15,NULL,NULL,3,130,330,NULL,NULL,NULL,NULL,NULL,'00217','<p>original comment by eric</p>',0,0,0,0,'2019-08-27 14:49:35','2019-08-27 14:49:35',NULL,39,3,18),(272,15,NULL,NULL,3,130,330,NULL,NULL,NULL,NULL,NULL,'00218','<p>fire comment by eric edit by admin</p>',0,0,1,0,'2019-08-27 14:49:35','2019-08-27 14:49:35',NULL,39,1,18),(273,15,NULL,NULL,3,130,330,NULL,NULL,NULL,NULL,NULL,'00219','<p>comment 2!!!</p>',0,0,0,0,'2019-08-27 14:49:35','2019-08-27 14:49:35',NULL,41,3,20),(274,15,NULL,NULL,3,130,330,NULL,NULL,NULL,NULL,NULL,'00220','<p>comment 1232</p>',0,0,0,0,'2019-08-27 14:49:35','2019-08-27 14:49:35',NULL,41,3,20),(275,15,NULL,NULL,3,130,330,NULL,NULL,NULL,NULL,NULL,'00221','<p>check sheet number</p>',0,0,0,0,'2019-08-27 14:49:35','2019-08-27 14:49:35',NULL,44,3,21),(276,15,NULL,NULL,3,130,330,359,NULL,223,227,NULL,'00222','<p>project level comment</p>',0,0,0,0,'2019-08-27 14:49:35','2019-08-27 14:49:35',NULL,NULL,3,NULL),(277,15,NULL,NULL,3,130,330,359,NULL,223,227,NULL,'00223','<p>project level comment</p>',0,0,0,0,'2019-08-27 14:49:35','2019-08-27 14:49:35',NULL,NULL,3,NULL),(278,15,NULL,NULL,3,130,330,NULL,NULL,NULL,NULL,NULL,'00224','<p>check sheet number</p>',0,0,0,0,'2019-08-27 14:49:35','2019-08-27 14:49:35',NULL,44,3,21),(279,15,NULL,NULL,3,130,330,NULL,NULL,NULL,NULL,NULL,'00225','<p>comment 1232</p>',0,0,0,0,'2019-08-27 14:49:35','2019-08-27 14:49:35',NULL,41,3,20),(280,15,NULL,NULL,3,130,330,NULL,NULL,NULL,NULL,NULL,'00226','<p>comment 2!!!</p>',0,0,0,0,'2019-08-27 14:49:35','2019-08-27 14:49:35',NULL,41,3,20),(281,15,NULL,NULL,3,130,330,NULL,NULL,NULL,NULL,NULL,'00227','<p>fire comment by eric edit by admin</p>',0,0,1,0,'2019-08-27 14:49:35','2019-08-27 14:49:35',NULL,39,1,18),(282,15,NULL,NULL,3,130,330,NULL,NULL,NULL,NULL,NULL,'00228','<p>original comment by eric</p>',0,0,0,0,'2019-08-27 14:49:35','2019-08-27 14:49:35',NULL,39,3,18),(283,15,NULL,NULL,3,130,330,NULL,NULL,NULL,NULL,NULL,'00229','<p>original comment by eric</p>',0,0,0,0,'2019-08-27 14:49:35','2019-08-27 14:49:35',NULL,39,3,18),(284,15,NULL,NULL,3,130,330,NULL,NULL,NULL,NULL,NULL,'00230','<p>fire comment by eric edit by admin</p>',0,0,1,0,'2019-08-27 14:49:35','2019-08-27 14:49:35',NULL,39,1,18),(285,15,NULL,NULL,3,130,330,NULL,NULL,NULL,NULL,NULL,'00231','<p>comment 2!!!</p>',0,0,0,0,'2019-08-27 14:49:35','2019-08-27 14:49:35',NULL,41,3,20),(286,15,NULL,NULL,3,130,330,NULL,NULL,NULL,NULL,NULL,'00232','<p>comment 1232</p>',0,0,0,0,'2019-08-27 14:49:35','2019-08-27 14:49:35',NULL,41,3,20),(287,15,NULL,NULL,3,130,330,NULL,NULL,NULL,NULL,NULL,'00233','<p>check sheet number</p>',0,0,0,0,'2019-08-27 14:49:35','2019-08-27 14:49:35',NULL,44,3,21),(288,15,NULL,NULL,3,130,330,359,NULL,223,227,NULL,'00234','<p>project level comment</p>',0,0,0,0,'2019-08-27 14:49:35','2019-08-27 14:49:35',NULL,NULL,3,NULL),(289,15,NULL,NULL,3,130,330,359,NULL,223,227,NULL,'00235','<p>project level comment</p>',0,0,0,0,'2019-08-27 14:49:35','2019-08-27 14:49:35',NULL,NULL,3,NULL),(290,15,NULL,NULL,3,130,330,NULL,NULL,NULL,NULL,NULL,'00236','<p>check sheet number</p>',0,0,0,0,'2019-08-27 14:49:35','2019-08-27 14:49:35',NULL,44,3,21),(291,15,NULL,NULL,3,130,330,NULL,NULL,NULL,NULL,NULL,'00237','<p>comment 1232</p>',0,0,0,0,'2019-08-27 14:49:35','2019-08-27 14:49:35',NULL,41,3,20),(292,15,NULL,NULL,3,130,330,NULL,NULL,NULL,NULL,NULL,'00238','<p>comment 2!!!</p>',0,0,0,0,'2019-08-27 14:49:35','2019-08-27 14:49:35',NULL,41,3,20),(293,15,NULL,NULL,3,130,330,NULL,NULL,NULL,NULL,NULL,'00239','<p>fire comment by eric edit by admin</p>',0,0,1,0,'2019-08-27 14:49:35','2019-08-27 14:49:35',NULL,39,1,18),(294,15,NULL,NULL,3,130,330,NULL,NULL,NULL,NULL,NULL,'00240','<p>original comment by eric</p>',0,0,0,0,'2019-08-27 14:49:35','2019-08-27 14:49:35',NULL,39,3,18),(295,15,NULL,NULL,3,130,330,NULL,NULL,NULL,NULL,NULL,'00241','<p>original comment by eric</p>',0,0,0,0,'2019-08-27 14:49:35','2019-08-27 14:49:35',NULL,39,3,18),(296,15,NULL,NULL,3,130,330,NULL,NULL,NULL,NULL,NULL,'00242','<p>fire comment by eric edit by admin</p>',0,0,1,0,'2019-08-27 14:49:35','2019-08-27 14:49:35',NULL,39,1,18),(297,15,NULL,NULL,3,130,330,NULL,NULL,NULL,NULL,NULL,'00243','<p>comment 2!!!</p>',0,0,0,0,'2019-08-27 14:49:35','2019-08-27 14:49:35',NULL,41,3,20),(298,15,NULL,NULL,3,130,330,NULL,NULL,NULL,NULL,NULL,'00244','<p>comment 1232</p>',0,0,0,0,'2019-08-27 14:49:35','2019-08-27 14:49:35',NULL,41,3,20),(299,15,NULL,NULL,3,130,330,NULL,NULL,NULL,NULL,NULL,'00245','<p>check sheet number</p>',0,0,0,0,'2019-08-27 14:49:35','2019-08-27 14:49:35',NULL,44,3,21),(300,15,NULL,NULL,3,130,330,359,NULL,223,227,NULL,'00246','<p>project level comment</p>',0,0,0,0,'2019-08-27 14:49:35','2019-08-27 14:49:35',NULL,NULL,3,NULL),(301,15,NULL,NULL,3,130,330,359,NULL,223,227,NULL,'00247','<p>project level comment</p>',0,0,0,0,'2019-08-27 14:49:35','2019-08-27 14:49:35',NULL,NULL,3,NULL),(302,15,NULL,NULL,3,130,330,NULL,NULL,NULL,NULL,NULL,'00248','<p>check sheet number</p>',0,0,0,0,'2019-08-27 14:49:35','2019-08-27 14:49:35',NULL,44,3,21),(303,15,NULL,NULL,3,130,330,NULL,NULL,NULL,NULL,NULL,'00249','<p>comment 1232</p>',0,0,0,0,'2019-08-27 14:49:35','2019-08-27 14:49:35',NULL,41,3,20),(304,15,NULL,NULL,3,130,330,NULL,NULL,NULL,NULL,NULL,'00250','<p>comment 2!!!</p>',0,0,0,0,'2019-08-27 14:49:35','2019-08-27 14:49:35',NULL,41,3,20),(305,15,NULL,NULL,3,130,330,NULL,NULL,NULL,NULL,NULL,'00251','<p>fire comment by eric edit by admin</p>',0,0,1,0,'2019-08-27 14:49:35','2019-08-27 14:49:35',NULL,39,1,18),(306,15,NULL,NULL,3,130,330,NULL,NULL,NULL,NULL,NULL,'00252','<p>original comment by eric</p>',0,0,0,0,'2019-08-27 14:49:35','2019-08-27 14:49:35',NULL,39,3,18),(307,15,NULL,NULL,3,130,330,NULL,NULL,NULL,NULL,NULL,'00253','<p>original comment by eric</p>',0,0,0,0,'2019-08-27 14:49:35','2019-08-27 14:49:35',NULL,39,3,18),(308,15,NULL,NULL,3,130,330,NULL,NULL,NULL,NULL,NULL,'00254','<p>fire comment by eric edit by admin</p>',0,0,1,0,'2019-08-27 14:49:35','2019-08-27 14:49:35',NULL,39,1,18),(309,15,NULL,NULL,3,130,330,NULL,NULL,NULL,NULL,NULL,'00255','<p>comment 2!!!</p>',0,0,0,0,'2019-08-27 14:49:35','2019-08-27 14:49:35',NULL,41,3,20),(310,15,NULL,NULL,3,130,330,NULL,NULL,NULL,NULL,NULL,'00256','<p>comment 1232</p>',0,0,0,0,'2019-08-27 14:49:35','2019-08-27 14:49:35',NULL,41,3,20),(311,15,NULL,NULL,3,130,330,NULL,NULL,NULL,NULL,NULL,'00257','<p>check sheet number</p>',0,0,0,0,'2019-08-27 14:49:35','2019-08-27 14:49:35',NULL,44,3,21),(312,15,NULL,NULL,3,130,330,359,NULL,223,227,NULL,'00258','<p>project level comment</p>',0,0,0,0,'2019-08-27 14:49:35','2019-08-27 14:49:35',NULL,NULL,3,NULL),(313,15,NULL,NULL,3,130,330,359,NULL,223,227,NULL,'00259','<p>project level comment</p>',0,0,0,0,'2019-08-27 14:49:35','2019-08-27 14:49:35',NULL,NULL,3,NULL),(314,15,NULL,NULL,3,130,330,NULL,NULL,NULL,NULL,NULL,'00260','<p>check sheet number</p>',0,0,0,0,'2019-08-27 14:49:35','2019-08-27 14:49:35',NULL,44,3,21),(315,15,NULL,NULL,3,130,330,NULL,NULL,NULL,NULL,NULL,'00261','<p>comment 1232</p>',0,0,0,0,'2019-08-27 14:49:35','2019-08-27 14:49:35',NULL,41,3,20),(316,15,NULL,NULL,3,130,330,NULL,NULL,NULL,NULL,NULL,'00262','<p>comment 2!!!</p>',0,0,0,0,'2019-08-27 14:49:35','2019-08-27 14:49:35',NULL,41,3,20),(317,15,NULL,NULL,3,130,330,NULL,NULL,NULL,NULL,NULL,'00263','<p>fire comment by eric edit by admin</p>',0,0,1,0,'2019-08-27 14:49:35','2019-08-27 14:49:35',NULL,39,1,18),(318,15,NULL,NULL,3,130,330,NULL,NULL,NULL,NULL,NULL,'00264','<p>original comment by eric</p>',0,0,0,0,'2019-08-27 14:49:35','2019-08-27 14:49:35',NULL,39,3,18),(319,15,NULL,NULL,3,130,330,NULL,NULL,NULL,NULL,NULL,'00265','<p>original comment by eric</p>',0,0,0,0,'2019-08-27 14:49:35','2019-08-27 14:49:35',NULL,39,3,18),(320,15,NULL,NULL,3,130,330,NULL,NULL,NULL,NULL,NULL,'00266','<p>fire comment by eric edit by admin</p>',0,0,1,0,'2019-08-27 14:49:35','2019-08-27 14:49:35',NULL,39,1,18),(321,15,NULL,NULL,3,130,330,NULL,NULL,NULL,NULL,NULL,'00267','<p>comment 2!!!</p>',0,0,0,0,'2019-08-27 14:49:35','2019-08-27 14:49:35',NULL,41,3,20),(322,15,NULL,NULL,3,130,330,NULL,NULL,NULL,NULL,NULL,'00268','<p>comment 1232</p>',0,0,0,0,'2019-08-27 14:49:35','2019-08-27 14:49:35',NULL,41,3,20),(323,15,NULL,NULL,3,130,330,NULL,NULL,NULL,NULL,NULL,'00269','<p>check sheet number</p>',0,0,0,0,'2019-08-27 14:49:35','2019-08-27 14:49:35',NULL,44,3,21),(324,15,NULL,NULL,3,130,330,359,NULL,223,227,NULL,'00270','<p>project level comment</p>',0,0,0,0,'2019-08-27 14:49:35','2019-08-27 14:49:35',NULL,NULL,3,NULL),(325,15,NULL,NULL,3,130,330,359,NULL,223,227,NULL,'00271','<p>project level comment</p>',0,0,0,0,'2019-08-27 14:49:35','2019-08-27 14:49:35',NULL,NULL,3,NULL),(326,15,NULL,NULL,3,130,330,NULL,NULL,NULL,NULL,NULL,'00272','<p>check sheet number</p>',0,0,0,0,'2019-08-27 14:49:35','2019-08-27 14:49:35',NULL,44,3,21),(327,15,NULL,NULL,3,130,330,NULL,NULL,NULL,NULL,NULL,'00273','<p>comment 1232</p>',0,0,0,0,'2019-08-27 14:49:35','2019-08-27 14:49:35',NULL,41,3,20),(328,15,NULL,NULL,3,130,330,NULL,NULL,NULL,NULL,NULL,'00274','<p>comment 2!!!</p>',0,0,0,0,'2019-08-27 14:49:35','2019-08-27 14:49:35',NULL,41,3,20),(329,15,NULL,NULL,3,130,330,NULL,NULL,NULL,NULL,NULL,'00275','<p>fire comment by eric edit by admin</p>',0,0,1,0,'2019-08-27 14:49:35','2019-08-27 14:49:35',NULL,39,1,18),(330,15,NULL,NULL,3,130,330,NULL,NULL,NULL,NULL,NULL,'00276','<p>original comment by eric</p>',0,0,0,0,'2019-08-27 14:49:35','2019-08-27 14:49:35',NULL,39,3,18),(331,15,NULL,NULL,3,130,330,NULL,NULL,NULL,NULL,NULL,'00277','<p>original comment by eric</p>',0,0,0,0,'2019-08-27 14:49:35','2019-08-27 14:49:35',NULL,39,3,18),(332,15,NULL,NULL,3,130,330,NULL,NULL,NULL,NULL,NULL,'00278','<p>fire comment by eric edit by admin</p>',0,0,1,0,'2019-08-27 14:49:35','2019-08-27 14:49:35',NULL,39,1,18),(333,15,NULL,NULL,3,130,330,NULL,NULL,NULL,NULL,NULL,'00279','<p>comment 2!!!</p>',0,0,0,0,'2019-08-27 14:49:35','2019-08-27 14:49:35',NULL,41,3,20),(334,15,NULL,NULL,3,130,330,NULL,NULL,NULL,NULL,NULL,'00280','<p>comment 1232</p>',0,0,0,0,'2019-08-27 14:49:35','2019-08-27 14:49:35',NULL,41,3,20),(335,15,NULL,NULL,3,130,330,NULL,NULL,NULL,NULL,NULL,'00281','<p>check sheet number</p>',0,0,0,0,'2019-08-27 14:49:35','2019-08-27 14:49:35',NULL,44,3,21),(336,15,NULL,NULL,3,130,330,359,NULL,223,227,NULL,'00282','<p>project level comment</p>',0,0,0,0,'2019-08-27 14:49:35','2019-08-27 14:49:35',NULL,NULL,3,NULL),(337,15,NULL,NULL,3,130,330,359,NULL,223,227,NULL,'00283','<p>project level comment</p>',0,0,0,0,'2019-08-27 14:49:35','2019-08-27 14:49:35',NULL,NULL,3,NULL),(338,15,NULL,NULL,3,130,330,NULL,NULL,NULL,NULL,NULL,'00284','<p>check sheet number</p>',0,0,0,0,'2019-08-27 14:49:35','2019-08-27 14:49:35',NULL,44,3,21),(339,15,NULL,NULL,3,130,330,NULL,NULL,NULL,NULL,NULL,'00285','<p>comment 1232</p>',0,0,0,0,'2019-08-27 14:49:35','2019-08-27 14:49:35',NULL,41,3,20),(340,15,NULL,NULL,3,130,330,NULL,NULL,NULL,NULL,NULL,'00286','<p>comment 2!!!</p>',0,0,0,0,'2019-08-27 14:49:35','2019-08-27 14:49:35',NULL,41,3,20),(341,15,NULL,NULL,3,130,330,NULL,NULL,NULL,NULL,NULL,'00287','<p>fire comment by eric edit by admin</p>',0,0,1,0,'2019-08-27 14:49:35','2019-08-27 14:49:35',NULL,39,1,18),(342,15,NULL,NULL,3,130,330,NULL,NULL,NULL,NULL,NULL,'00288','<p>original comment by eric</p>',0,0,0,0,'2019-08-27 14:49:35','2019-08-27 14:49:35',NULL,39,3,18),(343,15,NULL,NULL,3,130,330,NULL,NULL,NULL,NULL,NULL,'00289','<p>original comment by eric</p>',0,0,0,0,'2019-08-27 14:49:35','2019-08-27 14:49:35',NULL,39,3,18),(344,15,NULL,NULL,3,130,330,NULL,NULL,NULL,NULL,NULL,'00290','<p>fire comment by eric edit by admin</p>',0,0,1,0,'2019-08-27 14:49:35','2019-08-27 14:49:35',NULL,39,1,18),(345,15,NULL,NULL,3,130,330,NULL,NULL,NULL,NULL,NULL,'00291','<p>comment 2!!!</p>',0,0,0,0,'2019-08-27 14:49:35','2019-08-27 14:49:35',NULL,41,3,20),(346,15,NULL,NULL,3,130,330,NULL,NULL,NULL,NULL,NULL,'00292','<p>comment 1232</p>',0,0,0,0,'2019-08-27 14:49:35','2019-08-27 14:49:35',NULL,41,3,20),(347,15,NULL,NULL,3,130,330,NULL,NULL,NULL,NULL,NULL,'00293','<p>check sheet number</p>',0,0,0,0,'2019-08-27 14:49:35','2019-08-27 14:49:35',NULL,44,3,21),(348,15,NULL,NULL,3,130,330,359,NULL,223,227,NULL,'00294','<p>project level comment</p>',0,0,0,0,'2019-08-27 14:49:35','2019-08-27 14:49:35',NULL,NULL,3,NULL),(349,15,NULL,NULL,3,130,330,359,NULL,223,227,NULL,'00295','<p>project level comment</p>',0,0,0,0,'2019-08-27 14:49:35','2019-08-27 14:49:35',NULL,NULL,3,NULL),(350,15,NULL,NULL,3,130,330,NULL,NULL,NULL,NULL,NULL,'00296','<p>check sheet number</p>',0,0,0,0,'2019-08-27 14:49:35','2019-08-27 14:49:35',NULL,44,3,21),(351,15,NULL,NULL,3,130,330,NULL,NULL,NULL,NULL,NULL,'00297','<p>comment 1232</p>',0,0,0,0,'2019-08-27 14:49:35','2019-08-27 14:49:35',NULL,41,3,20),(352,15,NULL,NULL,3,130,330,NULL,NULL,NULL,NULL,NULL,'00298','<p>comment 2!!!</p>',0,0,0,0,'2019-08-27 14:49:35','2019-08-27 14:49:35',NULL,41,3,20),(353,15,NULL,NULL,3,130,330,NULL,NULL,NULL,NULL,NULL,'00299','<p>fire comment by eric edit by admin</p>',0,0,1,0,'2019-08-27 14:49:35','2019-08-27 14:49:35',NULL,39,1,18),(354,15,NULL,NULL,3,130,330,NULL,NULL,NULL,NULL,NULL,'00300','<p>original comment by eric</p>',0,0,0,0,'2019-08-27 14:49:35','2019-08-27 14:49:35',NULL,39,3,18),(355,15,NULL,NULL,3,130,330,NULL,NULL,NULL,NULL,NULL,'00301','<p>original comment by eric</p>',0,0,0,0,'2019-08-27 14:49:35','2019-08-27 14:49:35',NULL,39,3,18),(356,15,NULL,NULL,3,130,330,NULL,NULL,NULL,NULL,NULL,'00302','<p>fire comment by eric edit by admin</p>',0,0,1,0,'2019-08-27 14:49:35','2019-08-27 14:49:35',NULL,39,1,18),(357,15,NULL,NULL,3,130,330,NULL,NULL,NULL,NULL,NULL,'00303','<p>comment 2!!!</p>',0,0,0,0,'2019-08-27 14:49:35','2019-08-27 14:49:35',NULL,41,3,20),(358,15,NULL,NULL,3,130,330,NULL,NULL,NULL,NULL,NULL,'00304','<p>comment 1232</p>',0,0,0,0,'2019-08-27 14:49:35','2019-08-27 14:49:35',NULL,41,3,20),(359,15,NULL,NULL,3,130,330,NULL,NULL,NULL,NULL,NULL,'00305','<p>check sheet number</p>',0,0,0,0,'2019-08-27 14:49:35','2019-08-27 14:49:35',NULL,44,3,21),(360,15,NULL,NULL,3,130,330,359,NULL,223,227,NULL,'00306','<p>project level comment</p>',0,0,0,0,'2019-08-27 14:49:35','2019-08-27 14:49:35',NULL,NULL,3,NULL),(361,15,NULL,NULL,3,130,330,359,NULL,223,227,NULL,'00307','<p>project level comment</p>',0,0,0,0,'2019-08-27 14:49:35','2019-08-27 14:49:35',NULL,NULL,3,NULL),(362,15,NULL,NULL,3,130,330,NULL,NULL,NULL,NULL,NULL,'00308','<p>check sheet number</p>',0,0,0,0,'2019-08-27 14:49:35','2019-08-27 14:49:35',NULL,44,3,21),(363,15,NULL,NULL,3,130,330,NULL,NULL,NULL,NULL,NULL,'00309','<p>comment 1232</p>',0,0,0,0,'2019-08-27 14:49:35','2019-08-27 14:49:35',NULL,41,3,20),(364,15,NULL,NULL,3,130,330,NULL,NULL,NULL,NULL,NULL,'00310','<p>comment 2!!!</p>',0,0,0,0,'2019-08-27 14:49:35','2019-08-27 14:49:35',NULL,41,3,20),(365,15,NULL,NULL,3,130,330,NULL,NULL,NULL,NULL,NULL,'00311','<p>fire comment by eric edit by admin</p>',0,0,1,0,'2019-08-27 14:49:35','2019-08-27 14:49:35',NULL,39,1,18),(366,15,NULL,NULL,3,130,330,NULL,NULL,NULL,NULL,NULL,'00312','<p>original comment by eric</p>',0,0,0,0,'2019-08-27 14:49:35','2019-08-27 14:49:35',NULL,39,3,18),(367,15,NULL,NULL,3,130,330,NULL,NULL,NULL,NULL,NULL,'00313','<p>original comment by eric</p>',0,0,0,0,'2019-08-27 14:49:35','2019-08-27 14:49:35',NULL,39,3,18),(368,15,NULL,NULL,3,130,330,NULL,NULL,NULL,NULL,NULL,'00314','<p>fire comment by eric edit by admin</p>',0,0,1,0,'2019-08-27 14:49:35','2019-08-27 14:49:35',NULL,39,1,18),(369,15,NULL,NULL,3,130,330,NULL,NULL,NULL,NULL,NULL,'00315','<p>comment 2!!!</p>',0,0,0,0,'2019-08-27 14:49:35','2019-08-27 14:49:35',NULL,41,3,20),(370,15,NULL,NULL,3,130,330,NULL,NULL,NULL,NULL,NULL,'00316','<p>comment 1232</p>',0,0,0,0,'2019-08-27 14:49:35','2019-08-27 14:49:35',NULL,41,3,20),(371,15,NULL,NULL,3,130,330,NULL,NULL,NULL,NULL,NULL,'00317','<p>check sheet number</p>',0,0,0,0,'2019-08-27 14:49:35','2019-08-27 14:49:35',NULL,44,3,21),(372,15,NULL,NULL,3,130,330,359,NULL,223,227,NULL,'00318','<p>project level comment</p>',0,0,0,0,'2019-08-27 14:49:35','2019-08-27 14:49:35',NULL,NULL,3,NULL),(373,15,NULL,NULL,3,130,330,359,NULL,223,227,NULL,'00319','<p>project level comment</p>',0,0,0,0,'2019-08-27 14:49:35','2019-08-27 14:49:35',NULL,NULL,3,NULL),(374,15,NULL,NULL,3,130,330,NULL,NULL,NULL,NULL,NULL,'00320','<p>check sheet number</p>',0,0,0,0,'2019-08-27 14:49:35','2019-08-27 14:49:35',NULL,44,3,21),(375,15,NULL,NULL,3,130,330,NULL,NULL,NULL,NULL,NULL,'00321','<p>comment 1232</p>',0,0,0,0,'2019-08-27 14:49:35','2019-08-27 14:49:35',NULL,41,3,20),(376,15,NULL,NULL,3,130,330,NULL,NULL,NULL,NULL,NULL,'00322','<p>comment 2!!!</p>',0,0,0,0,'2019-08-27 14:49:35','2019-08-27 14:49:35',NULL,41,3,20),(377,15,NULL,NULL,3,130,330,NULL,NULL,NULL,NULL,NULL,'00323','<p>fire comment by eric edit by admin</p>',0,0,1,0,'2019-08-27 14:49:35','2019-08-27 14:49:35',NULL,39,1,18),(378,15,NULL,NULL,3,130,330,NULL,NULL,NULL,NULL,NULL,'00324','<p>original comment by eric</p>',0,0,0,0,'2019-08-27 14:49:35','2019-08-27 14:49:35',NULL,39,3,18),(379,15,NULL,NULL,3,130,330,NULL,NULL,NULL,NULL,NULL,'00325','<p>original comment by eric</p>',0,0,0,0,'2019-08-27 14:49:35','2019-08-27 14:49:35',NULL,39,3,18),(380,15,NULL,NULL,3,130,330,NULL,NULL,NULL,NULL,NULL,'00326','<p>fire comment by eric edit by admin</p>',0,0,1,0,'2019-08-27 14:49:35','2019-08-27 14:49:35',NULL,39,1,18),(381,15,NULL,NULL,3,130,330,NULL,NULL,NULL,NULL,NULL,'00327','<p>comment 2!!!</p>',0,0,0,0,'2019-08-27 14:49:35','2019-08-27 14:49:35',NULL,41,3,20),(382,15,NULL,NULL,3,130,330,NULL,NULL,NULL,NULL,NULL,'00328','<p>comment 1232</p>',0,0,0,0,'2019-08-27 14:49:35','2019-08-27 14:49:35',NULL,41,3,20),(383,15,NULL,NULL,3,130,330,NULL,NULL,NULL,NULL,NULL,'00329','<p>check sheet number</p>',0,0,0,0,'2019-08-27 14:49:35','2019-08-27 14:49:35',NULL,44,3,21),(384,15,NULL,NULL,3,130,330,359,NULL,223,227,NULL,'00330','<p>project level comment</p>',0,0,0,0,'2019-08-27 14:49:35','2019-08-27 14:49:35',NULL,NULL,3,NULL),(385,15,NULL,NULL,3,130,330,359,NULL,223,227,NULL,'00331','<p>project level comment</p>',0,0,0,0,'2019-08-27 14:49:35','2019-08-27 14:49:35',NULL,NULL,3,NULL),(386,15,NULL,NULL,3,130,330,NULL,NULL,NULL,NULL,NULL,'00332','<p>check sheet number</p>',0,0,0,0,'2019-08-27 14:49:35','2019-08-27 14:49:35',NULL,44,3,21),(387,15,NULL,NULL,3,130,330,NULL,NULL,NULL,NULL,NULL,'00333','<p>comment 1232</p>',0,0,0,0,'2019-08-27 14:49:35','2019-08-27 14:49:35',NULL,41,3,20),(388,15,NULL,NULL,3,130,330,NULL,NULL,NULL,NULL,NULL,'00334','<p>comment 2!!!</p>',0,0,0,0,'2019-08-27 14:49:35','2019-08-27 14:49:35',NULL,41,3,20),(389,15,NULL,NULL,3,130,330,NULL,NULL,NULL,NULL,NULL,'00335','<p>fire comment by eric edit by admin</p>',0,0,1,0,'2019-08-27 14:49:35','2019-08-27 14:49:35',NULL,39,1,18),(390,15,NULL,NULL,3,130,330,NULL,NULL,NULL,NULL,NULL,'00336','<p>original comment by eric</p>',0,0,0,0,'2019-08-27 14:49:35','2019-08-27 14:49:35',NULL,39,3,18),(391,15,NULL,NULL,3,130,330,NULL,NULL,NULL,NULL,NULL,'00337','<p>original comment by eric</p>',0,0,0,0,'2019-08-27 14:49:35','2019-08-27 14:49:35',NULL,39,3,18),(392,15,NULL,NULL,3,130,330,NULL,NULL,NULL,NULL,NULL,'00338','<p>fire comment by eric edit by admin</p>',0,0,1,0,'2019-08-27 14:49:35','2019-08-27 14:49:35',NULL,39,1,18),(393,15,NULL,NULL,3,130,330,NULL,NULL,NULL,NULL,NULL,'00339','<p>comment 2!!!</p>',0,0,0,0,'2019-08-27 14:49:35','2019-08-27 14:49:35',NULL,41,3,20),(394,15,NULL,NULL,3,130,330,NULL,NULL,NULL,NULL,NULL,'00340','<p>comment 1232</p>',0,0,0,0,'2019-08-27 14:49:35','2019-08-27 14:49:35',NULL,41,3,20),(395,15,NULL,NULL,3,130,330,NULL,NULL,NULL,NULL,NULL,'00341','<p>check sheet number</p>',0,0,0,0,'2019-08-27 14:49:35','2019-08-27 14:49:35',NULL,44,3,21),(396,15,NULL,NULL,3,130,330,359,NULL,223,227,NULL,'00342','<p>project level comment</p>',0,0,0,0,'2019-08-27 14:49:35','2019-08-27 14:49:35',NULL,NULL,3,NULL),(397,15,NULL,NULL,3,130,330,359,NULL,223,227,NULL,'00343','<p>project level comment</p>',0,0,0,0,'2019-08-27 14:49:35','2019-08-27 14:49:35',NULL,NULL,3,NULL),(398,15,NULL,NULL,3,130,330,NULL,NULL,NULL,NULL,NULL,'00344','<p>check sheet number</p>',0,0,0,0,'2019-08-27 14:49:35','2019-08-27 14:49:35',NULL,44,3,21),(399,15,NULL,NULL,3,130,330,NULL,NULL,NULL,NULL,NULL,'00345','<p>comment 1232</p>',0,0,0,0,'2019-08-27 14:49:35','2019-08-27 14:49:35',NULL,41,3,20),(400,15,NULL,NULL,3,130,330,NULL,NULL,NULL,NULL,NULL,'00346','<p>comment 2!!!</p>',0,0,0,0,'2019-08-27 14:49:35','2019-08-27 14:49:35',NULL,41,3,20),(401,15,NULL,NULL,3,130,330,NULL,NULL,NULL,NULL,NULL,'00347','<p>fire comment by eric edit by admin</p>',0,0,1,0,'2019-08-27 14:49:35','2019-08-27 14:49:35',NULL,39,1,18),(402,15,NULL,NULL,3,130,330,NULL,NULL,NULL,NULL,NULL,'00348','<p>original comment by eric</p>',0,0,0,0,'2019-08-27 14:49:35','2019-08-27 14:49:35',NULL,39,3,18),(403,15,NULL,NULL,3,130,330,NULL,NULL,NULL,NULL,NULL,'00349','<p>original comment by eric</p>',0,0,0,0,'2019-08-27 14:49:35','2019-08-27 14:49:35',NULL,39,3,18),(404,15,NULL,NULL,3,130,330,NULL,NULL,NULL,NULL,NULL,'00350','<p>fire comment by eric edit by admin</p>',0,0,1,0,'2019-08-27 14:49:35','2019-08-27 14:49:35',NULL,39,1,18),(405,15,NULL,NULL,3,130,330,NULL,NULL,NULL,NULL,NULL,'00351','<p>comment 2!!!</p>',0,0,0,0,'2019-08-27 14:49:35','2019-08-27 14:49:35',NULL,41,3,20),(406,15,NULL,NULL,3,130,330,NULL,NULL,NULL,NULL,NULL,'00352','<p>comment 1232</p>',0,0,0,0,'2019-08-27 14:49:35','2019-08-27 14:49:35',NULL,41,3,20),(407,15,NULL,NULL,3,130,330,NULL,NULL,NULL,NULL,NULL,'00353','<p>check sheet number</p>',0,0,0,0,'2019-08-27 14:49:35','2019-08-27 14:49:35',NULL,44,3,21),(408,15,NULL,NULL,3,130,330,359,NULL,223,227,NULL,'00354','<p>project level comment</p>',0,0,0,0,'2019-08-27 14:49:35','2019-08-27 14:49:35',NULL,NULL,3,NULL),(409,15,NULL,NULL,3,130,330,359,NULL,223,227,NULL,'00355','<p>project level comment</p>',0,0,0,0,'2019-08-27 14:49:35','2019-08-27 14:49:35',NULL,NULL,3,NULL),(410,15,NULL,NULL,3,130,330,NULL,NULL,NULL,NULL,NULL,'00356','<p>check sheet number</p>',0,0,0,0,'2019-08-27 14:49:35','2019-08-27 14:49:35',NULL,44,3,21),(411,15,NULL,NULL,3,130,330,NULL,NULL,NULL,NULL,NULL,'00357','<p>comment 1232</p>',0,0,0,0,'2019-08-27 14:49:35','2019-08-27 14:49:35',NULL,41,3,20),(412,15,NULL,NULL,3,130,330,NULL,NULL,NULL,NULL,NULL,'00358','<p>comment 2!!!</p>',0,0,0,0,'2019-08-27 14:49:35','2019-08-27 14:49:35',NULL,41,3,20),(413,15,NULL,NULL,3,130,330,NULL,NULL,NULL,NULL,NULL,'00359','<p>fire comment by eric edit by admin</p>',0,0,1,0,'2019-08-27 14:49:35','2019-08-27 14:49:35',NULL,39,1,18),(414,15,NULL,NULL,3,130,330,NULL,NULL,NULL,NULL,NULL,'00360','<p>original comment by eric</p>',0,0,0,0,'2019-08-27 14:49:35','2019-08-27 14:49:35',NULL,39,3,18),(415,15,NULL,NULL,3,130,330,NULL,NULL,NULL,NULL,NULL,'00361','<p>original comment by eric</p>',0,0,0,0,'2019-08-27 14:49:35','2019-08-27 14:49:35',NULL,39,3,18),(416,15,NULL,NULL,3,130,330,NULL,NULL,NULL,NULL,NULL,'00362','<p>fire comment by eric edit by admin</p>',0,0,1,0,'2019-08-27 14:49:35','2019-08-27 14:49:35',NULL,39,1,18),(417,15,NULL,NULL,3,130,330,NULL,NULL,NULL,NULL,NULL,'00363','<p>comment 2!!!</p>',0,0,0,0,'2019-08-27 14:49:35','2019-08-27 14:49:35',NULL,41,3,20),(418,15,NULL,NULL,3,130,330,NULL,NULL,NULL,NULL,NULL,'00364','<p>comment 1232</p>',0,0,0,0,'2019-08-27 14:49:35','2019-08-27 14:49:35',NULL,41,3,20),(419,15,NULL,NULL,3,130,330,NULL,NULL,NULL,NULL,NULL,'00365','<p>check sheet number</p>',0,0,0,0,'2019-08-27 14:49:35','2019-08-27 14:49:35',NULL,44,3,21),(420,15,NULL,NULL,3,130,330,359,NULL,223,227,NULL,'00366','<p>project level comment</p>',0,0,0,0,'2019-08-27 14:49:35','2019-08-27 14:49:35',NULL,NULL,3,NULL),(421,15,NULL,NULL,3,130,330,359,NULL,223,227,NULL,'00367','<p>project level comment</p>',0,0,0,0,'2019-08-27 14:49:35','2019-08-27 14:49:35',NULL,NULL,3,NULL),(422,15,NULL,NULL,3,130,330,NULL,NULL,NULL,NULL,NULL,'00368','<p>check sheet number</p>',0,0,0,0,'2019-08-27 14:49:35','2019-08-27 14:49:35',NULL,44,3,21),(423,15,NULL,NULL,3,130,330,NULL,NULL,NULL,NULL,NULL,'00369','<p>comment 1232</p>',0,0,0,0,'2019-08-27 14:49:35','2019-08-27 14:49:35',NULL,41,3,20),(424,15,NULL,NULL,3,130,330,NULL,NULL,NULL,NULL,NULL,'00370','<p>comment 2!!!</p>',0,0,0,0,'2019-08-27 14:49:35','2019-08-27 14:49:35',NULL,41,3,20),(425,15,NULL,NULL,3,130,330,NULL,NULL,NULL,NULL,NULL,'00371','<p>fire comment by eric edit by admin</p>',0,0,1,0,'2019-08-27 14:49:35','2019-08-27 14:49:35',NULL,39,1,18),(426,15,NULL,NULL,3,130,330,NULL,NULL,NULL,NULL,NULL,'00372','<p>original comment by eric</p>',0,0,0,0,'2019-08-27 14:49:35','2019-08-27 14:49:35',NULL,39,3,18),(427,15,NULL,NULL,3,130,330,NULL,NULL,NULL,NULL,NULL,'00373','<p>original comment by eric</p>',0,0,0,0,'2019-08-27 14:49:35','2019-08-27 14:49:35',NULL,39,3,18),(428,15,NULL,NULL,3,130,330,NULL,NULL,NULL,NULL,NULL,'00374','<p>fire comment by eric edit by admin</p>',0,0,1,0,'2019-08-27 14:49:35','2019-08-27 14:49:35',NULL,39,1,18),(429,15,NULL,NULL,3,130,330,NULL,NULL,NULL,NULL,NULL,'00375','<p>comment 2!!!</p>',0,0,0,0,'2019-08-27 14:49:35','2019-08-27 14:49:35',NULL,41,3,20),(430,15,NULL,NULL,3,130,330,NULL,NULL,NULL,NULL,NULL,'00376','<p>comment 1232</p>',0,0,0,0,'2019-08-27 14:49:35','2019-08-27 14:49:35',NULL,41,3,20),(431,15,NULL,NULL,3,130,330,NULL,NULL,NULL,NULL,NULL,'00377','<p>check sheet number</p>',0,0,0,0,'2019-08-27 14:49:35','2019-08-27 14:49:35',NULL,44,3,21),(432,15,NULL,NULL,3,130,330,359,NULL,223,227,NULL,'00378','<p>project level comment</p>',0,0,0,0,'2019-08-27 14:49:35','2019-08-27 14:49:35',NULL,NULL,3,NULL),(433,15,NULL,NULL,3,130,330,359,NULL,223,227,NULL,'00379','<p>project level comment</p>',0,0,0,0,'2019-08-27 14:49:35','2019-08-27 14:49:35',NULL,NULL,3,NULL),(434,15,NULL,NULL,3,130,330,NULL,NULL,NULL,NULL,NULL,'00380','<p>check sheet number</p>',0,0,0,0,'2019-08-27 14:49:35','2019-08-27 14:49:35',NULL,44,3,21),(435,15,NULL,NULL,3,130,330,NULL,NULL,NULL,NULL,NULL,'00381','<p>comment 1232</p>',0,0,0,0,'2019-08-27 14:49:35','2019-08-27 14:49:35',NULL,41,3,20),(436,15,NULL,NULL,3,130,330,NULL,NULL,NULL,NULL,NULL,'00382','<p>comment 2!!!</p>',0,0,0,0,'2019-08-27 14:49:35','2019-08-27 14:49:35',NULL,41,3,20),(437,15,NULL,NULL,3,130,330,NULL,NULL,NULL,NULL,NULL,'00383','<p>fire comment by eric edit by admin</p>',0,0,1,0,'2019-08-27 14:49:35','2019-08-27 14:49:35',NULL,39,1,18),(438,15,NULL,NULL,3,130,330,NULL,NULL,NULL,NULL,NULL,'00384','<p>original comment by eric</p>',0,0,0,0,'2019-08-27 14:49:35','2019-08-27 14:49:35',NULL,39,3,18),(439,15,NULL,NULL,3,130,330,NULL,NULL,NULL,NULL,NULL,'00385','<div id=\"Content\" style=\"text-align: center;\"><div id=\"Translation\" style=\"text-align: left;\"><h3 style=\"text-align: left;\">The standard Lorem Ipsum passage, used since the 1500s</h3><p style=\"text-align: justify;\">&#34;Lorem ipsum dolor sit amet, consectetur adipiscing elit, sed do eiusmod tempor incididunt ut labore et dolore magna aliqua. Ut enim ad minim veniam, quis nostrud exercitation ullamco laboris nisi ut aliquip ex ea commodo consequat. Duis aute irure dolor in reprehenderit in voluptate velit esse cillum dolore eu fugiat nulla pariatur. Excepteur sint occaecat cupidatat non proident, sunt in culpa qui officia deserunt mollit anim id est laborum.&#34;</p><h3 style=\"text-align: left;\">Section 1.10.32 of &#34;de Finibus Bonorum et Malorum&#34;, written by Cicero in 45 BC</h3><p style=\"text-align: justify;\">&#34;Sed ut perspiciatis unde omnis iste natus error sit voluptatem accusantium doloremque laudantium, totam rem aperiam, eaque ipsa quae ab illo inventore veritatis et quasi architecto beatae vitae dicta sunt explicabo. Nemo enim ipsam voluptatem quia voluptas sit aspernatur aut odit aut fugit, sed quia consequuntur magni dolores eos qui ratione voluptatem sequi nesciunt. Neque porro quisquam est, qui dolorem ipsum quia dolor sit amet, consectetur, adipisci velit, sed quia non numquam eius modi tempora incidunt ut labore et dolore magnam aliquam quaerat voluptatem. Ut enim ad minima veniam, quis nostrum exercitationem ullam corporis suscipit laboriosam, nisi ut aliquid ex ea commodi consequatur? Quis autem vel eum iure reprehenderit qui in ea voluptate velit esse quam nihil molestiae consequatur, vel illum qui dolorem eum fugiat quo voluptas nulla pariatur?&#34;</p><h3 style=\"text-align: left;\">1914 translation by H. Rackham</h3><p style=\"text-align: justify;\">&#34;But I must explain to you how all this mistaken idea of denouncing pleasure and praising pain was born and I will give you a complete account of the system, and expound the actual teachings of the great explorer of the truth, the master-builder of human happiness. No one rejects, dislikes, or avoids pleasure itself, because it is pleasure, but because those who do not know how to pursue pleasure rationally encounter consequences that are extremely painful. Nor again is there anyone who loves or pursues or desires to obtain pain of itself, because it is pain, but because occasionally circumstances occur in which toil and pain can procure him some great pleasure. To take a trivial example, which of us ever undertakes laborious physical exercise, except to obtain some advantage from it? But who has any right to find fault with a man who chooses to enjoy a pleasure that has no annoying consequences, or one who avoids a pain that produces no resultant pleasure?&#34;</p><h3 style=\"text-align: left;\">Section 1.10.33 of &#34;de Finibus Bonorum et Malorum&#34;, written by Cicero in 45 BC</h3><p style=\"text-align: justify;\">&#34;At vero eos et accusamus et iusto odio dignissimos ducimus qui blanditiis praesentium voluptatum deleniti atque corrupti quos dolores et quas molestias excepturi sint occaecati cupiditate non provident, similique sunt in culpa qui officia deserunt mollitia animi, id est laborum et dolorum fuga. Et harum quidem rerum facilis est et expedita distinctio. Nam libero tempore, cum soluta nobis est eligendi optio cumque nihil impedit quo minus id quod maxime placeat facere possimus, omnis voluptas assumenda est, omnis dolor repellendus. Temporibus autem quibusdam et aut officiis debitis aut rerum necessitatibus saepe eveniet ut et voluptates repudiandae sint et molestiae non recusandae. Itaque earum rerum hic tenetur a sapiente delectus, ut aut reiciendis voluptatibus maiores alias consequatur aut perferendis doloribus asperiores repellat.&#34;</p><h3 style=\"text-align: left;\">1914 translation by H. Rackham</h3><p style=\"text-align: justify;\">&#34;On the other hand, we denounce with righteous indignation and dislike men who are so beguiled and demoralized by the charms of pleasure of the moment, so blinded by desire, that they cannot foresee the pain and trouble that are bound to ensue; and equal blame belongs to those who fail in their duty through weakness of will, which is the same as saying through shrinking from toil and pain. These cases are perfectly simple and easy to distinguish. In a free hour, when our power of choice is untrammelled and when nothing prevents our being able to do what we like best, every pleasure is to be welcomed and every pain avoided. But in certain circumstances and owing to the claims of duty or the obligations of business it will frequently occur that pleasures have to be repudiated and annoyances accepted. The wise man therefore always holds in these matters to this principle of selection: he rejects pleasures to secure other greater pleasures, or else he endures pains to avoid worse pains.&#34;</p></div></div><p></p><p><br/></p>',0,0,0,0,'2019-08-27 14:52:10','2019-08-27 14:52:10',NULL,NULL,3,NULL),(440,15,439,NULL,3,130,330,NULL,NULL,NULL,NULL,NULL,'00385','<div id=\"Content\" style=\"text-align: center;\"><div id=\"Translation\" style=\"text-align: left;\"><h3 style=\"text-align: left;\">The standard Lorem Ipsum passage, used since the 1500s</h3><p style=\"text-align: justify;\">&#34;Lorem ipsum dolor sit amet, consectetur adipiscing elit, sed do eiusmod tempor incididunt ut labore et dolore magna aliqua. Ut enim ad minim veniam, quis nostrud exercitation ullamco laboris nisi ut aliquip ex ea commodo consequat. Duis aute irure dolor in reprehenderit in voluptate velit esse cillum dolore eu fugiat nulla pariatur. Excepteur sint occaecat cupidatat non proident, sunt in culpa qui officia deserunt mollit anim id est laborum.&#34;</p><h3 style=\"text-align: left;\">Section 1.10.32 of &#34;de Finibus Bonorum et Malorum&#34;, written by Cicero in 45 BC</h3><p style=\"text-align: justify;\">&#34;Sed ut perspiciatis unde omnis iste natus error sit voluptatem accusantium doloremque laudantium, totam rem aperiam, eaque ipsa quae ab illo inventore veritatis et quasi architecto beatae vitae dicta sunt explicabo. Nemo enim ipsam voluptatem quia voluptas sit aspernatur aut odit aut fugit, sed quia consequuntur magni dolores eos qui ratione voluptatem sequi nesciunt. Neque porro quisquam est, qui dolorem ipsum quia dolor sit amet, consectetur, adipisci velit, sed quia non numquam eius modi tempora incidunt ut labore et dolore magnam aliquam quaerat voluptatem. Ut enim ad minima veniam, quis nostrum exercitationem ullam corporis suscipit laboriosam, nisi ut aliquid ex ea commodi consequatur? Quis autem vel eum iure reprehenderit qui in ea voluptate velit esse quam nihil molestiae consequatur, vel illum qui dolorem eum fugiat quo voluptas nulla pariatur?&#34;</p><h3 style=\"text-align: left;\">1914 translation by H. Rackham</h3><p style=\"text-align: justify;\">&#34;But I must explain to you how all this mistaken idea of denouncing pleasure and praising pain was born and I will give you a complete account of the system, and expound the actual teachings of the great explorer of the truth, the master-builder of human happiness. No one rejects, dislikes, or avoids pleasure itself, because it is pleasure, but because those who do not know how to pursue pleasure rationally encounter consequences that are extremely painful. Nor again is there anyone who loves or pursues or desires to obtain pain of itself, because it is pain, but because occasionally circumstances occur in which toil and pain can procure him some great pleasure. To take a trivial example, which of us ever undertakes laborious physical exercise, except to obtain some advantage from it? But who has any right to find fault with a man who chooses to enjoy a pleasure that has no annoying consequences, or one who avoids a pain that produces no resultant pleasure?&#34;</p><h3 style=\"text-align: left;\">Section 1.10.33 of &#34;de Finibus Bonorum et Malorum&#34;, written by Cicero in 45 BC</h3><p style=\"text-align: justify;\">&#34;At vero eos et accusamus et iusto odio dignissimos ducimus qui blanditiis praesentium voluptatum deleniti atque corrupti quos dolores et quas molestias excepturi sint occaecati cupiditate non provident, similique sunt in culpa qui officia deserunt mollitia animi, id est laborum et dolorum fuga. Et harum quidem rerum facilis est et expedita distinctio. Nam libero tempore, cum soluta nobis est eligendi optio cumque nihil impedit quo minus id quod maxime placeat facere possimus, omnis voluptas assumenda est, omnis dolor repellendus. Temporibus autem quibusdam et aut officiis debitis aut rerum necessitatibus saepe eveniet ut et voluptates repudiandae sint et molestiae non recusandae. Itaque earum rerum hic tenetur a sapiente delectus, ut aut reiciendis voluptatibus maiores alias consequatur aut perferendis doloribus asperiores repellat.&#34;</p><h3 style=\"text-align: left;\">1914 translation by H. Rackham</h3><p style=\"text-align: justify;\">&#34;On the other hand, we denounce with righteous indignation and dislike men who are so beguiled and demoralized by the charms of pleasure of the moment, so blinded by desire, that they cannot foresee the pain and trouble that are bound to ensue; and equal blame belongs to those who fail in their duty through weakness of will, which is the same as saying through shrinking from toil and pain. These cases are perfectly simple and easy to distinguish. In a free hour, when our power of choice is untrammelled and when nothing prevents our being able to do what we like best, every pleasure is to be welcomed and every pain avoided. But in certain circumstances and owing to the claims of duty or the obligations of business it will frequently occur that pleasures have to be repudiated and annoyances accepted. The wise man therefore always holds in these matters to this principle of selection: he rejects pleasures to secure other greater pleasures, or else he endures pains to avoid worse pains.&#34;</p></div></div><p></p><p><br/></p>',0,0,0,0,'2019-08-27 14:52:10','2019-08-27 14:52:10',NULL,NULL,3,NULL),(441,15,NULL,NULL,3,130,330,NULL,NULL,NULL,NULL,NULL,'00386','<div id=\"Content\" style=\"text-align: center;\"><div id=\"Translation\" style=\"text-align: left;\"><h3 style=\"text-align: left;\">The standard Lorem Ipsum passage, used since the 1500s</h3><p style=\"text-align: justify;\">&#34;Lorem ipsum dolor sit amet, consectetur adipiscing elit, sed do eiusmod tempor incididunt ut labore et dolore magna aliqua. Ut enim ad minim veniam, quis nostrud exercitation ullamco laboris nisi ut aliquip ex ea commodo consequat. Duis aute irure dolor in reprehenderit in voluptate velit esse cillum dolore eu fugiat nulla pariatur. Excepteur sint occaecat cupidatat non proident, sunt in culpa qui officia deserunt mollit anim id est laborum.&#34;</p><h3 style=\"text-align: left;\">Section 1.10.32 of &#34;de Finibus Bonorum et Malorum&#34;, written by Cicero in 45 BC</h3><p style=\"text-align: justify;\">&#34;Sed ut perspiciatis unde omnis iste natus error sit voluptatem accusantium doloremque laudantium, totam rem aperiam, eaque ipsa quae ab illo inventore veritatis et quasi architecto beatae vitae dicta sunt explicabo. Nemo enim ipsam voluptatem quia voluptas sit aspernatur aut odit aut fugit, sed quia consequuntur magni dolores eos qui ratione voluptatem sequi nesciunt. Neque porro quisquam est, qui dolorem ipsum quia dolor sit amet, consectetur, adipisci velit, sed quia non numquam eius modi tempora incidunt ut labore et dolore magnam aliquam quaerat voluptatem. Ut enim ad minima veniam, quis nostrum exercitationem ullam corporis suscipit laboriosam, nisi ut aliquid ex ea commodi consequatur? Quis autem vel eum iure reprehenderit qui in ea voluptate velit esse quam nihil molestiae consequatur, vel illum qui dolorem eum fugiat quo voluptas nulla pariatur?&#34;</p><h3 style=\"text-align: left;\">1914 translation by H. Rackham</h3><p style=\"text-align: justify;\">&#34;But I must explain to you how all this mistaken idea of denouncing pleasure and praising pain was born and I will give you a complete account of the system, and expound the actual teachings of the great explorer of the truth, the master-builder of human happiness. No one rejects, dislikes, or avoids pleasure itself, because it is pleasure, but because those who do not know how to pursue pleasure rationally encounter consequences that are extremely painful. Nor again is there anyone who loves or pursues or desires to obtain pain of itself, because it is pain, but because occasionally circumstances occur in which toil and pain can procure him some great pleasure. To take a trivial example, which of us ever undertakes laborious physical exercise, except to obtain some advantage from it? But who has any right to find fault with a man who chooses to enjoy a pleasure that has no annoying consequences, or one who avoids a pain that produces no resultant pleasure?&#34;</p><h3 style=\"text-align: left;\">Section 1.10.33 of &#34;de Finibus Bonorum et Malorum&#34;, written by Cicero in 45 BC</h3><p style=\"text-align: justify;\">&#34;At vero eos et accusamus et iusto odio dignissimos ducimus qui blanditiis praesentium voluptatum deleniti atque corrupti quos dolores et quas molestias excepturi sint occaecati cupiditate non provident, similique sunt in culpa qui officia deserunt mollitia animi, id est laborum et dolorum fuga. Et harum quidem rerum facilis est et expedita distinctio. Nam libero tempore, cum soluta nobis est eligendi optio cumque nihil impedit quo minus id quod maxime placeat facere possimus, omnis voluptas assumenda est, omnis dolor repellendus. Temporibus autem quibusdam et aut officiis debitis aut rerum necessitatibus saepe eveniet ut et voluptates repudiandae sint et molestiae non recusandae. Itaque earum rerum hic tenetur a sapiente delectus, ut aut reiciendis voluptatibus maiores alias consequatur aut perferendis doloribus asperiores repellat.&#34;</p><h3 style=\"text-align: left;\">1914 translation by H. Rackham</h3><p style=\"text-align: justify;\">&#34;On the other hand, we denounce with righteous indignation and dislike men who are so beguiled and demoralized by the charms of pleasure of the moment, so blinded by desire, that they cannot foresee the pain and trouble that are bound to ensue; and equal blame belongs to those who fail in their duty through weakness of will, which is the same as saying through shrinking from toil and pain. These cases are perfectly simple and easy to distinguish. In a free hour, when our power of choice is untrammelled and when nothing prevents our being able to do what we like best, every pleasure is to be welcomed and every pain avoided. But in certain circumstances and owing to the claims of duty or the obligations of business it will frequently occur that pleasures have to be repudiated and annoyances accepted. The wise man therefore always holds in these matters to this principle of selection: he rejects pleasures to secure other greater pleasures, or else he endures pains to avoid worse pains.&#34;</p></div></div><p></p><p><br/></p>',0,0,0,0,'2019-08-27 14:52:18','2019-08-27 14:52:18',NULL,NULL,3,NULL),(442,15,NULL,NULL,3,130,330,NULL,NULL,NULL,NULL,NULL,'00387','<div id=\"Content\" style=\"text-align: center;\"><div id=\"Translation\" style=\"text-align: left;\"><h3 style=\"text-align: left;\">The standard Lorem Ipsum passage, used since the 1500s</h3><p style=\"text-align: justify;\">&#34;Lorem ipsum dolor sit amet, consectetur adipiscing elit, sed do eiusmod tempor incididunt ut labore et dolore magna aliqua. Ut enim ad minim veniam, quis nostrud exercitation ullamco laboris nisi ut aliquip ex ea commodo consequat. Duis aute irure dolor in reprehenderit in voluptate velit esse cillum dolore eu fugiat nulla pariatur. Excepteur sint occaecat cupidatat non proident, sunt in culpa qui officia deserunt mollit anim id est laborum.&#34;</p><h3 style=\"text-align: left;\">Section 1.10.32 of &#34;de Finibus Bonorum et Malorum&#34;, written by Cicero in 45 BC</h3><p style=\"text-align: justify;\">&#34;Sed ut perspiciatis unde omnis iste natus error sit voluptatem accusantium doloremque laudantium, totam rem aperiam, eaque ipsa quae ab illo inventore veritatis et quasi architecto beatae vitae dicta sunt explicabo. Nemo enim ipsam voluptatem quia voluptas sit aspernatur aut odit aut fugit, sed quia consequuntur magni dolores eos qui ratione voluptatem sequi nesciunt. Neque porro quisquam est, qui dolorem ipsum quia dolor sit amet, consectetur, adipisci velit, sed quia non numquam eius modi tempora incidunt ut labore et dolore magnam aliquam quaerat voluptatem. Ut enim ad minima veniam, quis nostrum exercitationem ullam corporis suscipit laboriosam, nisi ut aliquid ex ea commodi consequatur? Quis autem vel eum iure reprehenderit qui in ea voluptate velit esse quam nihil molestiae consequatur, vel illum qui dolorem eum fugiat quo voluptas nulla pariatur?&#34;</p><h3 style=\"text-align: left;\">1914 translation by H. Rackham</h3><p style=\"text-align: justify;\">&#34;But I must explain to you how all this mistaken idea of denouncing pleasure and praising pain was born and I will give you a complete account of the system, and expound the actual teachings of the great explorer of the truth, the master-builder of human happiness. No one rejects, dislikes, or avoids pleasure itself, because it is pleasure, but because those who do not know how to pursue pleasure rationally encounter consequences that are extremely painful. Nor again is there anyone who loves or pursues or desires to obtain pain of itself, because it is pain, but because occasionally circumstances occur in which toil and pain can procure him some great pleasure. To take a trivial example, which of us ever undertakes laborious physical exercise, except to obtain some advantage from it? But who has any right to find fault with a man who chooses to enjoy a pleasure that has no annoying consequences, or one who avoids a pain that produces no resultant pleasure?&#34;</p><h3 style=\"text-align: left;\">Section 1.10.33 of &#34;de Finibus Bonorum et Malorum&#34;, written by Cicero in 45 BC</h3><p style=\"text-align: justify;\">&#34;At vero eos et accusamus et iusto odio dignissimos ducimus qui blanditiis praesentium voluptatum deleniti atque corrupti quos dolores et quas molestias excepturi sint occaecati cupiditate non provident, similique sunt in culpa qui officia deserunt mollitia animi, id est laborum et dolorum fuga. Et harum quidem rerum facilis est et expedita distinctio. Nam libero tempore, cum soluta nobis est eligendi optio cumque nihil impedit quo minus id quod maxime placeat facere possimus, omnis voluptas assumenda est, omnis dolor repellendus. Temporibus autem quibusdam et aut officiis debitis aut rerum necessitatibus saepe eveniet ut et voluptates repudiandae sint et molestiae non recusandae. Itaque earum rerum hic tenetur a sapiente delectus, ut aut reiciendis voluptatibus maiores alias consequatur aut perferendis doloribus asperiores repellat.&#34;</p><h3 style=\"text-align: left;\">1914 translation by H. Rackham</h3><p style=\"text-align: justify;\">&#34;On the other hand, we denounce with righteous indignation and dislike men who are so beguiled and demoralized by the charms of pleasure of the moment, so blinded by desire, that they cannot foresee the pain and trouble that are bound to ensue; and equal blame belongs to those who fail in their duty through weakness of will, which is the same as saying through shrinking from toil and pain. These cases are perfectly simple and easy to distinguish. In a free hour, when our power of choice is untrammelled and when nothing prevents our being able to do what we like best, every pleasure is to be welcomed and every pain avoided. But in certain circumstances and owing to the claims of duty or the obligations of business it will frequently occur that pleasures have to be repudiated and annoyances accepted. The wise man therefore always holds in these matters to this principle of selection: he rejects pleasures to secure other greater pleasures, or else he endures pains to avoid worse pains.&#34;</p></div></div><p></p><p><br/></p>',0,0,0,0,'2019-08-27 14:52:25','2019-08-27 14:52:25',NULL,NULL,3,NULL),(443,15,NULL,NULL,3,130,330,NULL,NULL,NULL,NULL,NULL,'00388','<div id=\"Content\" style=\"text-align: center;\"><div id=\"Translation\" style=\"text-align: left;\"><h3 style=\"text-align: left;\">The standard Lorem Ipsum passage, used since the 1500s</h3><p style=\"text-align: justify;\">&#34;Lorem ipsum dolor sit amet, consectetur adipiscing elit, sed do eiusmod tempor incididunt ut labore et dolore magna aliqua. Ut enim ad minim veniam, quis nostrud exercitation ullamco laboris nisi ut aliquip ex ea commodo consequat. Duis aute irure dolor in reprehenderit in voluptate velit esse cillum dolore eu fugiat nulla pariatur. Excepteur sint occaecat cupidatat non proident, sunt in culpa qui officia deserunt mollit anim id est laborum.&#34;</p><h3 style=\"text-align: left;\">Section 1.10.32 of &#34;de Finibus Bonorum et Malorum&#34;, written by Cicero in 45 BC</h3><p style=\"text-align: justify;\">&#34;Sed ut perspiciatis unde omnis iste natus error sit voluptatem accusantium doloremque laudantium, totam rem aperiam, eaque ipsa quae ab illo inventore veritatis et quasi architecto beatae vitae dicta sunt explicabo. Nemo enim ipsam voluptatem quia voluptas sit aspernatur aut odit aut fugit, sed quia consequuntur magni dolores eos qui ratione voluptatem sequi nesciunt. Neque porro quisquam est, qui dolorem ipsum quia dolor sit amet, consectetur, adipisci velit, sed quia non numquam eius modi tempora incidunt ut labore et dolore magnam aliquam quaerat voluptatem. Ut enim ad minima veniam, quis nostrum exercitationem ullam corporis suscipit laboriosam, nisi ut aliquid ex ea commodi consequatur? Quis autem vel eum iure reprehenderit qui in ea voluptate velit esse quam nihil molestiae consequatur, vel illum qui dolorem eum fugiat quo voluptas nulla pariatur?&#34;</p><h3 style=\"text-align: left;\">1914 translation by H. Rackham</h3><p style=\"text-align: justify;\">&#34;But I must explain to you how all this mistaken idea of denouncing pleasure and praising pain was born and I will give you a complete account of the system, and expound the actual teachings of the great explorer of the truth, the master-builder of human happiness. No one rejects, dislikes, or avoids pleasure itself, because it is pleasure, but because those who do not know how to pursue pleasure rationally encounter consequences that are extremely painful. Nor again is there anyone who loves or pursues or desires to obtain pain of itself, because it is pain, but because occasionally circumstances occur in which toil and pain can procure him some great pleasure. To take a trivial example, which of us ever undertakes laborious physical exercise, except to obtain some advantage from it? But who has any right to find fault with a man who chooses to enjoy a pleasure that has no annoying consequences, or one who avoids a pain that produces no resultant pleasure?&#34;</p><h3 style=\"text-align: left;\">Section 1.10.33 of &#34;de Finibus Bonorum et Malorum&#34;, written by Cicero in 45 BC</h3><p style=\"text-align: justify;\">&#34;At vero eos et accusamus et iusto odio dignissimos ducimus qui blanditiis praesentium voluptatum deleniti atque corrupti quos dolores et quas molestias excepturi sint occaecati cupiditate non provident, similique sunt in culpa qui officia deserunt mollitia animi, id est laborum et dolorum fuga. Et harum quidem rerum facilis est et expedita distinctio. Nam libero tempore, cum soluta nobis est eligendi optio cumque nihil impedit quo minus id quod maxime placeat facere possimus, omnis voluptas assumenda est, omnis dolor repellendus. Temporibus autem quibusdam et aut officiis debitis aut rerum necessitatibus saepe eveniet ut et voluptates repudiandae sint et molestiae non recusandae. Itaque earum rerum hic tenetur a sapiente delectus, ut aut reiciendis voluptatibus maiores alias consequatur aut perferendis doloribus asperiores repellat.&#34;</p><h3 style=\"text-align: left;\">1914 translation by H. Rackham</h3><p style=\"text-align: justify;\">&#34;On the other hand, we denounce with righteous indignation and dislike men who are so beguiled and demoralized by the charms of pleasure of the moment, so blinded by desire, that they cannot foresee the pain and trouble that are bound to ensue; and equal blame belongs to those who fail in their duty through weakness of will, which is the same as saying through shrinking from toil and pain. These cases are perfectly simple and easy to distinguish. In a free hour, when our power of choice is untrammelled and when nothing prevents our being able to do what we like best, every pleasure is to be welcomed and every pain avoided. But in certain circumstances and owing to the claims of duty or the obligations of business it will frequently occur that pleasures have to be repudiated and annoyances accepted. The wise man therefore always holds in these matters to this principle of selection: he rejects pleasures to secure other greater pleasures, or else he endures pains to avoid worse pains.&#34;</p></div></div><p></p><p><br/></p>',0,0,0,0,'2019-08-27 14:52:25','2019-08-27 14:52:25',NULL,NULL,3,NULL),(444,15,NULL,NULL,3,130,330,NULL,NULL,NULL,NULL,NULL,'00389','<div id=\"Content\" style=\"text-align: center;\"><div id=\"Translation\" style=\"text-align: left;\"><h3 style=\"text-align: left;\">The standard Lorem Ipsum passage, used since the 1500s</h3><p style=\"text-align: justify;\">&#34;Lorem ipsum dolor sit amet, consectetur adipiscing elit, sed do eiusmod tempor incididunt ut labore et dolore magna aliqua. Ut enim ad minim veniam, quis nostrud exercitation ullamco laboris nisi ut aliquip ex ea commodo consequat. Duis aute irure dolor in reprehenderit in voluptate velit esse cillum dolore eu fugiat nulla pariatur. Excepteur sint occaecat cupidatat non proident, sunt in culpa qui officia deserunt mollit anim id est laborum.&#34;</p><h3 style=\"text-align: left;\">Section 1.10.32 of &#34;de Finibus Bonorum et Malorum&#34;, written by Cicero in 45 BC</h3><p style=\"text-align: justify;\">&#34;Sed ut perspiciatis unde omnis iste natus error sit voluptatem accusantium doloremque laudantium, totam rem aperiam, eaque ipsa quae ab illo inventore veritatis et quasi architecto beatae vitae dicta sunt explicabo. Nemo enim ipsam voluptatem quia voluptas sit aspernatur aut odit aut fugit, sed quia consequuntur magni dolores eos qui ratione voluptatem sequi nesciunt. Neque porro quisquam est, qui dolorem ipsum quia dolor sit amet, consectetur, adipisci velit, sed quia non numquam eius modi tempora incidunt ut labore et dolore magnam aliquam quaerat voluptatem. Ut enim ad minima veniam, quis nostrum exercitationem ullam corporis suscipit laboriosam, nisi ut aliquid ex ea commodi consequatur? Quis autem vel eum iure reprehenderit qui in ea voluptate velit esse quam nihil molestiae consequatur, vel illum qui dolorem eum fugiat quo voluptas nulla pariatur?&#34;</p><h3 style=\"text-align: left;\">1914 translation by H. Rackham</h3><p style=\"text-align: justify;\">&#34;But I must explain to you how all this mistaken idea of denouncing pleasure and praising pain was born and I will give you a complete account of the system, and expound the actual teachings of the great explorer of the truth, the master-builder of human happiness. No one rejects, dislikes, or avoids pleasure itself, because it is pleasure, but because those who do not know how to pursue pleasure rationally encounter consequences that are extremely painful. Nor again is there anyone who loves or pursues or desires to obtain pain of itself, because it is pain, but because occasionally circumstances occur in which toil and pain can procure him some great pleasure. To take a trivial example, which of us ever undertakes laborious physical exercise, except to obtain some advantage from it? But who has any right to find fault with a man who chooses to enjoy a pleasure that has no annoying consequences, or one who avoids a pain that produces no resultant pleasure?&#34;</p><h3 style=\"text-align: left;\">Section 1.10.33 of &#34;de Finibus Bonorum et Malorum&#34;, written by Cicero in 45 BC</h3><p style=\"text-align: justify;\">&#34;At vero eos et accusamus et iusto odio dignissimos ducimus qui blanditiis praesentium voluptatum deleniti atque corrupti quos dolores et quas molestias excepturi sint occaecati cupiditate non provident, similique sunt in culpa qui officia deserunt mollitia animi, id est laborum et dolorum fuga. Et harum quidem rerum facilis est et expedita distinctio. Nam libero tempore, cum soluta nobis est eligendi optio cumque nihil impedit quo minus id quod maxime placeat facere possimus, omnis voluptas assumenda est, omnis dolor repellendus. Temporibus autem quibusdam et aut officiis debitis aut rerum necessitatibus saepe eveniet ut et voluptates repudiandae sint et molestiae non recusandae. Itaque earum rerum hic tenetur a sapiente delectus, ut aut reiciendis voluptatibus maiores alias consequatur aut perferendis doloribus asperiores repellat.&#34;</p><h3 style=\"text-align: left;\">1914 translation by H. Rackham</h3><p style=\"text-align: justify;\">&#34;On the other hand, we denounce with righteous indignation and dislike men who are so beguiled and demoralized by the charms of pleasure of the moment, so blinded by desire, that they cannot foresee the pain and trouble that are bound to ensue; and equal blame belongs to those who fail in their duty through weakness of will, which is the same as saying through shrinking from toil and pain. These cases are perfectly simple and easy to distinguish. In a free hour, when our power of choice is untrammelled and when nothing prevents our being able to do what we like best, every pleasure is to be welcomed and every pain avoided. But in certain circumstances and owing to the claims of duty or the obligations of business it will frequently occur that pleasures have to be repudiated and annoyances accepted. The wise man therefore always holds in these matters to this principle of selection: he rejects pleasures to secure other greater pleasures, or else he endures pains to avoid worse pains.&#34;</p></div></div><p></p><p><br/></p>',0,0,0,0,'2019-08-27 14:52:37','2019-08-27 14:52:37',NULL,NULL,3,NULL),(445,15,NULL,NULL,3,130,330,NULL,NULL,NULL,NULL,NULL,'00390','<div id=\"Content\" style=\"text-align: center;\"><div id=\"Translation\" style=\"text-align: left;\"><h3 style=\"text-align: left;\">The standard Lorem Ipsum passage, used since the 1500s</h3><p style=\"text-align: justify;\">&#34;Lorem ipsum dolor sit amet, consectetur adipiscing elit, sed do eiusmod tempor incididunt ut labore et dolore magna aliqua. Ut enim ad minim veniam, quis nostrud exercitation ullamco laboris nisi ut aliquip ex ea commodo consequat. Duis aute irure dolor in reprehenderit in voluptate velit esse cillum dolore eu fugiat nulla pariatur. Excepteur sint occaecat cupidatat non proident, sunt in culpa qui officia deserunt mollit anim id est laborum.&#34;</p><h3 style=\"text-align: left;\">Section 1.10.32 of &#34;de Finibus Bonorum et Malorum&#34;, written by Cicero in 45 BC</h3><p style=\"text-align: justify;\">&#34;Sed ut perspiciatis unde omnis iste natus error sit voluptatem accusantium doloremque laudantium, totam rem aperiam, eaque ipsa quae ab illo inventore veritatis et quasi architecto beatae vitae dicta sunt explicabo. Nemo enim ipsam voluptatem quia voluptas sit aspernatur aut odit aut fugit, sed quia consequuntur magni dolores eos qui ratione voluptatem sequi nesciunt. Neque porro quisquam est, qui dolorem ipsum quia dolor sit amet, consectetur, adipisci velit, sed quia non numquam eius modi tempora incidunt ut labore et dolore magnam aliquam quaerat voluptatem. Ut enim ad minima veniam, quis nostrum exercitationem ullam corporis suscipit laboriosam, nisi ut aliquid ex ea commodi consequatur? Quis autem vel eum iure reprehenderit qui in ea voluptate velit esse quam nihil molestiae consequatur, vel illum qui dolorem eum fugiat quo voluptas nulla pariatur?&#34;</p><h3 style=\"text-align: left;\">1914 translation by H. Rackham</h3><p style=\"text-align: justify;\">&#34;But I must explain to you how all this mistaken idea of denouncing pleasure and praising pain was born and I will give you a complete account of the system, and expound the actual teachings of the great explorer of the truth, the master-builder of human happiness. No one rejects, dislikes, or avoids pleasure itself, because it is pleasure, but because those who do not know how to pursue pleasure rationally encounter consequences that are extremely painful. Nor again is there anyone who loves or pursues or desires to obtain pain of itself, because it is pain, but because occasionally circumstances occur in which toil and pain can procure him some great pleasure. To take a trivial example, which of us ever undertakes laborious physical exercise, except to obtain some advantage from it? But who has any right to find fault with a man who chooses to enjoy a pleasure that has no annoying consequences, or one who avoids a pain that produces no resultant pleasure?&#34;</p><h3 style=\"text-align: left;\">Section 1.10.33 of &#34;de Finibus Bonorum et Malorum&#34;, written by Cicero in 45 BC</h3><p style=\"text-align: justify;\">&#34;At vero eos et accusamus et iusto odio dignissimos ducimus qui blanditiis praesentium voluptatum deleniti atque corrupti quos dolores et quas molestias excepturi sint occaecati cupiditate non provident, similique sunt in culpa qui officia deserunt mollitia animi, id est laborum et dolorum fuga. Et harum quidem rerum facilis est et expedita distinctio. Nam libero tempore, cum soluta nobis est eligendi optio cumque nihil impedit quo minus id quod maxime placeat facere possimus, omnis voluptas assumenda est, omnis dolor repellendus. Temporibus autem quibusdam et aut officiis debitis aut rerum necessitatibus saepe eveniet ut et voluptates repudiandae sint et molestiae non recusandae. Itaque earum rerum hic tenetur a sapiente delectus, ut aut reiciendis voluptatibus maiores alias consequatur aut perferendis doloribus asperiores repellat.&#34;</p><h3 style=\"text-align: left;\">1914 translation by H. Rackham</h3><p style=\"text-align: justify;\">&#34;On the other hand, we denounce with righteous indignation and dislike men who are so beguiled and demoralized by the charms of pleasure of the moment, so blinded by desire, that they cannot foresee the pain and trouble that are bound to ensue; and equal blame belongs to those who fail in their duty through weakness of will, which is the same as saying through shrinking from toil and pain. These cases are perfectly simple and easy to distinguish. In a free hour, when our power of choice is untrammelled and when nothing prevents our being able to do what we like best, every pleasure is to be welcomed and every pain avoided. But in certain circumstances and owing to the claims of duty or the obligations of business it will frequently occur that pleasures have to be repudiated and annoyances accepted. The wise man therefore always holds in these matters to this principle of selection: he rejects pleasures to secure other greater pleasures, or else he endures pains to avoid worse pains.&#34;</p></div></div><p></p><p><br/></p>',0,0,0,0,'2019-08-27 14:52:37','2019-08-27 14:52:37',NULL,NULL,3,NULL),(446,15,NULL,NULL,3,130,330,NULL,NULL,NULL,NULL,NULL,'00391','<div id=\"Content\" style=\"text-align: center;\"><div id=\"Translation\" style=\"text-align: left;\"><h3 style=\"text-align: left;\">The standard Lorem Ipsum passage, used since the 1500s</h3><p style=\"text-align: justify;\">&#34;Lorem ipsum dolor sit amet, consectetur adipiscing elit, sed do eiusmod tempor incididunt ut labore et dolore magna aliqua. Ut enim ad minim veniam, quis nostrud exercitation ullamco laboris nisi ut aliquip ex ea commodo consequat. Duis aute irure dolor in reprehenderit in voluptate velit esse cillum dolore eu fugiat nulla pariatur. Excepteur sint occaecat cupidatat non proident, sunt in culpa qui officia deserunt mollit anim id est laborum.&#34;</p><h3 style=\"text-align: left;\">Section 1.10.32 of &#34;de Finibus Bonorum et Malorum&#34;, written by Cicero in 45 BC</h3><p style=\"text-align: justify;\">&#34;Sed ut perspiciatis unde omnis iste natus error sit voluptatem accusantium doloremque laudantium, totam rem aperiam, eaque ipsa quae ab illo inventore veritatis et quasi architecto beatae vitae dicta sunt explicabo. Nemo enim ipsam voluptatem quia voluptas sit aspernatur aut odit aut fugit, sed quia consequuntur magni dolores eos qui ratione voluptatem sequi nesciunt. Neque porro quisquam est, qui dolorem ipsum quia dolor sit amet, consectetur, adipisci velit, sed quia non numquam eius modi tempora incidunt ut labore et dolore magnam aliquam quaerat voluptatem. Ut enim ad minima veniam, quis nostrum exercitationem ullam corporis suscipit laboriosam, nisi ut aliquid ex ea commodi consequatur? Quis autem vel eum iure reprehenderit qui in ea voluptate velit esse quam nihil molestiae consequatur, vel illum qui dolorem eum fugiat quo voluptas nulla pariatur?&#34;</p><h3 style=\"text-align: left;\">1914 translation by H. Rackham</h3><p style=\"text-align: justify;\">&#34;But I must explain to you how all this mistaken idea of denouncing pleasure and praising pain was born and I will give you a complete account of the system, and expound the actual teachings of the great explorer of the truth, the master-builder of human happiness. No one rejects, dislikes, or avoids pleasure itself, because it is pleasure, but because those who do not know how to pursue pleasure rationally encounter consequences that are extremely painful. Nor again is there anyone who loves or pursues or desires to obtain pain of itself, because it is pain, but because occasionally circumstances occur in which toil and pain can procure him some great pleasure. To take a trivial example, which of us ever undertakes laborious physical exercise, except to obtain some advantage from it? But who has any right to find fault with a man who chooses to enjoy a pleasure that has no annoying consequences, or one who avoids a pain that produces no resultant pleasure?&#34;</p><h3 style=\"text-align: left;\">Section 1.10.33 of &#34;de Finibus Bonorum et Malorum&#34;, written by Cicero in 45 BC</h3><p style=\"text-align: justify;\">&#34;At vero eos et accusamus et iusto odio dignissimos ducimus qui blanditiis praesentium voluptatum deleniti atque corrupti quos dolores et quas molestias excepturi sint occaecati cupiditate non provident, similique sunt in culpa qui officia deserunt mollitia animi, id est laborum et dolorum fuga. Et harum quidem rerum facilis est et expedita distinctio. Nam libero tempore, cum soluta nobis est eligendi optio cumque nihil impedit quo minus id quod maxime placeat facere possimus, omnis voluptas assumenda est, omnis dolor repellendus. Temporibus autem quibusdam et aut officiis debitis aut rerum necessitatibus saepe eveniet ut et voluptates repudiandae sint et molestiae non recusandae. Itaque earum rerum hic tenetur a sapiente delectus, ut aut reiciendis voluptatibus maiores alias consequatur aut perferendis doloribus asperiores repellat.&#34;</p><h3 style=\"text-align: left;\">1914 translation by H. Rackham</h3><p style=\"text-align: justify;\">&#34;On the other hand, we denounce with righteous indignation and dislike men who are so beguiled and demoralized by the charms of pleasure of the moment, so blinded by desire, that they cannot foresee the pain and trouble that are bound to ensue; and equal blame belongs to those who fail in their duty through weakness of will, which is the same as saying through shrinking from toil and pain. These cases are perfectly simple and easy to distinguish. In a free hour, when our power of choice is untrammelled and when nothing prevents our being able to do what we like best, every pleasure is to be welcomed and every pain avoided. But in certain circumstances and owing to the claims of duty or the obligations of business it will frequently occur that pleasures have to be repudiated and annoyances accepted. The wise man therefore always holds in these matters to this principle of selection: he rejects pleasures to secure other greater pleasures, or else he endures pains to avoid worse pains.&#34;</p></div></div><p></p><p><br/></p>',0,0,0,0,'2019-08-27 14:52:37','2019-08-27 14:52:37',NULL,NULL,3,NULL),(447,15,NULL,NULL,3,130,330,NULL,NULL,NULL,NULL,NULL,'00392','<div id=\"Content\" style=\"text-align: center;\"><div id=\"Translation\" style=\"text-align: left;\"><h3 style=\"text-align: left;\">The standard Lorem Ipsum passage, used since the 1500s</h3><p style=\"text-align: justify;\">&#34;Lorem ipsum dolor sit amet, consectetur adipiscing elit, sed do eiusmod tempor incididunt ut labore et dolore magna aliqua. Ut enim ad minim veniam, quis nostrud exercitation ullamco laboris nisi ut aliquip ex ea commodo consequat. Duis aute irure dolor in reprehenderit in voluptate velit esse cillum dolore eu fugiat nulla pariatur. Excepteur sint occaecat cupidatat non proident, sunt in culpa qui officia deserunt mollit anim id est laborum.&#34;</p><h3 style=\"text-align: left;\">Section 1.10.32 of &#34;de Finibus Bonorum et Malorum&#34;, written by Cicero in 45 BC</h3><p style=\"text-align: justify;\">&#34;Sed ut perspiciatis unde omnis iste natus error sit voluptatem accusantium doloremque laudantium, totam rem aperiam, eaque ipsa quae ab illo inventore veritatis et quasi architecto beatae vitae dicta sunt explicabo. Nemo enim ipsam voluptatem quia voluptas sit aspernatur aut odit aut fugit, sed quia consequuntur magni dolores eos qui ratione voluptatem sequi nesciunt. Neque porro quisquam est, qui dolorem ipsum quia dolor sit amet, consectetur, adipisci velit, sed quia non numquam eius modi tempora incidunt ut labore et dolore magnam aliquam quaerat voluptatem. Ut enim ad minima veniam, quis nostrum exercitationem ullam corporis suscipit laboriosam, nisi ut aliquid ex ea commodi consequatur? Quis autem vel eum iure reprehenderit qui in ea voluptate velit esse quam nihil molestiae consequatur, vel illum qui dolorem eum fugiat quo voluptas nulla pariatur?&#34;</p><h3 style=\"text-align: left;\">1914 translation by H. Rackham</h3><p style=\"text-align: justify;\">&#34;But I must explain to you how all this mistaken idea of denouncing pleasure and praising pain was born and I will give you a complete account of the system, and expound the actual teachings of the great explorer of the truth, the master-builder of human happiness. No one rejects, dislikes, or avoids pleasure itself, because it is pleasure, but because those who do not know how to pursue pleasure rationally encounter consequences that are extremely painful. Nor again is there anyone who loves or pursues or desires to obtain pain of itself, because it is pain, but because occasionally circumstances occur in which toil and pain can procure him some great pleasure. To take a trivial example, which of us ever undertakes laborious physical exercise, except to obtain some advantage from it? But who has any right to find fault with a man who chooses to enjoy a pleasure that has no annoying consequences, or one who avoids a pain that produces no resultant pleasure?&#34;</p><h3 style=\"text-align: left;\">Section 1.10.33 of &#34;de Finibus Bonorum et Malorum&#34;, written by Cicero in 45 BC</h3><p style=\"text-align: justify;\">&#34;At vero eos et accusamus et iusto odio dignissimos ducimus qui blanditiis praesentium voluptatum deleniti atque corrupti quos dolores et quas molestias excepturi sint occaecati cupiditate non provident, similique sunt in culpa qui officia deserunt mollitia animi, id est laborum et dolorum fuga. Et harum quidem rerum facilis est et expedita distinctio. Nam libero tempore, cum soluta nobis est eligendi optio cumque nihil impedit quo minus id quod maxime placeat facere possimus, omnis voluptas assumenda est, omnis dolor repellendus. Temporibus autem quibusdam et aut officiis debitis aut rerum necessitatibus saepe eveniet ut et voluptates repudiandae sint et molestiae non recusandae. Itaque earum rerum hic tenetur a sapiente delectus, ut aut reiciendis voluptatibus maiores alias consequatur aut perferendis doloribus asperiores repellat.&#34;</p><h3 style=\"text-align: left;\">1914 translation by H. Rackham</h3><p style=\"text-align: justify;\">&#34;On the other hand, we denounce with righteous indignation and dislike men who are so beguiled and demoralized by the charms of pleasure of the moment, so blinded by desire, that they cannot foresee the pain and trouble that are bound to ensue; and equal blame belongs to those who fail in their duty through weakness of will, which is the same as saying through shrinking from toil and pain. These cases are perfectly simple and easy to distinguish. In a free hour, when our power of choice is untrammelled and when nothing prevents our being able to do what we like best, every pleasure is to be welcomed and every pain avoided. But in certain circumstances and owing to the claims of duty or the obligations of business it will frequently occur that pleasures have to be repudiated and annoyances accepted. The wise man therefore always holds in these matters to this principle of selection: he rejects pleasures to secure other greater pleasures, or else he endures pains to avoid worse pains.&#34;</p></div></div><p></p><p><br/></p>',0,0,0,0,'2019-08-27 14:52:37','2019-08-27 14:52:37',NULL,NULL,3,NULL),(448,15,52,NULL,3,131,331,NULL,NULL,NULL,NULL,NULL,'00003','<p>comment 2!!!</p>',0,0,0,0,'2019-08-27 22:00:29','2019-08-27 22:00:29',NULL,41,3,20),(449,15,54,NULL,3,131,331,NULL,NULL,NULL,NULL,NULL,'00004','<p>comment 1232</p>',0,0,0,0,'2019-08-27 22:00:35','2019-08-27 22:00:35',NULL,41,3,20);
/*!40000 ALTER TABLE `Comments` ENABLE KEYS */;
UNLOCK TABLES;

--
-- Table structure for table `Counters`
--

DROP TABLE IF EXISTS `Counters`;
/*!40101 SET @saved_cs_client     = @@character_set_client */;
/*!40101 SET character_set_client = utf8 */;
CREATE TABLE `Counters` (
  `id` int(10) unsigned NOT NULL AUTO_INCREMENT,
  `assetName` varchar(255) NOT NULL,
  `label` varchar(255) DEFAULT NULL,
  `vendor_id` varchar(50) DEFAULT NULL,
  `project_id` int(10) unsigned NOT NULL,
  `createdAt` datetime NOT NULL DEFAULT CURRENT_TIMESTAMP,
  `updatedAt` datetime NOT NULL DEFAULT CURRENT_TIMESTAMP,
  `deletedAt` datetime DEFAULT NULL,
  PRIMARY KEY (`id`),
  UNIQUE KEY `asset_projectId_UNIQUE` (`assetName`,`project_id`),
  UNIQUE KEY `vendor_id` (`vendor_id`),
  UNIQUE KEY `vendor_id_UNIQUE` (`vendor_id`),
  KEY `fk_project_id_idx` (`project_id`),
  CONSTRAINT `counters_ibfk_1` FOREIGN KEY (`project_id`) REFERENCES `Projects` (`id`)
) ENGINE=InnoDB AUTO_INCREMENT=19 DEFAULT CHARSET=latin1;
/*!40101 SET character_set_client = @saved_cs_client */;

--
-- Dumping data for table `Counters`
--

LOCK TABLES `Counters` WRITE;
/*!40000 ALTER TABLE `Counters` DISABLE KEYS */;
INSERT INTO `Counters` VALUES (1,'A',NULL,NULL,4,'2019-07-29 21:55:40','2019-07-29 21:55:40',NULL),(2,'C',NULL,NULL,4,'2019-07-29 22:45:08','2019-07-29 22:45:08',NULL),(3,'A',NULL,NULL,5,'2019-07-29 23:08:58','2019-07-29 23:08:58',NULL),(4,'B',NULL,NULL,5,'2019-07-29 23:10:15','2019-07-29 23:10:15',NULL),(5,'E',NULL,NULL,7,'2019-07-30 17:29:16','2019-07-30 17:29:16',NULL),(6,'A','sprinkler',NULL,8,'2019-07-31 20:49:32','2019-07-31 21:11:01',NULL),(7,'C',NULL,NULL,8,'2019-07-31 20:49:32','2019-07-31 20:49:32',NULL),(8,'E',NULL,NULL,8,'2019-07-31 20:51:20','2019-07-31 20:51:20',NULL),(9,'B','windows',NULL,8,'2019-07-31 20:55:29','2019-07-31 21:11:01',NULL),(10,'F',NULL,NULL,8,'2019-07-31 20:56:54','2019-07-31 20:56:54',NULL),(11,'H',NULL,NULL,8,'2019-07-31 20:59:41','2019-07-31 20:59:41',NULL),(12,'G',NULL,NULL,8,'2019-07-31 22:47:41','2019-07-31 22:47:41',NULL),(13,'D',NULL,NULL,8,'2019-07-31 22:58:12','2019-07-31 22:58:12',NULL),(14,'A',NULL,NULL,9,'2019-08-01 03:31:09','2019-08-01 03:31:09',NULL),(15,'B',NULL,NULL,9,'2019-08-01 03:34:05','2019-08-01 03:34:05',NULL),(16,'C',NULL,NULL,9,'2019-08-01 23:01:46','2019-08-01 23:01:46',NULL),(17,'F',NULL,NULL,9,'2019-08-01 23:01:46','2019-08-01 23:01:46',NULL),(18,'K',NULL,NULL,9,'2019-08-01 23:01:46','2019-08-01 23:01:46',NULL);
/*!40000 ALTER TABLE `Counters` ENABLE KEYS */;
UNLOCK TABLES;

--
-- Table structure for table `Deliverables`
--

DROP TABLE IF EXISTS `Deliverables`;
/*!40101 SET @saved_cs_client     = @@character_set_client */;
/*!40101 SET character_set_client = utf8 */;
CREATE TABLE `Deliverables` (
  `id` int(10) unsigned NOT NULL AUTO_INCREMENT,
  `project_id` int(10) unsigned NOT NULL,
  `filename` varchar(255) NOT NULL,
  `hash` varchar(128) DEFAULT NULL,
  `isActive` tinyint(1) NOT NULL DEFAULT '1',
  `createdAt` datetime NOT NULL DEFAULT CURRENT_TIMESTAMP,
  `updatedAt` datetime NOT NULL DEFAULT CURRENT_TIMESTAMP,
  `deletedAt` datetime DEFAULT NULL,
  PRIMARY KEY (`id`),
  KEY `fk_project_id_idx` (`project_id`),
  KEY `deletedAt_idx` (`deletedAt`),
  CONSTRAINT `deliverables_ibfk_1` FOREIGN KEY (`project_id`) REFERENCES `Projects` (`id`)
) ENGINE=InnoDB AUTO_INCREMENT=17 DEFAULT CHARSET=latin1;
/*!40101 SET character_set_client = @saved_cs_client */;

--
-- Dumping data for table `Deliverables`
--

LOCK TABLES `Deliverables` WRITE;
/*!40000 ALTER TABLE `Deliverables` DISABLE KEYS */;
INSERT INTO `Deliverables` VALUES (1,9,'counterversioning2-20190731.zip','ca64e4126c7e0a00e5e5ffd53dffaf23e7007f678b465d5cdbbc72d61ab38a9fec52e7be5b82a67dcff74574cd23e4866dffa8fd9ff108915238471054fafab4',1,'2019-08-01 05:43:48','2019-08-01 05:44:06',NULL),(2,11,'textbox1page-20190812.zip',NULL,1,'2019-08-12 22:17:05','2019-08-12 22:17:05',NULL),(3,11,'textbox1page-20190812.zip',NULL,1,'2019-08-12 22:32:19','2019-08-12 22:32:19',NULL),(4,11,'textbox1page-20190812.zip',NULL,1,'2019-08-12 22:35:13','2019-08-12 22:35:13',NULL),(5,12,'deliverable-20190812.zip','41e7d6326f29db9663e6a31f6b614f998a1775e9604c630c9073ba59ca3f93696a6099c7babe666393c3fbcde49a9e160a8f229e03c0e42ea0240c65926d5357',1,'2019-08-12 23:46:58','2019-08-12 23:47:01',NULL),(6,12,'deliverable-20190812.zip','1eeb1dd4cec34be92c7504b95edb12c7a19c2bab459f322f2cd93f81c036bdca74539ff9dfb94531bdbec42dd3c208440d9e6e5599000ea5510eb77d9b1d2270',1,'2019-08-13 00:02:15','2019-08-13 00:02:18',NULL),(7,12,'deliverable-20190812v2.zip','f9f58238c541a7a649c179ca320e5170d174258cded8565f47f718f443b45078255f4b0fa2601284a9f6378e9a6b3b0a551c0f6b256518dcf24a03d346c15561',1,'2019-08-13 00:18:37','2019-08-13 00:18:39',NULL),(8,12,'deliverable-20190812v3.zip','8b2a9b5d12f4eeb040f157308311f5ae98ac96632f14c98fdc0e3efe546c1ac09de0a0097270d00184b9ec696efb2c1b3e257e0dd1909cede0bf654a2af474cb',1,'2019-08-13 00:23:03','2019-08-13 00:23:04',NULL),(9,13,'pinned-comment-select-20190819.zip','025b3d0c122c13283600efaf2fa60af6dcd21d62729bbdf3de75d2774efde486e54a09f303d43d7bf76ba7cb6798856d0bee1f64eeba5921aefec7916fa7c3e5',1,'2019-08-19 18:55:03','2019-08-19 18:55:08',NULL),(10,13,'pinned-comment-select-20190819.zip','6b7e922b5db3cdfef973731166660bb8ec1af52e8473695e666270c2b1551636af748374bd2d9dee8963678a1071ce4bc4faa531a626dd934b378848e45cb1ee',1,'2019-08-19 23:24:59','2019-08-19 23:25:02',NULL),(11,13,'pinned-comment-select-20190819.zip',NULL,1,'2019-08-20 00:19:51','2019-08-20 00:19:51',NULL),(12,13,'test123.zip',NULL,1,'2019-08-20 00:20:58','2019-08-20 00:20:58',NULL),(13,13,'test321.zip','8d88d0644cf919431823bd57e3a47eafd1c441b530c1ba7b10cb26ee1132a4fa2023d49a7f062228214f3de57d6e89cd2e728a0e2ecf29da7bdd11ac646d1f47',1,'2019-08-20 00:23:58','2019-08-20 00:24:01',NULL),(14,13,'test3211.zip','8ef3c0d5712edf7f863bdbac964d7b0fc52361373cc68e2af59821a598064b020e8dc0bca6ab379296bc79b1232b5b470afe28b32aaf2e1d50a7f99e5c506e13',1,'2019-08-20 00:30:09','2019-08-20 00:30:11',NULL),(15,14,'EPR-1530-20190820.zip','a5d3635c41803caf7c245e6e30a02d95292240babe320f63cd8cd515a6308c68ad56b72996a6c1c114e6d9f1493b40f1101cf920ea7ca5742d45c6f1b40dce6e',1,'2019-08-20 18:46:45','2019-08-20 18:46:48',NULL),(16,14,'EPR-1530-20190820-2.zip','6d0cb204864bce31b13e96cbfc20ee64f43aaa845902dd67812381ea4c5ea552d10727f4dde0ae186c3ce4d036df7a972d63fe18b7a4e792522f0bcf7d40073c',1,'2019-08-20 19:04:26','2019-08-20 19:04:29',NULL);
/*!40000 ALTER TABLE `Deliverables` ENABLE KEYS */;
UNLOCK TABLES;

--
-- Table structure for table `DistributionMappings`
--

DROP TABLE IF EXISTS `DistributionMappings`;
/*!40101 SET @saved_cs_client     = @@character_set_client */;
/*!40101 SET character_set_client = utf8 */;
CREATE TABLE `DistributionMappings` (
  `id` int(10) unsigned NOT NULL AUTO_INCREMENT,
  `prefix` varchar(50) DEFAULT NULL,
  `projectType_LIID` int(10) unsigned NOT NULL,
  `group_LIID` int(10) unsigned NOT NULL,
  `reviewType_LIID` int(10) unsigned DEFAULT NULL,
  `user_id` int(10) unsigned DEFAULT NULL,
  `isActive` tinyint(1) NOT NULL DEFAULT '1',
  `createdAt` datetime NOT NULL DEFAULT CURRENT_TIMESTAMP,
  `updatedAt` datetime NOT NULL DEFAULT CURRENT_TIMESTAMP,
  `deletedAt` datetime DEFAULT NULL,
  PRIMARY KEY (`id`),
  UNIQUE KEY `project_group_review_UNIQUE` (`projectType_LIID`,`group_LIID`,`reviewType_LIID`),
  UNIQUE KEY `prefix_projecType_group_reviewType_isActive_UNIQUE` (`prefix`,`projectType_LIID`,`group_LIID`,`reviewType_LIID`,`isActive`),
  UNIQUE KEY `prefix_projecType_group_isActive_UNIQUE` (`prefix`,`projectType_LIID`,`group_LIID`,`isActive`),
  KEY `fk_projectType_LIID_idx` (`projectType_LIID`),
  KEY `fk_group_LIID_idx` (`group_LIID`),
  KEY `fk_reviewType_LIID_idx` (`reviewType_LIID`),
  KEY `fk_user_id_idx` (`user_id`),
  KEY `deletedAt_idx` (`deletedAt`),
  CONSTRAINT `DistributionMappings_DM_ibfk_user_id_foreign_idx` FOREIGN KEY (`user_id`) REFERENCES `Persons` (`id`) ON DELETE SET NULL,
  CONSTRAINT `DistributionMappings_reviewType_LIID_foreign_idx` FOREIGN KEY (`reviewType_LIID`) REFERENCES `ListItems` (`id`),
  CONSTRAINT `distributionmappings_ibfk_1` FOREIGN KEY (`projectType_LIID`) REFERENCES `ListItems` (`id`),
  CONSTRAINT `distributionmappings_ibfk_2` FOREIGN KEY (`group_LIID`) REFERENCES `ListItems` (`id`),
  CONSTRAINT `distributionmappings_ibfk_3` FOREIGN KEY (`reviewType_LIID`) REFERENCES `ListItems` (`id`)
) ENGINE=InnoDB DEFAULT CHARSET=latin1;
/*!40101 SET character_set_client = @saved_cs_client */;

--
-- Dumping data for table `DistributionMappings`
--

LOCK TABLES `DistributionMappings` WRITE;
/*!40000 ALTER TABLE `DistributionMappings` DISABLE KEYS */;
/*!40000 ALTER TABLE `DistributionMappings` ENABLE KEYS */;
UNLOCK TABLES;

--
-- Table structure for table `DocumentAssignments`
--

DROP TABLE IF EXISTS `DocumentAssignments`;
/*!40101 SET @saved_cs_client     = @@character_set_client */;
/*!40101 SET character_set_client = utf8 */;
CREATE TABLE `DocumentAssignments` (
  `id` int(10) unsigned NOT NULL AUTO_INCREMENT,
  `document_id` int(10) unsigned NOT NULL,
  `user_id` int(10) unsigned DEFAULT NULL,
  `group_LIID` int(10) unsigned NOT NULL,
  `reviewType_LIID` int(10) unsigned DEFAULT NULL,
  `status_LIID` int(10) unsigned NOT NULL,
  `vendor_id` varchar(50) DEFAULT NULL,
  `dateAssigned` datetime NOT NULL DEFAULT CURRENT_TIMESTAMP,
  `dateDue` datetime DEFAULT NULL,
  `createdAt` datetime NOT NULL DEFAULT CURRENT_TIMESTAMP,
  `updatedAt` datetime NOT NULL DEFAULT CURRENT_TIMESTAMP,
  `deletedAt` datetime DEFAULT NULL,
  `updatedBy_id` int(10) unsigned DEFAULT NULL,
  PRIMARY KEY (`id`),
  UNIQUE KEY `vendor_id_UNIQUE` (`vendor_id`),
  KEY `fk_user_id_idx` (`user_id`),
  KEY `fk_group_LIID_idx` (`group_LIID`),
  KEY `fk_reviewType_LIID_idx` (`reviewType_LIID`),
  KEY `fk_status_LIID_idx` (`status_LIID`),
  KEY `fk_document_id_idx` (`document_id`),
  KEY `deletedAt_idx` (`deletedAt`),
  CONSTRAINT `DocumentAssignments_document_id_foreign_idx` FOREIGN KEY (`document_id`) REFERENCES `Documents` (`id`),
  CONSTRAINT `documentassignments_ibfk_2` FOREIGN KEY (`user_id`) REFERENCES `Persons` (`id`),
  CONSTRAINT `documentassignments_ibfk_3` FOREIGN KEY (`group_LIID`) REFERENCES `ListItems` (`id`),
  CONSTRAINT `documentassignments_ibfk_4` FOREIGN KEY (`reviewType_LIID`) REFERENCES `ListItems` (`id`),
  CONSTRAINT `documentassignments_ibfk_5` FOREIGN KEY (`status_LIID`) REFERENCES `ListItems` (`id`)
) ENGINE=InnoDB AUTO_INCREMENT=19 DEFAULT CHARSET=latin1;
/*!40101 SET character_set_client = @saved_cs_client */;

--
-- Dumping data for table `DocumentAssignments`
--

LOCK TABLES `DocumentAssignments` WRITE;
/*!40000 ALTER TABLE `DocumentAssignments` DISABLE KEYS */;
INSERT INTO `DocumentAssignments` VALUES (1,1,NULL,131,NULL,318,'abc','2019-07-26 21:30:08',NULL,'2019-07-26 21:30:08','2019-09-11 22:08:39',NULL,NULL),(2,2,NULL,131,NULL,318,'18','2019-07-26 22:31:47',NULL,'2019-07-26 22:31:47','2019-08-16 22:46:07',NULL,NULL),(3,3,NULL,131,NULL,318,'3A','2019-07-29 18:25:20',NULL,'2019-07-29 18:25:20','2019-08-12 19:47:49',NULL,NULL),(4,4,NULL,131,NULL,318,'4','2019-07-29 21:47:08',NULL,'2019-07-29 21:47:09','2019-07-29 21:55:41',NULL,NULL),(5,5,NULL,131,NULL,318,'5','2019-07-29 23:08:02',NULL,'2019-07-29 23:08:02','2019-07-29 23:08:59',NULL,NULL),(6,6,NULL,131,NULL,318,'6','2019-07-30 17:28:33',NULL,'2019-07-30 17:28:33','2019-07-30 17:29:16',NULL,NULL),(7,7,NULL,131,NULL,318,'7','2019-07-31 20:59:12',NULL,'2019-07-31 20:47:41','2019-08-12 17:48:25',NULL,NULL),(8,10,NULL,131,NULL,318,'8','2019-08-01 03:33:02',NULL,'2019-08-01 03:30:08','2019-08-01 04:06:14',NULL,NULL),(9,12,NULL,131,NULL,318,'9','2019-08-05 16:47:45',NULL,'2019-08-05 16:47:45','2019-08-05 16:49:22',NULL,NULL),(10,13,NULL,131,NULL,319,'10','2019-08-05 19:18:27',NULL,'2019-08-05 19:18:27','2019-08-07 20:26:44',NULL,NULL),(11,14,NULL,131,NULL,318,NULL,'2019-08-12 23:37:44',NULL,'2019-08-12 23:37:44','2019-08-12 23:39:36',NULL,NULL),(12,15,NULL,131,NULL,318,NULL,'2019-08-19 17:27:14',NULL,'2019-08-19 17:27:14','2019-08-19 17:27:55',NULL,3),(13,16,NULL,130,NULL,318,NULL,'2019-08-20 15:38:46',NULL,'2019-08-20 15:38:46','2019-08-20 17:27:46',NULL,3),(14,17,NULL,131,NULL,318,NULL,'2019-08-20 18:22:24',NULL,'2019-08-20 18:22:24','2019-08-20 18:41:45',NULL,5),(15,18,NULL,130,NULL,317,NULL,'2019-08-23 17:03:43',NULL,'2019-08-21 15:55:54','2019-08-23 17:03:43',NULL,3),(16,19,NULL,131,NULL,317,NULL,'2019-08-21 23:33:20',NULL,'2019-08-21 23:33:20','2019-08-21 23:33:20',NULL,NULL),(17,20,NULL,131,NULL,318,NULL,'2019-08-22 19:10:53',NULL,'2019-08-22 19:10:53','2019-08-22 19:11:39',NULL,3),(18,21,NULL,131,NULL,317,NULL,'2019-08-23 17:04:27',NULL,'2019-08-22 19:12:23','2019-08-23 17:04:27',NULL,3);
/*!40000 ALTER TABLE `DocumentAssignments` ENABLE KEYS */;
UNLOCK TABLES;

--
-- Table structure for table `DocumentComments`
--

DROP TABLE IF EXISTS `DocumentComments`;
/*!40101 SET @saved_cs_client     = @@character_set_client */;
/*!40101 SET character_set_client = utf8 */;
CREATE TABLE `DocumentComments` (
  `id` int(10) unsigned NOT NULL AUTO_INCREMENT,
  `comment_id` int(10) unsigned NOT NULL,
  `documentEntity_id` int(10) unsigned NOT NULL,
  `vendor_id` varchar(50) DEFAULT NULL,
  `coordinates` varchar(50) NOT NULL,
  `options` text,
  `createdAt` datetime NOT NULL DEFAULT CURRENT_TIMESTAMP,
  `updatedAt` datetime NOT NULL DEFAULT CURRENT_TIMESTAMP,
  `deletedAt` datetime DEFAULT NULL,
  `pageVersion_id` int(10) unsigned DEFAULT NULL,
  `updatedBy_id` int(10) unsigned DEFAULT NULL,
  `documentVersion_id` int(10) unsigned DEFAULT NULL,
  PRIMARY KEY (`id`),
  UNIQUE KEY `vendor_id_UNIQUE` (`vendor_id`),
  KEY `fk_documentEntity_id_idx` (`documentEntity_id`),
  KEY `fk_comment_id_idx` (`comment_id`),
  KEY `deletedAt_idx` (`deletedAt`),
  CONSTRAINT `documentcomments_ibfk_1` FOREIGN KEY (`comment_id`) REFERENCES `Comments` (`id`),
  CONSTRAINT `documentcomments_ibfk_2` FOREIGN KEY (`documentEntity_id`) REFERENCES `DocumentEntities` (`id`)
) ENGINE=InnoDB AUTO_INCREMENT=27 DEFAULT CHARSET=latin1;
/*!40101 SET character_set_client = @saved_cs_client */;

--
-- Dumping data for table `DocumentComments`
--

LOCK TABLES `DocumentComments` WRITE;
/*!40000 ALTER TABLE `DocumentComments` DISABLE KEYS */;
INSERT INTO `DocumentComments` VALUES (1,1,1,NULL,'-31138552.596966118,19300568.033516385',NULL,'2019-07-26 21:31:27','2019-07-26 21:31:27',NULL,1,1,1),(2,1,2,NULL,'-31138552.596966118,19300568.033516385',NULL,'2019-07-26 21:31:27','2019-07-26 21:32:16',NULL,1,1,1),(3,1,3,NULL,'-31138552.596966118,19300568.033516385',NULL,'2019-07-26 21:33:52','2019-07-26 21:33:52',NULL,2,1,1),(4,6,4,NULL,'-10733797.091993019,16879625.354800373',NULL,'2019-07-26 22:34:41','2019-07-26 22:34:41',NULL,3,1,2),(5,6,5,NULL,'-10733797.091993019,16879625.354800373',NULL,'2019-07-26 22:34:41','2019-07-26 22:42:50',NULL,3,1,2),(6,6,6,NULL,'-10733797.091993019,16879625.354800373',NULL,'2019-07-26 22:59:34','2019-07-26 22:59:34',NULL,4,1,2),(7,11,43,NULL,'28684010.761507846,4095706.0043667816',NULL,'2019-08-01 04:52:56','2019-08-01 04:52:56',NULL,23,1,11),(8,11,50,NULL,'28684010.761507846,4095706.0043667816',NULL,'2019-08-01 19:17:41','2019-08-01 19:17:41',NULL,26,3,11),(9,14,66,NULL,'21572300.50454764,-20264815.386345908',NULL,'2019-08-05 19:35:42','2019-08-05 19:35:42',NULL,30,3,13),(10,17,67,NULL,'24102994.536278814,6938167.543838218',NULL,'2019-08-05 19:56:47','2019-08-05 19:56:47',NULL,30,3,13),(11,19,68,NULL,'-32067267.87006594,-7078169.2389469',NULL,'2019-08-05 20:51:22','2019-08-05 20:51:22',NULL,30,3,13),(12,19,68,NULL,'-3642107.979878977,13620066.628570847',NULL,'2019-08-05 20:51:22','2019-08-05 20:52:52',NULL,30,3,13),(13,27,69,NULL,'5950851.04443761,7251583.513167147',NULL,'2019-08-05 23:28:29','2019-08-05 23:28:29',NULL,30,3,13),(14,31,76,NULL,'-5242649.131949268,7033802.842609063',NULL,'2019-08-12 23:40:22','2019-08-12 23:40:22',NULL,31,3,14),(15,33,77,NULL,'-33615448.375231735,4784113.78202036',NULL,'2019-08-12 23:40:36','2019-08-12 23:40:36',NULL,31,3,14),(16,35,79,NULL,'31355196.974277243,87356.60375448316',NULL,'2019-08-12 23:43:26','2019-08-12 23:43:26',NULL,31,1,14),(17,37,84,NULL,'7963427.998259045,146759.0943075344',NULL,'2019-08-19 17:27:54','2019-08-19 17:27:54',NULL,33,3,15),(18,40,93,NULL,'27406678.48457443,20705262.22188854',NULL,'2019-08-20 18:20:29','2019-08-20 18:20:29',NULL,35,3,16),(19,42,95,NULL,'5707880.489318192,6765477.77210585',NULL,'2019-08-20 18:21:25','2019-08-20 18:21:25',NULL,36,1,16),(20,44,97,NULL,'20981309.08975272,15459206.977752414',NULL,'2019-08-20 18:41:45','2019-08-20 18:41:45',NULL,37,5,17),(21,46,99,NULL,'22632348.900712527,14141287.015776373',NULL,'2019-08-21 15:58:08','2019-08-21 15:58:08',NULL,39,3,18),(22,48,100,NULL,'23748766.296694882,1217751.0563375503',NULL,'2019-08-21 16:02:49','2019-08-21 16:02:49',NULL,39,3,18),(23,48,100,NULL,'-6699086.7532524355,-7174889.055035211',NULL,'2019-08-21 16:02:49','2019-08-21 16:07:51',NULL,39,1,18),(24,52,101,NULL,'32393575.80423893,11909616.97852841',NULL,'2019-08-22 19:11:38','2019-08-22 19:11:38',NULL,41,3,20),(25,54,102,NULL,'-13627047.808341622,2982354.4521781877',NULL,'2019-08-22 19:11:54','2019-08-22 19:11:54',NULL,41,3,20),(26,56,103,NULL,'3819230.716146186,7341448.9795270935',NULL,'2019-08-22 19:12:52','2019-08-22 19:12:52',NULL,44,3,21);
/*!40000 ALTER TABLE `DocumentComments` ENABLE KEYS */;
UNLOCK TABLES;

--
-- Table structure for table `DocumentCounters`
--

DROP TABLE IF EXISTS `DocumentCounters`;
/*!40101 SET @saved_cs_client     = @@character_set_client */;
/*!40101 SET character_set_client = utf8 */;
CREATE TABLE `DocumentCounters` (
  `id` int(10) unsigned NOT NULL AUTO_INCREMENT,
  `coordinates` varchar(50) NOT NULL,
  `options` varchar(255) DEFAULT NULL,
  `documentEntity_id` int(10) unsigned NOT NULL,
  `counter_id` int(10) unsigned NOT NULL,
  `createdAt` datetime NOT NULL DEFAULT CURRENT_TIMESTAMP,
  `updatedAt` datetime NOT NULL DEFAULT CURRENT_TIMESTAMP,
  `deletedAt` datetime DEFAULT NULL,
  `updatedBy_id` int(10) unsigned DEFAULT NULL,
  `documentVersion_id` int(10) unsigned DEFAULT NULL,
  `pageVersion_id` int(10) unsigned DEFAULT NULL,
  PRIMARY KEY (`id`),
  KEY `fk_documentEntity_id_idx` (`documentEntity_id`),
  KEY `fk_counter_id_idx` (`counter_id`),
  KEY `DocumentCounters_pageVersion_id_foreign_idx` (`pageVersion_id`),
  CONSTRAINT `DocumentCounters_pageVersion_id_foreign_idx` FOREIGN KEY (`pageVersion_id`) REFERENCES `DocumentPageVersions` (`id`),
  CONSTRAINT `documentcounters_ibfk_1` FOREIGN KEY (`documentEntity_id`) REFERENCES `DocumentEntities` (`id`),
  CONSTRAINT `documentcounters_ibfk_2` FOREIGN KEY (`counter_id`) REFERENCES `Counters` (`id`)
) ENGINE=InnoDB AUTO_INCREMENT=35 DEFAULT CHARSET=latin1;
/*!40101 SET character_set_client = @saved_cs_client */;

--
-- Dumping data for table `DocumentCounters`
--

LOCK TABLES `DocumentCounters` WRITE;
/*!40000 ALTER TABLE `DocumentCounters` DISABLE KEYS */;
INSERT INTO `DocumentCounters` VALUES (1,'-2269262.4957303107,21262946.78025719',NULL,10,1,'2019-07-29 21:55:40','2019-07-29 21:55:40',NULL,1,4,8),(2,'18533839.122363254,17511417.43202074',NULL,11,1,'2019-07-29 22:19:08','2019-07-29 22:19:08',NULL,1,NULL,NULL),(3,'18533839.122363254,17511417.43202074',NULL,13,1,'2019-07-29 22:20:48','2019-07-29 22:20:48',NULL,1,NULL,NULL),(4,'10226051.392104015,4711578.423498265',NULL,14,1,'2019-07-29 22:20:48','2019-07-29 22:20:48',NULL,1,NULL,NULL),(5,'-532292.9055440128,22148975.693271037',NULL,23,1,'2019-07-29 22:43:36','2019-07-29 22:43:36',NULL,1,NULL,NULL),(6,'3379535.8105819225,831634.8677427247',NULL,24,2,'2019-07-29 22:45:08','2019-07-29 22:45:08',NULL,1,NULL,NULL),(7,'-27184210.333679665,451342.45273152366',NULL,25,3,'2019-07-29 23:08:58','2019-07-29 23:11:10',NULL,1,5,12),(8,'404169.88670408726,20667407.693594936',NULL,27,4,'2019-07-29 23:10:15','2019-07-29 23:10:15',NULL,1,5,12),(9,'15576847.20414178,16994353.694397934',NULL,28,4,'2019-07-29 23:10:15','2019-07-29 23:10:15',NULL,1,5,12),(10,'17262247.27924502,19921382.297531616',NULL,29,5,'2019-07-30 17:29:16','2019-07-30 17:29:16',NULL,1,6,14),(11,'13928719.27997379,11418672.865428202',NULL,30,5,'2019-07-30 17:29:16','2019-07-30 17:29:16',NULL,1,6,14),(12,'7338537.092735276,18417683.95823771',NULL,31,5,'2019-07-30 17:29:16','2019-07-30 17:29:16',NULL,1,6,14),(13,'30925984.861163527,22224102.372499898',NULL,34,6,'2019-07-31 20:49:32','2019-07-31 20:49:32',NULL,1,7,19),(14,'30928314.37059699,16707824.034083214',NULL,35,7,'2019-07-31 20:49:32','2019-07-31 20:49:32',NULL,1,7,19),(15,'31133311.200740844,11467010.186172351',NULL,36,12,'2019-07-31 20:51:20','2019-07-31 22:47:41',NULL,1,8,19),(16,'5505510.573978856,5471338.958340138',NULL,34,10,'2019-07-31 20:52:21','2019-07-31 20:56:54',NULL,1,8,19),(17,'31354171.683507457,-6970466.204154983',NULL,35,13,'2019-07-31 20:52:21','2019-07-31 22:58:12',NULL,1,8,19),(18,'30866582.370610476,20701185.580380004',NULL,37,11,'2019-07-31 20:55:29','2019-07-31 20:59:41',NULL,1,8,18),(19,'30882306.559286296,15707299.732415155',NULL,38,10,'2019-07-31 20:55:29','2019-07-31 22:42:51',NULL,1,8,18),(20,'30675562.59706734,23907172.93816968',NULL,40,14,'2019-08-01 03:31:09','2019-08-01 03:31:09',NULL,1,10,23),(21,'33635204.332269356,21366260.52363083',NULL,41,14,'2019-08-01 03:31:30','2019-08-01 03:31:30',NULL,1,10,24),(22,'30675562.59706734,23907172.93816968',NULL,40,15,'2019-08-01 03:53:00','2019-08-01 03:53:00',NULL,1,11,23),(23,'33635204.332269356,21366260.52363083',NULL,41,15,'2019-08-01 03:54:03','2019-08-01 03:54:03',NULL,1,11,26),(24,'30302140.833739385,-11857921.90285471',NULL,40,15,'2019-08-01 04:06:14','2019-08-01 04:06:14',NULL,1,11,23),(25,'30302140.833739385,-11857921.90285471',NULL,40,15,'2019-08-01 05:42:44','2019-08-01 05:42:44',NULL,1,11,23),(26,'24730072.145536944,19206222.90146155',NULL,44,15,'2019-08-01 18:14:06','2019-08-01 18:14:06',NULL,1,11,23),(27,'11981831.770965457,18394971.24126154',NULL,45,15,'2019-08-01 18:14:06','2019-08-01 18:14:06',NULL,1,11,23),(28,'23716735.541984886,-12637588.676482469',NULL,46,15,'2019-08-01 18:14:06','2019-08-01 18:14:06',NULL,1,11,23),(29,'12838508.865117788,-11327239.620165162',NULL,47,15,'2019-08-01 18:14:06','2019-08-01 18:14:06',NULL,1,11,23),(30,'-707588.4904113486,17796287.316864125',NULL,48,15,'2019-08-01 18:18:23','2019-08-01 18:18:23',NULL,3,11,23),(31,'-707588.4904113486,17796287.316864125',NULL,48,15,'2019-08-01 18:39:40','2019-08-01 18:39:40',NULL,3,11,23),(32,'-14409180.600623474,-12457051.69538986',NULL,57,16,'2019-08-01 23:01:46','2019-08-01 23:01:46',NULL,3,11,23),(33,'-14954508.806016698,-2483495.083207611',NULL,58,17,'2019-08-01 23:01:46','2019-08-01 23:01:46',NULL,3,11,23),(34,'-13808207.05773428,-6131031.816952642',NULL,59,18,'2019-08-01 23:01:46','2019-08-01 23:01:46',NULL,3,11,23);
/*!40000 ALTER TABLE `DocumentCounters` ENABLE KEYS */;
UNLOCK TABLES;

--
-- Table structure for table `DocumentEntities`
--

DROP TABLE IF EXISTS `DocumentEntities`;
/*!40101 SET @saved_cs_client     = @@character_set_client */;
/*!40101 SET character_set_client = utf8 */;
CREATE TABLE `DocumentEntities` (
  `id` int(10) unsigned NOT NULL AUTO_INCREMENT,
  `documentAssignment_id` int(10) unsigned NOT NULL,
  `versionAdded_id` int(10) unsigned NOT NULL,
  `versionClosed_id` int(10) unsigned DEFAULT NULL,
  `documentVersionMoved` int(10) unsigned DEFAULT NULL,
  `owner_id` int(10) unsigned NOT NULL,
  `group_LIID` int(10) unsigned NOT NULL,
  `createdAt` datetime NOT NULL DEFAULT CURRENT_TIMESTAMP,
  `updatedAt` datetime NOT NULL DEFAULT CURRENT_TIMESTAMP,
  `deletedAt` datetime DEFAULT NULL,
  PRIMARY KEY (`id`),
  KEY `fk_documentAssignment_id_idx` (`documentAssignment_id`),
  KEY `fk_versionAdded_id_idx` (`versionAdded_id`),
  KEY `fk_versionClosed_id_idx` (`versionClosed_id`),
  KEY `fk_owner_id_idx` (`owner_id`),
  KEY `fk_group_LIID_idx` (`group_LIID`),
  KEY `deletedAt_idx` (`deletedAt`),
  KEY `DocumentEntities_documentVersionMoved_foreign_idx` (`documentVersionMoved`),
  CONSTRAINT `DocumentEntities_documentVersionMoved_foreign_idx` FOREIGN KEY (`documentVersionMoved`) REFERENCES `DocumentVersions` (`id`),
  CONSTRAINT `documententities_ibfk_1` FOREIGN KEY (`documentAssignment_id`) REFERENCES `DocumentAssignments` (`id`),
  CONSTRAINT `documententities_ibfk_2` FOREIGN KEY (`versionAdded_id`) REFERENCES `DocumentPageVersions` (`id`),
  CONSTRAINT `documententities_ibfk_3` FOREIGN KEY (`versionClosed_id`) REFERENCES `DocumentPageVersions` (`id`),
  CONSTRAINT `documententities_ibfk_4` FOREIGN KEY (`owner_id`) REFERENCES `Persons` (`id`),
  CONSTRAINT `documententities_ibfk_5` FOREIGN KEY (`group_LIID`) REFERENCES `ListItems` (`id`)
) ENGINE=InnoDB AUTO_INCREMENT=104 DEFAULT CHARSET=latin1;
/*!40101 SET character_set_client = @saved_cs_client */;

--
-- Dumping data for table `DocumentEntities`
--

LOCK TABLES `DocumentEntities` WRITE;
/*!40000 ALTER TABLE `DocumentEntities` DISABLE KEYS */;
INSERT INTO `DocumentEntities` VALUES (1,1,1,1,NULL,1,131,'2019-07-26 21:31:27','2019-07-26 21:31:59',NULL),(2,1,1,NULL,1,1,131,'2019-07-26 21:31:27','2019-07-26 21:33:52',NULL),(3,1,2,NULL,NULL,1,131,'2019-07-26 21:33:52','2019-07-26 21:33:52',NULL),(4,2,3,3,NULL,1,131,'2019-07-26 22:34:40','2019-07-26 22:35:26',NULL),(5,2,3,NULL,2,1,131,'2019-07-26 22:34:40','2019-07-26 22:59:34',NULL),(6,2,4,NULL,NULL,1,131,'2019-07-26 22:59:34','2019-07-26 22:59:34',NULL),(7,3,5,NULL,NULL,1,131,'2019-07-29 18:32:06','2019-07-29 18:32:06',NULL),(8,3,5,NULL,NULL,1,131,'2019-07-29 18:32:06','2019-07-29 18:32:06',NULL),(9,3,5,NULL,NULL,1,131,'2019-07-29 18:32:06','2019-07-29 18:32:06',NULL),(10,4,8,NULL,NULL,1,131,'2019-07-29 21:55:40','2019-07-29 21:55:40',NULL),(11,4,8,NULL,NULL,1,131,'2019-07-29 22:19:08','2019-07-29 22:19:08',NULL),(12,4,8,NULL,NULL,1,131,'2019-07-29 22:20:48','2019-07-29 22:20:48',NULL),(13,4,8,NULL,NULL,1,131,'2019-07-29 22:20:48','2019-07-29 22:20:48',NULL),(14,4,8,NULL,NULL,1,131,'2019-07-29 22:20:48','2019-07-29 22:20:48',NULL),(15,4,9,NULL,NULL,1,131,'2019-07-29 22:31:34','2019-07-29 22:31:34',NULL),(16,4,9,NULL,NULL,1,131,'2019-07-29 22:32:44','2019-07-29 22:32:44',NULL),(17,4,9,NULL,NULL,1,131,'2019-07-29 22:34:22','2019-07-29 22:34:22',NULL),(18,4,10,NULL,NULL,1,131,'2019-07-29 22:36:12','2019-07-29 22:36:12',NULL),(19,4,10,NULL,NULL,1,131,'2019-07-29 22:39:14','2019-07-29 22:39:14',NULL),(20,4,10,NULL,NULL,1,131,'2019-07-29 22:41:30','2019-07-29 22:41:30',NULL),(21,4,10,NULL,NULL,1,131,'2019-07-29 22:42:01','2019-07-29 22:42:01',NULL),(22,4,10,NULL,NULL,1,131,'2019-07-29 22:43:08','2019-07-29 22:43:08',NULL),(23,4,10,NULL,NULL,1,131,'2019-07-29 22:43:36','2019-07-29 22:43:36',NULL),(24,4,10,NULL,NULL,1,131,'2019-07-29 22:45:08','2019-07-29 22:45:08',NULL),(25,5,12,NULL,NULL,1,131,'2019-07-29 23:08:58','2019-07-29 23:08:58',NULL),(26,5,12,NULL,NULL,1,131,'2019-07-29 23:09:50','2019-07-29 23:09:50',NULL),(27,5,12,NULL,NULL,1,131,'2019-07-29 23:10:15','2019-07-29 23:10:15',NULL),(28,5,12,NULL,NULL,1,131,'2019-07-29 23:10:15','2019-07-29 23:10:15',NULL),(29,6,14,NULL,NULL,1,131,'2019-07-30 17:29:16','2019-07-30 17:29:16',NULL),(30,6,14,NULL,NULL,1,131,'2019-07-30 17:29:16','2019-07-30 17:29:16',NULL),(31,6,14,NULL,NULL,1,131,'2019-07-30 17:29:16','2019-07-30 17:29:16',NULL),(32,6,14,NULL,NULL,1,131,'2019-07-30 18:43:40','2019-07-30 18:43:40',NULL),(33,6,14,NULL,NULL,1,131,'2019-07-31 20:39:23','2019-07-31 20:39:23',NULL),(34,7,19,NULL,NULL,1,131,'2019-07-31 20:49:32','2019-07-31 20:52:21',NULL),(35,7,19,NULL,NULL,1,131,'2019-07-31 20:49:32','2019-07-31 20:52:21',NULL),(36,7,19,NULL,NULL,1,131,'2019-07-31 20:51:20','2019-07-31 20:51:20',NULL),(37,7,18,NULL,NULL,1,131,'2019-07-31 20:55:29','2019-07-31 20:55:29',NULL),(38,7,18,NULL,NULL,1,131,'2019-07-31 20:55:29','2019-07-31 20:55:29',NULL),(39,7,21,NULL,NULL,1,131,'2019-07-31 22:41:20','2019-07-31 22:41:20',NULL),(40,8,23,23,NULL,1,131,'2019-08-01 03:31:09','2019-08-01 18:14:06',NULL),(41,8,24,NULL,NULL,1,131,'2019-08-01 03:31:30','2019-08-01 03:31:30',NULL),(42,8,23,NULL,11,1,131,'2019-08-01 04:50:58','2019-08-01 19:17:41',NULL),(43,8,23,NULL,11,1,131,'2019-08-01 04:52:56','2019-08-01 19:17:41',NULL),(44,8,23,NULL,11,1,131,'2019-08-01 18:14:06','2019-08-01 19:17:41',NULL),(45,8,23,NULL,11,1,131,'2019-08-01 18:14:06','2019-08-01 19:17:41',NULL),(46,8,23,NULL,11,1,131,'2019-08-01 18:14:06','2019-08-01 19:17:41',NULL),(47,8,23,NULL,11,1,131,'2019-08-01 18:14:06','2019-08-01 19:17:41',NULL),(48,8,23,NULL,11,3,130,'2019-08-01 18:18:23','2019-08-01 19:17:41',NULL),(49,8,26,NULL,NULL,1,131,'2019-08-01 19:17:41','2019-08-01 19:17:41',NULL),(50,8,26,NULL,NULL,1,131,'2019-08-01 19:17:41','2019-08-01 19:17:41',NULL),(51,8,26,NULL,NULL,1,131,'2019-08-01 19:17:41','2019-08-01 19:17:41',NULL),(52,8,26,NULL,NULL,1,131,'2019-08-01 19:17:41','2019-08-01 19:17:41',NULL),(53,8,26,NULL,NULL,1,131,'2019-08-01 19:17:41','2019-08-01 19:17:41',NULL),(54,8,26,NULL,NULL,3,130,'2019-08-01 19:17:41','2019-08-01 19:17:41',NULL),(55,8,26,NULL,NULL,1,131,'2019-08-01 19:17:41','2019-08-01 19:17:41',NULL),(56,8,23,NULL,NULL,3,131,'2019-08-01 22:47:33','2019-08-01 22:47:33',NULL),(57,8,23,NULL,NULL,3,131,'2019-08-01 23:01:46','2019-08-01 23:01:46',NULL),(58,8,23,NULL,NULL,3,131,'2019-08-01 23:01:46','2019-08-01 23:01:46',NULL),(59,8,23,NULL,NULL,3,131,'2019-08-01 23:01:46','2019-08-01 23:01:46',NULL),(60,8,25,NULL,NULL,3,131,'2019-08-02 02:20:06','2019-08-02 02:20:06',NULL),(61,8,23,NULL,NULL,3,131,'2019-08-02 03:35:38','2019-08-02 03:35:38',NULL),(62,8,23,NULL,NULL,3,131,'2019-08-02 03:35:38','2019-08-02 03:35:38',NULL),(63,9,27,NULL,NULL,3,131,'2019-08-05 16:49:22','2019-08-05 16:49:22',NULL),(64,9,29,NULL,NULL,3,131,'2019-08-05 18:12:04','2019-08-05 18:12:04',NULL),(65,10,30,NULL,NULL,3,131,'2019-08-05 19:19:03','2019-08-05 19:19:03',NULL),(66,10,30,NULL,NULL,3,131,'2019-08-05 19:35:42','2019-08-05 19:35:42',NULL),(67,10,30,NULL,NULL,3,131,'2019-08-05 19:56:47','2019-08-05 19:56:47',NULL),(68,10,30,NULL,NULL,3,131,'2019-08-05 20:51:22','2019-08-05 20:52:52',NULL),(69,10,30,NULL,NULL,3,131,'2019-08-05 23:28:29','2019-08-05 23:28:29',NULL),(70,10,30,NULL,NULL,3,131,'2019-08-06 16:52:22','2019-08-06 16:52:22',NULL),(71,11,31,NULL,NULL,3,131,'2019-08-12 23:39:36','2019-08-12 23:39:36',NULL),(72,11,31,NULL,NULL,3,131,'2019-08-12 23:39:36','2019-08-12 23:39:36',NULL),(73,11,31,NULL,NULL,3,130,'2019-08-12 23:39:52','2019-08-12 23:39:52',NULL),(74,11,31,NULL,NULL,3,130,'2019-08-12 23:39:52','2019-08-12 23:39:52',NULL),(75,11,31,NULL,NULL,3,130,'2019-08-12 23:39:52','2019-08-12 23:39:52',NULL),(76,11,31,NULL,NULL,3,130,'2019-08-12 23:40:22','2019-08-12 23:40:22',NULL),(77,11,31,NULL,NULL,3,131,'2019-08-12 23:40:36','2019-08-12 23:40:36',NULL),(78,11,31,NULL,NULL,1,131,'2019-08-12 23:43:14','2019-08-12 23:43:14',NULL),(79,11,31,NULL,NULL,1,131,'2019-08-12 23:43:26','2019-08-12 23:43:26',NULL),(80,11,31,NULL,NULL,3,131,'2019-08-15 21:18:07','2019-08-15 21:18:07',NULL),(81,11,32,NULL,NULL,3,131,'2019-08-15 22:17:16','2019-08-15 22:17:16',NULL),(82,11,32,NULL,NULL,3,131,'2019-08-15 22:17:16','2019-08-15 22:17:16',NULL),(83,11,32,NULL,NULL,3,131,'2019-08-15 22:17:16','2019-08-15 22:17:16',NULL),(84,12,33,NULL,NULL,3,131,'2019-08-19 17:27:54','2019-08-19 17:27:54',NULL),(85,12,33,NULL,NULL,3,131,'2019-08-19 17:49:52','2019-08-19 17:49:52',NULL),(86,12,33,NULL,NULL,3,131,'2019-08-19 17:49:52','2019-08-19 17:49:52',NULL),(87,12,33,NULL,NULL,3,130,'2019-08-19 17:50:05','2019-08-19 17:50:05',NULL),(88,12,33,NULL,NULL,3,130,'2019-08-19 17:50:05','2019-08-19 17:50:05',NULL),(89,12,33,NULL,NULL,3,130,'2019-08-19 17:50:05','2019-08-19 17:50:05',NULL),(90,12,33,NULL,NULL,1,131,'2019-08-19 17:52:55','2019-08-19 17:52:55',NULL),(91,12,33,NULL,NULL,1,131,'2019-08-19 17:52:55','2019-08-19 17:52:55',NULL),(92,13,35,NULL,NULL,3,130,'2019-08-20 17:27:46','2019-08-20 17:27:46',NULL),(93,13,35,NULL,NULL,3,130,'2019-08-20 18:20:29','2019-08-20 18:20:29',NULL),(94,13,35,NULL,NULL,3,130,'2019-08-20 18:20:32','2019-08-20 18:20:32',NULL),(95,13,36,NULL,NULL,1,131,'2019-08-20 18:21:25','2019-08-20 18:21:25',NULL),(96,13,36,NULL,NULL,1,131,'2019-08-20 18:21:27','2019-08-20 18:21:27',NULL),(97,14,37,NULL,NULL,5,131,'2019-08-20 18:41:45','2019-08-20 18:41:45',NULL),(98,14,37,NULL,NULL,5,131,'2019-08-20 18:44:18','2019-08-20 18:44:18',NULL),(99,15,39,NULL,NULL,3,130,'2019-08-21 15:58:08','2019-08-21 15:58:08',NULL),(100,15,39,NULL,NULL,1,131,'2019-08-21 16:02:49','2019-08-21 16:07:51',NULL),(101,17,41,41,NULL,3,131,'2019-08-22 19:11:38','2019-08-27 22:00:29',NULL),(102,17,41,41,NULL,3,131,'2019-08-22 19:11:54','2019-08-27 22:00:36',NULL),(103,18,44,NULL,NULL,3,131,'2019-08-22 19:12:52','2019-08-22 19:12:52',NULL);
/*!40000 ALTER TABLE `DocumentEntities` ENABLE KEYS */;
UNLOCK TABLES;

--
-- Table structure for table `DocumentMeasurements`
--

DROP TABLE IF EXISTS `DocumentMeasurements`;
/*!40101 SET @saved_cs_client     = @@character_set_client */;
/*!40101 SET character_set_client = utf8 */;
CREATE TABLE `DocumentMeasurements` (
  `id` int(10) unsigned NOT NULL AUTO_INCREMENT,
  `documentEntity_id` int(10) unsigned NOT NULL,
  `content` text,
  `createdAt` datetime NOT NULL DEFAULT CURRENT_TIMESTAMP,
  `updatedAt` datetime NOT NULL DEFAULT CURRENT_TIMESTAMP,
  `deletedAt` datetime DEFAULT NULL,
  `pageVersion_id` int(10) unsigned DEFAULT NULL,
  `updatedBy_id` int(10) unsigned DEFAULT NULL,
  `documentVersion_id` int(10) unsigned DEFAULT NULL,
  PRIMARY KEY (`id`),
  KEY `fk_documentEntity_id_idx` (`documentEntity_id`),
  KEY `deletedAt_idx` (`deletedAt`),
  CONSTRAINT `documentmeasurements_ibfk_1` FOREIGN KEY (`documentEntity_id`) REFERENCES `DocumentEntities` (`id`)
) ENGINE=InnoDB DEFAULT CHARSET=latin1;
/*!40101 SET character_set_client = @saved_cs_client */;

--
-- Dumping data for table `DocumentMeasurements`
--

LOCK TABLES `DocumentMeasurements` WRITE;
/*!40000 ALTER TABLE `DocumentMeasurements` DISABLE KEYS */;
/*!40000 ALTER TABLE `DocumentMeasurements` ENABLE KEYS */;
UNLOCK TABLES;

--
-- Table structure for table `DocumentPageVersions`
--

DROP TABLE IF EXISTS `DocumentPageVersions`;
/*!40101 SET @saved_cs_client     = @@character_set_client */;
/*!40101 SET character_set_client = utf8 */;
CREATE TABLE `DocumentPageVersions` (
  `id` int(10) unsigned NOT NULL AUTO_INCREMENT,
  `documentPage_id` int(10) unsigned NOT NULL,
  `documentVersion_id` int(10) unsigned NOT NULL,
  `pageNumber` int(5) unsigned NOT NULL,
  `sheetNumber` varchar(100) DEFAULT NULL,
  `sheetNumberData` varchar(2000) DEFAULT NULL,
  `createdAt` datetime NOT NULL DEFAULT CURRENT_TIMESTAMP,
  `updatedAt` datetime NOT NULL DEFAULT CURRENT_TIMESTAMP,
  `deletedAt` datetime DEFAULT NULL,
  `metadata` mediumtext,
  `versionHistory` varchar(255) DEFAULT NULL,
  PRIMARY KEY (`id`),
  UNIQUE KEY `documentPage_documentVersion_UNIQUE` (`documentPage_id`,`documentVersion_id`),
  UNIQUE KEY `version_pageNumber_UNIQUE` (`pageNumber`,`documentVersion_id`),
  UNIQUE KEY `documentVersion_id_sheetNumber_UNIQUE` (`documentVersion_id`,`sheetNumber`),
  KEY `fk_documentPage_id_idx` (`documentPage_id`),
  KEY `fk_documentVersion_id_idx` (`documentVersion_id`),
  KEY `deletedAt_idx` (`deletedAt`),
  CONSTRAINT `documentpageversions_ibfk_1` FOREIGN KEY (`documentPage_id`) REFERENCES `DocumentPages` (`id`),
  CONSTRAINT `documentpageversions_ibfk_2` FOREIGN KEY (`documentVersion_id`) REFERENCES `DocumentVersions` (`id`)
) ENGINE=InnoDB AUTO_INCREMENT=65 DEFAULT CHARSET=latin1;
/*!40101 SET character_set_client = @saved_cs_client */;

--
-- Dumping data for table `DocumentPageVersions`
--

LOCK TABLES `DocumentPageVersions` WRITE;
/*!40000 ALTER TABLE `DocumentPageVersions` DISABLE KEYS */;
INSERT INTO `DocumentPageVersions` VALUES (1,1,1,1,NULL,NULL,'2019-07-26 21:30:01','2019-07-26 21:30:01',NULL,'{\"pageNumber\":1,\"mediaBox\":[0,0,792,612],\"rotate\":0,\"orientation\":\"Landscape\",\"width\":792,\"height\":612}','[1]'),(2,2,1,2,NULL,NULL,'2019-07-26 21:30:01','2019-07-26 21:30:01',NULL,'{\"pageNumber\":2,\"mediaBox\":[0,0,792,612],\"rotate\":0,\"orientation\":\"Landscape\",\"width\":792,\"height\":612}','[2]'),(3,3,2,1,NULL,NULL,'2019-07-26 22:31:34','2019-07-26 22:31:34',NULL,'{\"pageNumber\":1,\"mediaBox\":[0,0,792,612],\"rotate\":0,\"orientation\":\"Landscape\",\"width\":792,\"height\":612}','[3]'),(4,4,2,2,NULL,NULL,'2019-07-26 22:31:34','2019-07-26 22:31:34',NULL,'{\"pageNumber\":2,\"mediaBox\":[0,0,792,612],\"rotate\":0,\"orientation\":\"Landscape\",\"width\":792,\"height\":612}','[4]'),(5,5,3,1,NULL,NULL,'2019-07-29 18:25:04','2019-07-29 18:25:04',NULL,'{\"pageNumber\":1,\"mediaBox\":[0,0,3024,2160],\"rotate\":0,\"orientation\":\"Landscape\",\"width\":3024,\"height\":2160}','[5]'),(6,6,3,2,NULL,NULL,'2019-07-29 18:25:04','2019-07-29 18:25:04',NULL,'{\"pageNumber\":2,\"mediaBox\":[0,0,2160,3024],\"rotate\":270,\"orientation\":\"Landscape\",\"width\":3024,\"height\":2160}','[6]'),(7,7,3,3,NULL,NULL,'2019-07-29 18:25:04','2019-07-29 18:25:04',NULL,'{\"pageNumber\":3,\"mediaBox\":[0,0,3024,2160],\"rotate\":0,\"orientation\":\"Landscape\",\"width\":3024,\"height\":2160}','[7]'),(8,8,4,1,NULL,NULL,'2019-07-29 21:43:37','2019-07-29 21:43:37',NULL,'{\"pageNumber\":1,\"mediaBox\":[0,0,3024,2160],\"rotate\":0,\"orientation\":\"Landscape\",\"width\":3024,\"height\":2160}','[8]'),(9,9,4,2,NULL,NULL,'2019-07-29 21:43:37','2019-07-29 21:43:37',NULL,'{\"pageNumber\":2,\"mediaBox\":[0,0,2160,3024],\"rotate\":270,\"orientation\":\"Landscape\",\"width\":3024,\"height\":2160}','[9]'),(10,10,4,3,NULL,NULL,'2019-07-29 21:43:37','2019-07-29 21:43:37',NULL,'{\"pageNumber\":3,\"mediaBox\":[0,0,3024,2160],\"rotate\":0,\"orientation\":\"Landscape\",\"width\":3024,\"height\":2160}','[10]'),(11,11,5,2,NULL,NULL,'2019-07-29 23:07:52','2019-07-29 23:07:52',NULL,'{\"pageNumber\":2,\"mediaBox\":[0,0,2160,3024],\"rotate\":270,\"orientation\":\"Landscape\",\"width\":3024,\"height\":2160}','[11]'),(12,12,5,1,NULL,NULL,'2019-07-29 23:07:52','2019-07-29 23:07:52',NULL,'{\"pageNumber\":1,\"mediaBox\":[0,0,3024,2160],\"rotate\":0,\"orientation\":\"Landscape\",\"width\":3024,\"height\":2160}','[12]'),(13,13,5,3,NULL,NULL,'2019-07-29 23:07:52','2019-07-29 23:07:52',NULL,'{\"pageNumber\":3,\"mediaBox\":[0,0,3024,2160],\"rotate\":0,\"orientation\":\"Landscape\",\"width\":3024,\"height\":2160}','[13]'),(14,14,6,1,NULL,NULL,'2019-07-30 17:28:18','2019-07-30 17:28:18',NULL,'{\"pageNumber\":1,\"mediaBox\":[0,0,3024,2160],\"rotate\":0,\"orientation\":\"Landscape\",\"width\":3024,\"height\":2160}','[14]'),(15,15,6,2,NULL,NULL,'2019-07-30 17:28:18','2019-07-30 17:28:18',NULL,'{\"pageNumber\":2,\"mediaBox\":[0,0,2160,3024],\"rotate\":270,\"orientation\":\"Landscape\",\"width\":3024,\"height\":2160}','[15]'),(16,16,6,3,NULL,NULL,'2019-07-30 17:28:18','2019-07-30 17:28:18',NULL,'{\"pageNumber\":3,\"mediaBox\":[0,0,3024,2160],\"rotate\":0,\"orientation\":\"Landscape\",\"width\":3024,\"height\":2160}','[16]'),(17,17,7,2,'P.1',NULL,'2019-07-31 20:47:25','2019-07-31 20:47:25',NULL,'{\"pageNumber\":2,\"mediaBox\":[0,0,2160,3024],\"rotate\":270,\"orientation\":\"Landscape\",\"width\":3024,\"height\":2160}','[17]'),(18,19,7,3,'P.2',NULL,'2019-07-31 20:47:25','2019-07-31 20:47:25',NULL,'{\"pageNumber\":3,\"mediaBox\":[0,0,3024,2160],\"rotate\":0,\"orientation\":\"Landscape\",\"width\":3024,\"height\":2160}','[19]'),(19,18,7,1,NULL,NULL,'2019-07-31 20:47:25','2019-07-31 20:47:25',NULL,'{\"pageNumber\":1,\"mediaBox\":[0,0,3024,2160],\"rotate\":0,\"orientation\":\"Landscape\",\"width\":3024,\"height\":2160}','[18]'),(20,17,8,2,'P.1',NULL,'2019-07-31 20:50:05','2019-07-31 20:50:43',NULL,'{\"pageNumber\":1,\"mediaBox\":[0,0,2160,3024],\"rotate\":270,\"orientation\":\"Landscape\",\"width\":3024,\"height\":2160}','[20,17]'),(21,19,9,3,'P.2',NULL,'2019-07-31 20:58:35','2019-07-31 20:59:12',NULL,'{\"pageNumber\":1,\"mediaBox\":[0,0,3024,2160],\"rotate\":0,\"orientation\":\"Landscape\",\"width\":3024,\"height\":2160}','[21,19]'),(22,22,9,4,'P.3',NULL,'2019-07-31 20:58:35','2019-07-31 20:59:12',NULL,'{\"pageNumber\":2,\"mediaBox\":[0,0,3024,2160],\"rotate\":0,\"orientation\":\"Landscape\",\"width\":3024,\"height\":2160}','[22]'),(23,23,10,1,NULL,NULL,'2019-08-01 03:29:13','2019-08-01 03:29:13',NULL,'{\"pageNumber\":1,\"mediaBox\":[0,0,3024,2160],\"rotate\":0,\"orientation\":\"Landscape\",\"width\":3024,\"height\":2160}','[23]'),(24,24,10,2,'P.1',NULL,'2019-08-01 03:29:13','2019-08-01 03:29:13',NULL,'{\"pageNumber\":2,\"mediaBox\":[0,0,2160,3024],\"rotate\":270,\"orientation\":\"Landscape\",\"width\":3024,\"height\":2160}','[24]'),(25,25,10,3,NULL,NULL,'2019-08-01 03:29:13','2019-08-01 03:29:13',NULL,'{\"pageNumber\":3,\"mediaBox\":[0,0,3024,2160],\"rotate\":0,\"orientation\":\"Landscape\",\"width\":3024,\"height\":2160}','[25]'),(26,24,11,2,'P.1',NULL,'2019-08-01 03:32:25','2019-08-01 03:33:02',NULL,'{\"pageNumber\":1,\"mediaBox\":[0,0,2160,3024],\"rotate\":270,\"orientation\":\"Landscape\",\"width\":3024,\"height\":2160}','[26,24]'),(27,28,12,2,NULL,NULL,'2019-08-05 16:47:30','2019-08-05 16:47:30',NULL,'{\"pageNumber\":2,\"mediaBox\":[0,0,2160,3024],\"rotate\":270,\"orientation\":\"Landscape\",\"width\":3024,\"height\":2160}','[28]'),(28,29,12,3,NULL,NULL,'2019-08-05 16:47:30','2019-08-05 16:47:30',NULL,'{\"pageNumber\":3,\"mediaBox\":[0,0,3024,2160],\"rotate\":0,\"orientation\":\"Landscape\",\"width\":3024,\"height\":2160}','[29]'),(29,27,12,1,NULL,NULL,'2019-08-05 16:47:30','2019-08-05 16:47:30',NULL,'{\"pageNumber\":1,\"mediaBox\":[0,0,3024,2160],\"rotate\":0,\"orientation\":\"Landscape\",\"width\":3024,\"height\":2160}','[27]'),(30,30,13,1,NULL,NULL,'2019-08-05 19:18:18','2019-08-05 19:18:18',NULL,'{\"pageNumber\":1,\"mediaBox\":[0,0,792,612],\"rotate\":0,\"orientation\":\"Landscape\",\"width\":792,\"height\":612}','[30]'),(31,31,14,1,NULL,NULL,'2019-08-12 23:37:31','2019-08-12 23:37:31',NULL,'{\"pageNumber\":1,\"mediaBox\":[0,0,792,612],\"rotate\":0,\"orientation\":\"Landscape\",\"width\":792,\"height\":612}','[31]'),(32,32,14,2,NULL,NULL,'2019-08-12 23:37:31','2019-08-12 23:37:31',NULL,'{\"pageNumber\":2,\"mediaBox\":[0,0,792,612],\"rotate\":0,\"orientation\":\"Landscape\",\"width\":792,\"height\":612}','[32]'),(33,33,15,1,NULL,NULL,'2019-08-19 17:26:59','2019-08-19 17:26:59',NULL,'{\"pageNumber\":1,\"mediaBox\":[0,0,792,612],\"rotate\":0,\"orientation\":\"Landscape\",\"width\":792,\"height\":612}','[33]'),(34,34,15,2,NULL,NULL,'2019-08-19 17:26:59','2019-08-19 17:26:59',NULL,'{\"pageNumber\":2,\"mediaBox\":[0,0,792,612],\"rotate\":0,\"orientation\":\"Landscape\",\"width\":792,\"height\":612}','[34]'),(35,35,16,1,NULL,NULL,'2019-08-20 15:35:52','2019-08-20 15:35:52',NULL,'{\"pageNumber\":1,\"mediaBox\":[0,0,792,612],\"rotate\":0,\"orientation\":\"Landscape\",\"width\":792,\"height\":612}','[35]'),(36,36,16,2,NULL,NULL,'2019-08-20 15:35:52','2019-08-20 15:35:52',NULL,'{\"pageNumber\":2,\"mediaBox\":[0,0,792,612],\"rotate\":0,\"orientation\":\"Landscape\",\"width\":792,\"height\":612}','[36]'),(37,37,17,1,NULL,NULL,'2019-08-20 18:22:15','2019-08-20 18:22:15',NULL,'{\"pageNumber\":1,\"mediaBox\":[0,0,792,612],\"rotate\":0,\"orientation\":\"Landscape\",\"width\":792,\"height\":612}','[37]'),(38,39,18,2,NULL,NULL,'2019-08-21 15:52:22','2019-08-21 15:52:22',NULL,'{\"pageNumber\":2,\"mediaBox\":[0,0,792,612],\"rotate\":0,\"orientation\":\"Landscape\",\"width\":792,\"height\":612}','[39]'),(39,38,18,1,NULL,NULL,'2019-08-21 15:52:22','2019-08-21 15:52:22',NULL,'{\"pageNumber\":1,\"mediaBox\":[0,0,792,612],\"rotate\":0,\"orientation\":\"Landscape\",\"width\":792,\"height\":612}','[38]'),(40,40,19,1,NULL,NULL,'2019-08-21 23:33:14','2019-08-21 23:33:14',NULL,'{\"pageNumber\":1,\"mediaBox\":[0,0,1728,1296],\"rotate\":0,\"orientation\":\"Landscape\",\"width\":1728,\"height\":1296}','[40]'),(41,41,20,1,NULL,NULL,'2019-08-22 19:10:44','2019-08-22 19:10:44',NULL,'{\"pageNumber\":1,\"mediaBox\":[0,0,1728,1296],\"rotate\":0,\"orientation\":\"Landscape\",\"width\":1728,\"height\":1296}','[41]'),(42,42,21,1,NULL,NULL,'2019-08-22 19:12:16','2019-08-22 19:12:16',NULL,'{\"pageNumber\":1,\"mediaBox\":[0,0,3024,2160],\"rotate\":0,\"orientation\":\"Landscape\",\"width\":3024,\"height\":2160}','[42]'),(43,45,21,4,NULL,NULL,'2019-08-22 19:12:16','2019-08-22 19:12:16',NULL,'{\"pageNumber\":4,\"mediaBox\":[0,0,3024,2160],\"rotate\":0,\"orientation\":\"Landscape\",\"width\":3024,\"height\":2160}','[45]'),(44,44,21,3,NULL,NULL,'2019-08-22 19:12:16','2019-08-22 19:12:16',NULL,'{\"pageNumber\":3,\"mediaBox\":[0,0,3024,2160],\"rotate\":0,\"orientation\":\"Landscape\",\"width\":3024,\"height\":2160}','[44]'),(45,43,21,2,NULL,NULL,'2019-08-22 19:12:16','2019-08-22 19:12:16',NULL,'{\"pageNumber\":2,\"mediaBox\":[0,0,2160,3024],\"rotate\":270,\"orientation\":\"Landscape\",\"width\":3024,\"height\":2160}','[43]'),(46,46,21,5,NULL,NULL,'2019-08-22 19:12:16','2019-08-22 19:12:16',NULL,'{\"pageNumber\":5,\"mediaBox\":[0,0,3024,2160],\"rotate\":0,\"orientation\":\"Landscape\",\"width\":3024,\"height\":2160}','[46]'),(47,47,21,6,NULL,NULL,'2019-08-22 19:12:16','2019-08-22 19:12:16',NULL,'{\"pageNumber\":6,\"mediaBox\":[0,0,2160,3024],\"rotate\":270,\"orientation\":\"Landscape\",\"width\":3024,\"height\":2160}','[47]'),(48,49,21,8,NULL,NULL,'2019-08-22 19:12:16','2019-08-22 19:12:16',NULL,'{\"pageNumber\":8,\"mediaBox\":[0,0,2160,3024],\"rotate\":270,\"orientation\":\"Landscape\",\"width\":3024,\"height\":2160}','[49]'),(49,48,21,7,NULL,NULL,'2019-08-22 19:12:16','2019-08-22 19:12:16',NULL,'{\"pageNumber\":7,\"mediaBox\":[0,0,2160,3024],\"rotate\":270,\"orientation\":\"Landscape\",\"width\":3024,\"height\":2160}','[48]'),(50,50,22,3,NULL,NULL,'2019-08-22 22:42:42','2019-08-22 22:43:40',NULL,'{\"pageNumber\":1,\"mediaBox\":[0,0,792,612],\"rotate\":0,\"orientation\":\"Landscape\",\"width\":792,\"height\":612}','[50]'),(51,51,23,4,NULL,NULL,'2019-08-23 17:03:29','2019-08-23 17:03:42',NULL,'{\"pageNumber\":1,\"mediaBox\":[0,0,792,612],\"rotate\":0,\"orientation\":\"Landscape\",\"width\":792,\"height\":612}','[51]'),(52,52,24,9,NULL,NULL,'2019-08-23 17:04:17','2019-08-23 17:04:27',NULL,'{\"pageNumber\":1,\"mediaBox\":[0,0,2160,3024],\"rotate\":270,\"orientation\":\"Landscape\",\"width\":3024,\"height\":2160}','[52]'),(53,53,24,10,NULL,NULL,'2019-08-23 17:04:17','2019-08-23 17:04:27',NULL,'{\"pageNumber\":2,\"mediaBox\":[0,0,2160,3024],\"rotate\":270,\"orientation\":\"Landscape\",\"width\":3024,\"height\":2160}','[53]'),(54,55,24,12,NULL,NULL,'2019-08-23 17:04:17','2019-08-23 17:04:27',NULL,'{\"pageNumber\":4,\"mediaBox\":[0,0,2160,3024],\"rotate\":270,\"orientation\":\"Landscape\",\"width\":3024,\"height\":2160}','[55]'),(55,54,24,11,NULL,NULL,'2019-08-23 17:04:17','2019-08-23 17:04:27',NULL,'{\"pageNumber\":3,\"mediaBox\":[0,0,2160,3024],\"rotate\":270,\"orientation\":\"Landscape\",\"width\":3024,\"height\":2160}','[54]'),(56,58,24,15,NULL,NULL,'2019-08-23 17:04:17','2019-08-23 17:04:27',NULL,'{\"pageNumber\":7,\"mediaBox\":[0,0,2160,3024],\"rotate\":270,\"orientation\":\"Landscape\",\"width\":3024,\"height\":2160}','[58]'),(57,57,24,14,NULL,NULL,'2019-08-23 17:04:17','2019-08-23 17:04:27',NULL,'{\"pageNumber\":6,\"mediaBox\":[0,0,2160,3024],\"rotate\":270,\"orientation\":\"Landscape\",\"width\":3024,\"height\":2160}','[57]'),(58,56,24,13,NULL,NULL,'2019-08-23 17:04:17','2019-08-23 17:04:27',NULL,'{\"pageNumber\":5,\"mediaBox\":[0,0,2160,3024],\"rotate\":270,\"orientation\":\"Landscape\",\"width\":3024,\"height\":2160}','[56]'),(59,60,24,17,NULL,NULL,'2019-08-23 17:04:17','2019-08-23 17:04:27',NULL,'{\"pageNumber\":9,\"mediaBox\":[0,0,2160,3024],\"rotate\":270,\"orientation\":\"Landscape\",\"width\":3024,\"height\":2160}','[60]'),(60,63,24,20,NULL,NULL,'2019-08-23 17:04:17','2019-08-23 17:04:27',NULL,'{\"pageNumber\":12,\"mediaBox\":[0,0,2160,3024],\"rotate\":270,\"orientation\":\"Landscape\",\"width\":3024,\"height\":2160}','[63]'),(61,61,24,18,NULL,NULL,'2019-08-23 17:04:17','2019-08-23 17:04:27',NULL,'{\"pageNumber\":10,\"mediaBox\":[0,0,2160,3024],\"rotate\":270,\"orientation\":\"Landscape\",\"width\":3024,\"height\":2160}','[61]'),(62,62,24,19,NULL,NULL,'2019-08-23 17:04:17','2019-08-23 17:04:27',NULL,'{\"pageNumber\":11,\"mediaBox\":[0,0,2160,3024],\"rotate\":270,\"orientation\":\"Landscape\",\"width\":3024,\"height\":2160}','[62]'),(63,59,24,16,NULL,NULL,'2019-08-23 17:04:17','2019-08-23 17:04:27',NULL,'{\"pageNumber\":8,\"mediaBox\":[0,0,2160,3024],\"rotate\":270,\"orientation\":\"Landscape\",\"width\":3024,\"height\":2160}','[59]'),(64,64,24,21,NULL,NULL,'2019-08-23 17:04:17','2019-08-23 17:04:27',NULL,'{\"pageNumber\":13,\"mediaBox\":[0,0,2160,3024],\"rotate\":270,\"orientation\":\"Landscape\",\"width\":3024,\"height\":2160}','[64]');
/*!40000 ALTER TABLE `DocumentPageVersions` ENABLE KEYS */;
UNLOCK TABLES;

--
-- Table structure for table `DocumentPages`
--

DROP TABLE IF EXISTS `DocumentPages`;
/*!40101 SET @saved_cs_client     = @@character_set_client */;
/*!40101 SET character_set_client = utf8 */;
CREATE TABLE `DocumentPages` (
  `id` int(10) unsigned NOT NULL AUTO_INCREMENT,
  `document_id` int(10) unsigned NOT NULL,
  `pageReference` varchar(20) DEFAULT NULL,
  `pageName` varchar(50) DEFAULT NULL,
  `calibration` varchar(255) DEFAULT NULL,
  `createdAt` datetime NOT NULL DEFAULT CURRENT_TIMESTAMP,
  `updatedAt` datetime NOT NULL DEFAULT CURRENT_TIMESTAMP,
  `deletedAt` datetime DEFAULT NULL,
  `sheetNumber` varchar(50) DEFAULT NULL,
  PRIMARY KEY (`id`),
  UNIQUE KEY `document_pageReference_UNIQUE` (`pageReference`,`document_id`),
  KEY `fk_document_id_idx` (`document_id`),
  KEY `pageName_idx` (`pageName`),
  KEY `deletedAt_idx` (`deletedAt`),
  CONSTRAINT `documentpages_ibfk_1` FOREIGN KEY (`document_id`) REFERENCES `Documents` (`id`)
) ENGINE=InnoDB AUTO_INCREMENT=65 DEFAULT CHARSET=latin1;
/*!40101 SET character_set_client = @saved_cs_client */;

--
-- Dumping data for table `DocumentPages`
--

LOCK TABLES `DocumentPages` WRITE;
/*!40000 ALTER TABLE `DocumentPages` DISABLE KEYS */;
INSERT INTO `DocumentPages` VALUES (1,1,'ref-0001',NULL,NULL,'2019-07-26 21:30:01','2019-07-26 21:30:01',NULL,NULL),(2,1,'ref-0002',NULL,NULL,'2019-07-26 21:30:01','2019-07-26 21:30:01',NULL,NULL),(3,2,'ref-0001',NULL,NULL,'2019-07-26 22:31:34','2019-07-26 22:31:34',NULL,NULL),(4,2,'ref-0002',NULL,NULL,'2019-07-26 22:31:34','2019-07-26 22:31:34',NULL,NULL),(5,3,'ref-0001',NULL,NULL,'2019-07-29 18:25:04','2019-07-29 18:25:04',NULL,NULL),(6,3,'ref-0002',NULL,NULL,'2019-07-29 18:25:04','2019-07-29 18:25:04',NULL,NULL),(7,3,'ref-0003',NULL,NULL,'2019-07-29 18:25:04','2019-07-29 18:25:04',NULL,NULL),(8,4,'ref-0001',NULL,NULL,'2019-07-29 21:43:37','2019-07-29 21:43:37',NULL,NULL),(9,4,'ref-0002',NULL,NULL,'2019-07-29 21:43:37','2019-07-29 21:43:37',NULL,NULL),(10,4,'ref-0003',NULL,NULL,'2019-07-29 21:43:37','2019-07-29 21:43:37',NULL,NULL),(11,5,'ref-0002',NULL,NULL,'2019-07-29 23:07:52','2019-07-29 23:07:52',NULL,NULL),(12,5,'ref-0001',NULL,NULL,'2019-07-29 23:07:52','2019-07-29 23:07:52',NULL,NULL),(13,5,'ref-0003',NULL,NULL,'2019-07-29 23:07:52','2019-07-29 23:07:52',NULL,NULL),(14,6,'ref-0001',NULL,NULL,'2019-07-30 17:28:18','2019-07-30 17:28:18',NULL,NULL),(15,6,'ref-0002',NULL,NULL,'2019-07-30 17:28:18','2019-07-30 17:28:18',NULL,NULL),(16,6,'ref-0003',NULL,NULL,'2019-07-30 17:28:18','2019-07-30 17:28:18',NULL,NULL),(17,7,'ref-0002',NULL,NULL,'2019-07-31 20:47:25','2019-07-31 20:47:25',NULL,NULL),(18,7,'ref-0001',NULL,NULL,'2019-07-31 20:47:25','2019-07-31 20:47:25',NULL,NULL),(19,7,'ref-0003',NULL,NULL,'2019-07-31 20:47:25','2019-07-31 20:47:25',NULL,NULL),(20,8,'ref-0001',NULL,NULL,'2019-07-31 20:50:05','2019-07-31 20:50:05','2019-07-31 20:50:43',NULL),(21,9,'ref-0001',NULL,NULL,'2019-07-31 20:58:35','2019-07-31 20:58:35','2019-07-31 20:59:12',NULL),(22,9,'ref-0002',NULL,NULL,'2019-07-31 20:58:35','2019-07-31 20:58:35','2019-07-31 20:59:12',NULL),(23,10,'ref-0001',NULL,NULL,'2019-08-01 03:29:13','2019-08-01 03:29:13',NULL,NULL),(24,10,'ref-0002',NULL,NULL,'2019-08-01 03:29:13','2019-08-01 03:29:13',NULL,NULL),(25,10,'ref-0003',NULL,NULL,'2019-08-01 03:29:13','2019-08-01 03:29:13',NULL,NULL),(26,11,'ref-0001',NULL,NULL,'2019-08-01 03:32:25','2019-08-01 03:32:25','2019-08-01 03:33:02',NULL),(27,12,'ref-0001',NULL,NULL,'2019-08-05 16:47:30','2019-08-05 16:47:30',NULL,NULL),(28,12,'ref-0002',NULL,NULL,'2019-08-05 16:47:30','2019-08-05 16:47:30',NULL,NULL),(29,12,'ref-0003',NULL,NULL,'2019-08-05 16:47:30','2019-08-05 16:47:30',NULL,NULL),(30,13,'ref-0001',NULL,NULL,'2019-08-05 19:18:18','2019-08-05 19:18:18',NULL,NULL),(31,14,'ref-0001',NULL,NULL,'2019-08-12 23:37:31','2019-08-12 23:37:31',NULL,NULL),(32,14,'ref-0002',NULL,NULL,'2019-08-12 23:37:31','2019-08-12 23:37:31',NULL,NULL),(33,15,'ref-0001',NULL,NULL,'2019-08-19 17:26:59','2019-08-19 17:26:59',NULL,NULL),(34,15,'ref-0002',NULL,NULL,'2019-08-19 17:26:59','2019-08-19 17:26:59',NULL,NULL),(35,16,'ref-0001',NULL,'{\"coordinates\":[[-30488037.087674372,-25165108.032234296],[15451053.694735326,-25129583.013374135]],\"distance\":36,\"units\":\"feet\",\"mapLength\":45939104.52}','2019-08-20 15:35:52','2019-08-20 16:30:27',NULL,NULL),(36,16,'ref-0002',NULL,NULL,'2019-08-20 15:35:52','2019-08-20 15:35:52',NULL,NULL),(37,17,'ref-0001',NULL,NULL,'2019-08-20 18:22:15','2019-08-20 18:22:15',NULL,NULL),(38,18,'ref-0001',NULL,NULL,'2019-08-21 15:52:22','2019-08-21 15:52:22',NULL,NULL),(39,18,'ref-0002',NULL,NULL,'2019-08-21 15:52:22','2019-08-21 15:52:22',NULL,NULL),(40,19,'ref-0001',NULL,NULL,'2019-08-21 23:33:14','2019-08-21 23:33:14',NULL,NULL),(41,20,'ref-0001',NULL,NULL,'2019-08-22 19:10:44','2019-08-22 19:10:44',NULL,NULL),(42,21,'ref-0001',NULL,NULL,'2019-08-22 19:12:16','2019-08-22 19:12:16',NULL,NULL),(43,21,'ref-0002',NULL,NULL,'2019-08-22 19:12:16','2019-08-22 19:12:16',NULL,NULL),(44,21,'ref-0003',NULL,NULL,'2019-08-22 19:12:16','2019-08-22 19:12:16',NULL,NULL),(45,21,'ref-0004',NULL,NULL,'2019-08-22 19:12:16','2019-08-22 19:12:16',NULL,NULL),(46,21,'ref-0005',NULL,NULL,'2019-08-22 19:12:16','2019-08-22 19:12:16',NULL,NULL),(47,21,'ref-0006',NULL,NULL,'2019-08-22 19:12:16','2019-08-22 19:12:16',NULL,NULL),(48,21,'ref-0007',NULL,NULL,'2019-08-22 19:12:16','2019-08-22 19:12:16',NULL,NULL),(49,21,'ref-0008',NULL,NULL,'2019-08-22 19:12:16','2019-08-22 19:12:16',NULL,NULL),(50,22,'ref-0001',NULL,NULL,'2019-08-22 22:42:42','2019-08-22 22:42:42','2019-08-22 22:43:40',NULL),(51,23,'ref-0001',NULL,NULL,'2019-08-23 17:03:29','2019-08-23 17:03:29','2019-08-23 17:03:43',NULL),(52,24,'ref-0001',NULL,NULL,'2019-08-23 17:04:17','2019-08-23 17:04:17','2019-08-23 17:04:27',NULL),(53,24,'ref-0002',NULL,NULL,'2019-08-23 17:04:17','2019-08-23 17:04:17','2019-08-23 17:04:27',NULL),(54,24,'ref-0003',NULL,NULL,'2019-08-23 17:04:17','2019-08-23 17:04:17','2019-08-23 17:04:27',NULL),(55,24,'ref-0004',NULL,NULL,'2019-08-23 17:04:17','2019-08-23 17:04:17','2019-08-23 17:04:27',NULL),(56,24,'ref-0005',NULL,NULL,'2019-08-23 17:04:17','2019-08-23 17:04:17','2019-08-23 17:04:27',NULL),(57,24,'ref-0006',NULL,NULL,'2019-08-23 17:04:17','2019-08-23 17:04:17','2019-08-23 17:04:27',NULL),(58,24,'ref-0007',NULL,NULL,'2019-08-23 17:04:17','2019-08-23 17:04:17','2019-08-23 17:04:27',NULL),(59,24,'ref-0008',NULL,NULL,'2019-08-23 17:04:17','2019-08-23 17:04:17','2019-08-23 17:04:27',NULL),(60,24,'ref-0009',NULL,NULL,'2019-08-23 17:04:17','2019-08-23 17:04:17','2019-08-23 17:04:27',NULL),(61,24,'ref-0010',NULL,NULL,'2019-08-23 17:04:17','2019-08-23 17:04:17','2019-08-23 17:04:27',NULL),(62,24,'ref-0011',NULL,NULL,'2019-08-23 17:04:17','2019-08-23 17:04:17','2019-08-23 17:04:27',NULL),(63,24,'ref-0012',NULL,NULL,'2019-08-23 17:04:17','2019-08-23 17:04:17','2019-08-23 17:04:27',NULL),(64,24,'ref-0013',NULL,NULL,'2019-08-23 17:04:17','2019-08-23 17:04:17','2019-08-23 17:04:27',NULL);
/*!40000 ALTER TABLE `DocumentPages` ENABLE KEYS */;
UNLOCK TABLES;

--
-- Table structure for table `DocumentSketches`
--

DROP TABLE IF EXISTS `DocumentSketches`;
/*!40101 SET @saved_cs_client     = @@character_set_client */;
/*!40101 SET character_set_client = utf8 */;
CREATE TABLE `DocumentSketches` (
  `id` int(10) unsigned NOT NULL AUTO_INCREMENT,
  `documentEntity_id` int(10) unsigned NOT NULL,
  `content` text,
  `isRemoved` tinyint(1) NOT NULL DEFAULT '0',
  `createdAt` datetime NOT NULL DEFAULT CURRENT_TIMESTAMP,
  `updatedAt` datetime NOT NULL DEFAULT CURRENT_TIMESTAMP,
  `deletedAt` datetime DEFAULT NULL,
  `pageVersion_id` int(10) unsigned DEFAULT NULL,
  `updatedBy_id` int(10) unsigned DEFAULT NULL,
  `documentVersion_id` int(10) unsigned DEFAULT NULL,
  PRIMARY KEY (`id`),
  KEY `fk_documentEntity_id_idx` (`documentEntity_id`),
  KEY `deletedAt_idx` (`deletedAt`),
  CONSTRAINT `documentsketches_ibfk_1` FOREIGN KEY (`documentEntity_id`) REFERENCES `DocumentEntities` (`id`)
) ENGINE=InnoDB AUTO_INCREMENT=46 DEFAULT CHARSET=latin1;
/*!40101 SET character_set_client = @saved_cs_client */;

--
-- Dumping data for table `DocumentSketches`
--

LOCK TABLES `DocumentSketches` WRITE;
/*!40000 ALTER TABLE `DocumentSketches` DISABLE KEYS */;
INSERT INTO `DocumentSketches` VALUES (1,8,'{\"type\":\"Feature\",\"geometry\":{\"type\":\"Polygon\",\"coordinates\":[[[8971523.205585822,4426650.3009190485],[8971523.205585822,-10901521.771201633],[26550001.39042209,-10901521.771201633],[26550001.39042209,4426650.3009190485],[8971523.205585822,4426650.3009190485]]]},\"properties\":{\"fill\":[209,58,58],\"fill-opacity\":0.6,\"stroke\":[209,58,58],\"stroke-opacity\":1,\"stroke-width\":1,\"line-dash\":[0,0],\"name\":\"1564424747582\",\"category\":\"sketches\",\"type\":\"Box\",\"isChanged\":true}}',0,'2019-07-29 18:32:06','2019-07-29 18:32:06',NULL,5,1,3),(2,7,'{\"type\":\"Feature\",\"geometry\":{\"type\":\"Polygon\",\"coordinates\":[[[6789355.243798733,14816844.751477744],[7164409.349817943,15279817.829467805],[7492278.170649795,15777323.29648479],[7769804.15031835,16304569.902917176],[7994314.561928266,16856479.975722708],[8163647.247485866,17427738.319195528],[8276171.440662567,18012843.40320642],[8330803.471966097,18606160.34594538],[8327017.205070096,19201975.180913806],[8264849.103794558,19794549.885545425],[8144897.880939307,20378177.641500358],[7968318.732352446,20947237.794445366],[7736812.21176285,21496249.984027673],[7452607.853518133,22019926.922741007],[7118442.700950098,22513225.31539462],[6737534.94715123,22971394.428802934],[6313552.942015968,23390021.843943108],[5850579.864025908,23765075.949962318],[5353074.397008922,24092944.770794168],[4825827.790576536,24370470.750462726],[4273917.717771006,24594981.16207264],[3702659.374298185,24764313.84763024],[3117554.2902872968,24876838.04080694],[2524237.347548334,24931470.07211047],[1928422.5125799081,24927683.805214472],[1335847.8079482862,24865515.70393893],[752220.0519933542,24745564.48108368],[183159.89904834563,24568985.332496822],[-365852.2905339594,24337478.811907224],[-889529.2292472948,24053274.453662507],[-1382827.6219009096,23719109.301094472],[-1840996.7353092204,23338201.547295608],[-2259624.150449396,22914219.542160343],[-2634678.2564686043,22451246.464170285],[-2962547.077300458,21953740.997153297],[-3240073.056969012,21426494.39072091],[-3464583.468578928,20874584.317915384],[-3633916.1541365283,20303325.97444256],[-3746440.347313229,19718220.890431672],[-3801072.3786167586,19124903.94769271],[-3797286.1117207585,18529089.11272428],[-3735118.0104452204,17936514.408092663],[-3615166.787589968,17352886.652137727],[-3438587.6390031083,16783826.499192722],[-3207081.1184135135,16234814.309610415],[-2922876.7601687955,15711137.37089708],[-2588711.6076007616,15217838.978243466],[-2207803.8538018893,14759669.86483515],[-1783821.8486666302,14341042.44969498],[-1320848.7706765714,13965988.34367577],[-823343.3036595825,13638119.522843916],[-296096.6972271977,13360593.543175364],[255813.3755783348,13136083.131565446],[827071.7190511529,12966750.446007848],[1412176.8030620415,12854226.252831146],[2005493.7458010071,12799594.221527616],[2601308.58076943,12803380.488423616],[3193883.2854010495,12865548.589699155],[3777511.041355984,12985499.812554408],[4346571.194300992,13162078.961141266],[4895583.3838832965,13393585.481730862],[5419260.322596632,13677789.83997558],[5912558.715250246,14011954.992543614],[6370727.828658562,14392862.746342484],[6789355.243798733,14816844.751477744]]]},\"properties\":{\"fill\":[209,58,58],\"fill-opacity\":0.6,\"stroke\":[209,58,58],\"stroke-opacity\":1,\"stroke-width\":1,\"line-dash\":[0,0],\"name\":\"1564424751370\",\"category\":\"sketches\",\"type\":\"Circle\",\"isChanged\":true}}',0,'2019-07-29 18:32:06','2019-07-29 18:32:06',NULL,5,1,3),(3,9,'{\"type\":\"Feature\",\"geometry\":{\"type\":\"Polygon\",\"coordinates\":[[[-13808167.166792601,6659485.092883736],[-13808167.166792601,19223694.22221244],[-31294629.729007475,19223694.22221244],[-31294629.729007475,6659485.092883736],[-13808167.166792601,6659485.092883736]]]},\"properties\":{\"fill\":[209,58,58],\"fill-opacity\":0.6,\"stroke\":[209,58,58],\"stroke-opacity\":1,\"stroke-width\":1,\"line-dash\":[0,0],\"name\":\"1564424744321\",\"category\":\"sketches\",\"type\":\"Box\",\"isChanged\":true}}',0,'2019-07-29 18:32:06','2019-07-29 18:32:06',NULL,5,1,3),(4,12,'{\"type\":\"Feature\",\"geometry\":{\"type\":\"Polygon\",\"coordinates\":[[[15732574.90976812,-17017328.48118536],[15732574.90976812,-24065433.985304885],[33761318.149222925,-24065433.985304885],[33761318.149222925,-17017328.48118536],[15732574.90976812,-17017328.48118536]]]},\"properties\":{\"fill\":[209,58,58],\"fill-opacity\":0.6,\"stroke\":[209,58,58],\"stroke-opacity\":1,\"stroke-width\":1,\"line-dash\":[0,0],\"name\":\"1564438846362\",\"category\":\"sketches\",\"type\":\"Box\",\"isChanged\":true}}',0,'2019-07-29 22:20:48','2019-07-29 22:20:48',NULL,8,1,4),(5,15,'{\"type\":\"Feature\",\"geometry\":{\"type\":\"Polygon\",\"coordinates\":[[[-31589312.67233928,22782019.881811887],[-31589312.67233928,16279776.675686229],[-15768449.355043292,16279776.675686229],[-15768449.355043292,22782019.881811887],[-31589312.67233928,22782019.881811887]]]},\"properties\":{\"fill\":[209,58,58],\"fill-opacity\":0.6,\"stroke\":[209,58,58],\"stroke-opacity\":1,\"stroke-width\":1,\"line-dash\":[0,0],\"name\":\"1564439475823\",\"category\":\"sketches\",\"type\":\"Box\",\"isChanged\":true}}',0,'2019-07-29 22:31:34','2019-07-29 22:31:34',NULL,9,1,4),(6,16,'{\"type\":\"Feature\",\"geometry\":{\"type\":\"Polygon\",\"coordinates\":[[[-30243438.597161815,5257120.413945042],[-30243438.597161815,-9974377.016687334],[-25255376.522780597,-9974377.016687334],[-25255376.522780597,5257120.413945042],[-30243438.597161815,5257120.413945042]]]},\"properties\":{\"fill\":[209,58,58],\"fill-opacity\":0.6,\"stroke\":[209,58,58],\"stroke-opacity\":1,\"stroke-width\":1,\"line-dash\":[0,0],\"name\":\"1564439562950\",\"category\":\"sketches\",\"type\":\"Box\",\"isChanged\":true}}',0,'2019-07-29 22:32:44','2019-07-29 22:32:44',NULL,9,1,4),(7,17,'{\"type\":\"Feature\",\"geometry\":{\"type\":\"Polygon\",\"coordinates\":[[[-5339817.998832621,9559724.337532714],[-5339817.998832621,-1829829.6599773169],[16378780.826607972,-1829829.6599773169],[16378780.826607972,9559724.337532714],[-5339817.998832621,9559724.337532714]]]},\"properties\":{\"fill\":[209,58,58],\"fill-opacity\":0.6,\"stroke\":[209,58,58],\"stroke-opacity\":1,\"stroke-width\":1,\"line-dash\":[0,0],\"name\":\"1564439660680\",\"category\":\"sketches\",\"type\":\"Box\",\"isChanged\":true}}',0,'2019-07-29 22:34:22','2019-07-29 22:34:22',NULL,9,1,4),(8,18,'{\"type\":\"Feature\",\"geometry\":{\"type\":\"Polygon\",\"coordinates\":[[[-34225152.59629133,22412210.259251226],[-34225152.59629133,12369112.714277022],[-22459965.20263701,12369112.714277022],[-22459965.20263701,22412210.259251226],[-34225152.59629133,22412210.259251226]]]},\"properties\":{\"fill\":[209,58,58],\"fill-opacity\":0.6,\"stroke\":[209,58,58],\"stroke-opacity\":1,\"stroke-width\":1,\"line-dash\":[0,0],\"name\":\"1564439757749\",\"category\":\"sketches\",\"type\":\"Box\",\"isChanged\":true}}',0,'2019-07-29 22:36:12','2019-07-29 22:36:12',NULL,10,1,4),(9,19,'{\"type\":\"Feature\",\"geometry\":{\"type\":\"Polygon\",\"coordinates\":[[[-17248270.222644307,-931221.3960228264],[-17248270.222644307,-10877061.922150373],[-5932678.149646409,-10877061.922150373],[-5932678.149646409,-931221.3960228264],[-17248270.222644307,-931221.3960228264]]]},\"properties\":{\"fill\":[209,58,58],\"fill-opacity\":0.6,\"stroke\":[209,58,58],\"stroke-opacity\":1,\"stroke-width\":1,\"line-dash\":[0,0],\"name\":\"1564439953301\",\"category\":\"sketches\",\"type\":\"Box\",\"isChanged\":true}}',0,'2019-07-29 22:39:14','2019-07-29 22:39:14',NULL,10,1,4),(10,20,'{\"type\":\"Feature\",\"geometry\":{\"type\":\"Polygon\",\"coordinates\":[[[26882538.86204751,8616273.016984254],[26882538.86204751,18428749.128046613],[3494264.1501794755,18428749.128046613],[3494264.1501794755,8616273.016984254],[26882538.86204751,8616273.016984254]]]},\"properties\":{\"fill\":[209,58,58],\"fill-opacity\":0.6,\"stroke\":[209,58,58],\"stroke-opacity\":1,\"stroke-width\":1,\"line-dash\":[0,0],\"name\":\"1564440084161\",\"category\":\"sketches\",\"type\":\"Box\",\"isChanged\":true}}',0,'2019-07-29 22:41:30','2019-07-29 22:41:30',NULL,10,1,4),(11,21,'{\"type\":\"Feature\",\"geometry\":{\"type\":\"Polygon\",\"coordinates\":[[[9712307.205423877,-6022946.640192702],[9712307.205423877,-15413199.166441709],[14096443.959182411,-15413199.166441709],[14096443.959182411,-6022946.640192702],[9712307.205423877,-6022946.640192702]]]},\"properties\":{\"fill\":[209,58,58],\"fill-opacity\":0.6,\"stroke\":[209,58,58],\"stroke-opacity\":1,\"stroke-width\":1,\"line-dash\":[0,0],\"name\":\"1564440120110\",\"category\":\"sketches\",\"type\":\"Box\",\"isChanged\":true}}',0,'2019-07-29 22:42:01','2019-07-29 22:42:01',NULL,10,1,4),(12,22,'{\"type\":\"Feature\",\"geometry\":{\"type\":\"Polygon\",\"coordinates\":[[[24015495.126825243,-5364860.225242235],[24015495.126825243,-16813816.713305317],[37951202.93509939,-16813816.713305317],[37951202.93509939,-5364860.225242235],[24015495.126825243,-5364860.225242235]]]},\"properties\":{\"fill\":[209,58,58],\"fill-opacity\":0.6,\"stroke\":[209,58,58],\"stroke-opacity\":1,\"stroke-width\":1,\"line-dash\":[0,0],\"name\":\"1564440186670\",\"category\":\"sketches\",\"type\":\"Box\",\"isChanged\":true}}',0,'2019-07-29 22:43:08','2019-07-29 22:43:08',NULL,10,1,4),(13,26,'{\"type\":\"Feature\",\"geometry\":{\"type\":\"Polygon\",\"coordinates\":[[[6386350.11181137,4721915.621609218],[6386350.11181137,-1428571.66006504],[16700253.12842448,-1428571.66006504],[16700253.12842448,4721915.621609218],[6386350.11181137,4721915.621609218]]]},\"properties\":{\"fill\":[209,58,58],\"fill-opacity\":0.6,\"stroke\":[209,58,58],\"stroke-opacity\":1,\"stroke-width\":1,\"line-dash\":[0,0],\"name\":\"1564441788357\",\"category\":\"sketches\",\"type\":\"Box\",\"isChanged\":true}}',0,'2019-07-29 23:09:50','2019-07-29 23:09:50',NULL,12,1,5),(14,32,'{\"type\":\"Feature\",\"geometry\":{\"type\":\"Polygon\",\"coordinates\":[[[15611207.468285218,-6453323.508023143],[15855490.804271512,-6019033.649971631],[16056029.999265265,-5562891.062266588],[16210893.75119281,-5089288.647380517],[16318590.63746595,-4602787.455466185],[16378083.478196763,-4108072.758950332],[16388799.324806921,-3609908.9307989674],[16350634.977835689,-3113093.5610012384],[16263957.980807155,-2622411.2531552045],[16129603.080585167,-2142587.546119657],[15948864.188304726,-1678243.4044916676],[15723481.91830042,-1233850.7161914436],[15455626.82503887,-813689.2257370683],[15147878.499492675,-421805.3179652528],[14803200.726269193,-61973.04913337575],[14424912.940744603,262342.1993053858],[14016658.261086643,548017.0942198187],[13582368.40303513,792300.4302061135],[13126225.81533009,992839.6251998646],[12652623.400444018,1147703.3771274108],[12166122.208529685,1255400.26340055],[11671407.51201383,1314893.1041313643],[11173243.683862468,1325608.950741523],[10676428.31406474,1287444.6037702905],[10185746.006218703,1200767.6067417553],[9705922.299183156,1066412.7065197676],[9241578.157555167,885673.8142393269],[8797185.469254943,660291.5442350209],[8377023.978800569,392436.4509734707],[7985140.071028752,84688.12542727636],[7625307.802196876,-259989.64779620524],[7300992.553758115,-638277.4333207966],[7015317.658843681,-1046532.112978756],[6771034.322857387,-1480821.9710302684],[6570495.127863634,-1936964.558735312],[6415631.375936089,-2410566.9736213814],[6307934.48966295,-2897068.1655357135],[6248441.648932136,-3391782.8620515675],[6237725.802321977,-3889946.690202931],[6275890.149293209,-4386762.06000066],[6362567.146321745,-4877444.367846695],[6496922.04654373,-5357268.074882241],[6677660.938824173,-5821612.216510233],[6903043.208828479,-6266004.904810456],[7170898.302090028,-6686166.395264829],[7478646.627636224,-7078050.303036647],[7823324.400859704,-7437882.571868523],[8201612.186384296,-7762197.820307285],[8609866.866042254,-8047872.715221716],[9044156.724093765,-8292156.05120801],[9500299.31179881,-8492695.246201765],[9973901.72668488,-8647558.99812931],[10460402.918599214,-8755255.88440245],[10955117.615115065,-8814748.725133263],[11453281.443266429,-8825464.571743421],[11950096.81306416,-8787300.224772189],[12440779.120910192,-8700623.227743655],[12920602.827945739,-8566268.327521669],[13384946.96957373,-8385529.435241227],[13829339.657873953,-8160147.165236921],[14249501.148328327,-7892292.071975373],[14641385.056100145,-7584543.746429177],[15001217.32493202,-7239865.973205697],[15325532.573370785,-6861578.187681103],[15611207.468285218,-6453323.508023143]]]},\"properties\":{\"fill\":[209,58,58],\"fill-opacity\":0.6,\"stroke\":[209,58,58],\"stroke-opacity\":1,\"stroke-width\":1,\"line-dash\":[0,0],\"name\":\"1564512218713\",\"category\":\"sketches\",\"type\":\"Circle\",\"isChanged\":true}}',0,'2019-07-30 18:43:40','2019-07-30 18:43:40',NULL,14,1,6),(15,33,'{\"type\":\"Feature\",\"geometry\":{\"type\":\"Polygon\",\"coordinates\":[[[17796287.316864118,11178151.01642418],[17875505.74073908,11259176.3120552],[17946400.838478375,11347576.212110933],[18008289.851535574,11442499.377229536],[18060576.754882958,11543031.645440638],[18102757.99705836,11648204.836044839],[18134427.34964103,11757006.073723104],[18155279.81945335,11868387.543079788],[18165114.585811924,11981276.579677679],[18163836.93454048,12094586.000382915],[18151459.1701192,12207224.573532876],[18128100.49718583,12318107.528093617],[18093985.872529875,12426167.000597933],[18049443.838635724,12530362.31925429],[17994903.359638922,12629690.026185071],[17930889.690167073,12723193.541274486],[17858019.316850618,12809972.374558002],[17776994.021219596,12889190.798432963],[17688594.121163864,12960085.896172259],[17593670.956045263,13021974.909229457],[17493138.68783416,13074261.812576842],[17387965.49722996,13116443.054752247],[17279164.259551693,13148112.407334913],[17167782.79019501,13168964.877147237],[17054893.753597118,13178799.643505808],[16941584.33289188,13177521.992234364],[16828945.75974192,13165144.227813082],[16718062.80518118,13141785.554879716],[16610003.332676863,13107670.930223761],[16505808.014020506,13063128.896329606],[16406480.307089726,13008588.417332806],[16312976.79200031,12944574.747860955],[16226197.958716795,12871704.374544501],[16146979.534841834,12790679.07891348],[16076084.437102538,12702279.178857747],[16014195.42404534,12607356.013739144],[15961908.520697955,12506823.745528042],[15919727.27852255,12401650.554923842],[15888057.925939884,12292849.317245577],[15867205.45612756,12181467.847888893],[15857370.689768989,12068578.811291002],[15858648.341040432,11955269.390585767],[15871026.105461715,11842630.817435805],[15894384.778395081,11731747.862875063],[15928499.403051035,11623688.390370747],[15973041.43694519,11519493.07171439],[16027581.91594199,11420165.36478361],[16091595.585413842,11326661.849694194],[16164465.958730295,11239883.016410679],[16245491.254361317,11160664.592535717],[16333891.15441705,11089769.49479642],[16428814.319535652,11027880.481739221],[16529346.587746754,10975593.578391839],[16634519.778350953,10933412.336216433],[16743321.01602922,10901742.983633768],[16854702.485385906,10880890.513821444],[16967591.521983795,10871055.747462872],[17080900.94268903,10872333.398734316],[17193539.51583899,10884711.163155599],[17304422.470399734,10908069.836088965],[17412481.942904048,10942184.46074492],[17516677.261560407,10986726.494639074],[17616004.968491185,11041266.973635875],[17709508.4835806,11105280.643107725],[17796287.316864118,11178151.01642418]]]},\"properties\":{\"fill\":[209,58,58],\"fill-opacity\":0.6,\"stroke\":[209,58,58],\"stroke-opacity\":1,\"stroke-width\":1,\"line-dash\":[0,0],\"name\":\"1564605560575\",\"category\":\"sketches\",\"type\":\"Circle\",\"isChanged\":true}}',0,'2019-07-31 20:39:23','2019-07-31 20:39:23',NULL,14,1,6),(16,39,'{\"type\":\"Feature\",\"geometry\":{\"type\":\"Polygon\",\"coordinates\":[[[-18894651.01473721,15442318.03435988],[-18894651.01473721,9314543.469661787],[-8289559.318942472,9314543.469661787],[-8289559.318942472,15442318.03435988],[-18894651.01473721,15442318.03435988]]]},\"properties\":{\"fill\":[209,58,58],\"fill-opacity\":0.6,\"stroke\":[209,58,58],\"stroke-opacity\":1,\"stroke-width\":1,\"line-dash\":[0,0],\"name\":\"1564612799628\",\"category\":\"sketches\",\"type\":\"Box\",\"isChanged\":true,\"calculation\":\"Area: null\"}}',0,'2019-07-31 22:41:20','2019-07-31 22:41:20',NULL,21,1,9),(17,42,'{\"type\":\"Feature\",\"geometry\":{\"type\":\"Polygon\",\"coordinates\":[[[3019187.5891229585,11115423.000712201],[3019187.5891229585,1345214.4622735009],[19146470.03572701,1345214.4622735009],[19146470.03572701,11115423.000712201],[3019187.5891229585,11115423.000712201]]]},\"properties\":{\"fill\":[209,58,58],\"fill-opacity\":0.6,\"stroke\":[209,58,58],\"stroke-opacity\":1,\"stroke-width\":1,\"line-dash\":[0,0],\"name\":\"1564634076159\",\"category\":\"sketches\",\"type\":\"Box\",\"isChanged\":true}}',0,'2019-08-01 04:50:58','2019-08-01 04:50:58',NULL,23,1,11),(18,49,'{\"type\":\"Feature\",\"geometry\":{\"type\":\"Polygon\",\"coordinates\":[[[3019187.5891229585,11115423.000712201],[3019187.5891229585,1345214.4622735009],[19146470.03572701,1345214.4622735009],[19146470.03572701,11115423.000712201],[3019187.5891229585,11115423.000712201]]]},\"properties\":{\"fill\":[209,58,58],\"fill-opacity\":0.6,\"stroke\":[209,58,58],\"stroke-opacity\":1,\"stroke-width\":1,\"line-dash\":[0,0],\"name\":\"1564634076159\",\"category\":\"sketches\",\"type\":\"Box\",\"isChanged\":true}}',0,'2019-08-01 19:17:41','2019-08-01 19:17:41',NULL,26,3,11),(19,56,'{\"type\":\"Feature\",\"geometry\":{\"type\":\"Polygon\",\"coordinates\":[[[-32181590.4457947,-334284.60370049626],[-32181590.4457947,-3017879.4710383415],[-14017240.638445012,-3017879.4710383415],[-14017240.638445012,-334284.60370049626],[-32181590.4457947,-334284.60370049626]]]},\"properties\":{\"fill\":[255,255,255],\"fill-opacity\":0,\"stroke\":[255,255,255],\"stroke-opacity\":0,\"stroke-width\":1,\"line-dash\":[0,0],\"name\":\"1564699645033\",\"category\":\"sketches\",\"type\":\"TextBox\",\"isChanged\":true,\"textStyle\":{\"fontSize\":14,\"style\":\"Bold\",\"font\":\"Helvetica\",\"fontColor\":[209,58,58],\"textOpacity\":1},\"calculation\":\"Area: null\",\"text\":\"hello world 5\"}}',0,'2019-08-01 22:47:33','2019-08-01 22:47:33',NULL,23,3,11),(20,60,'{\"type\":\"Feature\",\"geometry\":{\"type\":\"Polygon\",\"coordinates\":[[[-34630254.28676881,-3288015.208715141],[-34630254.28676881,-10842439.588195682],[-15708726.55694314,-10842439.588195682],[-15708726.55694314,-3288015.208715141],[-34630254.28676881,-3288015.208715141]]]},\"properties\":{\"fill\":[255,255,255],\"fill-opacity\":0,\"stroke\":[255,255,255],\"stroke-opacity\":0,\"stroke-width\":1,\"line-dash\":[0,0],\"name\":\"1564712378306\",\"category\":\"sketches\",\"type\":\"TextBox\",\"isChanged\":true,\"textStyle\":{\"fontSize\":14,\"style\":\"Bold\",\"font\":\"Helvetica\",\"fontColor\":[209,58,58],\"textOpacity\":1},\"calculation\":\"Area: null\",\"text\":\"hello world 6\"}}',0,'2019-08-02 02:20:06','2019-08-02 02:20:06',NULL,25,3,11),(21,61,'{\"type\":\"Feature\",\"geometry\":{\"type\":\"Polygon\",\"coordinates\":[[[-34096447.20009305,7064819.734304555],[-34096447.20009305,-3017879.4710383415],[-17476562.14712269,-3017879.4710383415],[-17476562.14712269,7064819.734304555],[-34096447.20009305,7064819.734304555]]]},\"properties\":{\"fill\":[209,58,58],\"fill-opacity\":0.6,\"stroke\":[209,58,58],\"stroke-opacity\":1,\"stroke-width\":1,\"line-dash\":[0,0],\"name\":\"1564716915035\",\"category\":\"sketches\",\"type\":\"Box\",\"isChanged\":true}}',0,'2019-08-02 03:35:38','2019-08-02 03:35:38',NULL,23,3,11),(22,62,'{\"type\":\"Feature\",\"geometry\":{\"type\":\"Polygon\",\"coordinates\":[[[3453497.7350940704,18136395.694148257],[3453497.7350940704,7226138.262571178],[19719879.731537938,7226138.262571178],[19719879.731537938,18136395.694148257],[3453497.7350940704,18136395.694148257]]]},\"properties\":{\"fill\":[209,58,58],\"fill-opacity\":0.6,\"stroke\":[209,58,58],\"stroke-opacity\":1,\"stroke-width\":1,\"line-dash\":[0,0],\"name\":\"1564716168448\",\"category\":\"sketches\",\"type\":\"Box\",\"isChanged\":true}}',0,'2019-08-02 03:35:38','2019-08-02 03:35:38',NULL,23,3,11),(23,63,'{\"type\":\"Feature\",\"geometry\":{\"type\":\"Polygon\",\"coordinates\":[[[-38326253.953885324,26554078.03193064],[-38326253.953885324,11570090.97860264],[-19205640.52410318,11570090.97860264],[-19205640.52410318,26554078.03193064],[-38326253.953885324,26554078.03193064]]]},\"properties\":{\"fill\":[255,255,255],\"fill-opacity\":0,\"stroke\":[255,255,255],\"stroke-opacity\":0,\"stroke-width\":1,\"line-dash\":[0,0],\"name\":\"1565023749766\",\"category\":\"sketches\",\"type\":\"TextBox\",\"isChanged\":true,\"textStyle\":{\"fontSize\":14,\"style\":\"Bold\",\"font\":\"Helvetica\",\"fontColor\":[209,58,58],\"textOpacity\":1},\"calculation\":\"Area: null\",\"text\":\"hello world\"}}',0,'2019-08-05 16:49:22','2019-08-05 16:49:22',NULL,27,3,12),(24,64,'{\"type\":\"Feature\",\"geometry\":{\"type\":\"Polygon\",\"coordinates\":[[[-18787493.580798373,-11924176.412487492],[-18787493.580798373,-26901757.3148735],[-4005591.4708224237,-26901757.3148735],[-4005591.4708224237,-11924176.412487492],[-18787493.580798373,-11924176.412487492]]]},\"properties\":{\"fill\":[255,255,255],\"fill-opacity\":0,\"stroke\":[255,255,255],\"stroke-opacity\":0,\"stroke-width\":1,\"line-dash\":[0,0],\"name\":\"1565028717796\",\"category\":\"sketches\",\"type\":\"TextBox\",\"isChanged\":true,\"textStyle\":{\"fontSize\":14,\"style\":\"Bold\",\"font\":\"Helvetica\",\"fontColor\":[209,58,58],\"textOpacity\":1},\"calculation\":\"Area: null\",\"text\":\"align this text\"}}',0,'2019-08-05 18:12:04','2019-08-05 18:12:04',NULL,29,3,12),(25,65,'{\"type\":\"Feature\",\"geometry\":{\"type\":\"Polygon\",\"coordinates\":[[[-3252451.881057434,7047018.223115854],[-3252451.881057434,-185502.35879364237],[5676699.433913209,-185502.35879364237],[5676699.433913209,7047018.223115854],[-3252451.881057434,7047018.223115854]]]},\"properties\":{\"fill\":[255,255,255],\"fill-opacity\":0,\"stroke\":[255,255,255],\"stroke-opacity\":0,\"stroke-width\":1,\"line-dash\":[0,0],\"name\":\"1565032736985\",\"category\":\"sketches\",\"type\":\"TextBox\",\"isChanged\":true,\"textStyle\":{\"fontSize\":14,\"style\":\"Bold\",\"font\":\"Helvetica\",\"fontColor\":[209,58,58],\"textOpacity\":1},\"calculation\":\"Area: null\",\"text\":\"yellow world\",\"id\":25,\"documentEntity_id\":65}}',0,'2019-08-05 19:19:03','2019-08-06 23:52:19',NULL,30,3,13),(26,71,'{\"type\":\"Feature\",\"geometry\":{\"type\":\"Polygon\",\"coordinates\":[[[-37499594.08637348,27067914.87549083],[-37499594.08637348,15467247.86221886],[-20758431.48181181,15467247.86221886],[-20758431.48181181,27067914.87549083],[-37499594.08637348,27067914.87549083]]]},\"properties\":{\"fill\":[209,58,58],\"fill-opacity\":0.6,\"stroke\":[209,58,58],\"stroke-opacity\":1,\"stroke-width\":1,\"line-dash\":[0,0],\"name\":\"1565653171678\",\"category\":\"sketches\",\"type\":\"Box\",\"isChanged\":true}}',0,'2019-08-12 23:39:36','2019-08-12 23:39:36',NULL,31,3,14),(27,72,'{\"type\":\"Feature\",\"geometry\":{\"type\":\"Polygon\",\"coordinates\":[[[-27213056.105206233,11847961.783646937],[-27213056.105206233,1144027.2087440006],[-12811255.80507017,1144027.2087440006],[-12811255.80507017,11847961.783646937],[-27213056.105206233,11847961.783646937]]]},\"properties\":{\"fill\":[209,58,58],\"fill-opacity\":0.6,\"stroke\":[209,58,58],\"stroke-opacity\":1,\"stroke-width\":1,\"line-dash\":[0,0],\"name\":\"1565653174122\",\"category\":\"sketches\",\"type\":\"Box\",\"isChanged\":true}}',0,'2019-08-12 23:39:36','2019-08-12 23:39:36',NULL,31,3,14),(28,73,'{\"type\":\"Feature\",\"geometry\":{\"type\":\"Polygon\",\"coordinates\":[[[-37499594.08637348,27067914.87549083],[-37499594.08637348,15467247.86221886],[-20758431.48181181,15467247.86221886],[-20758431.48181181,27067914.87549083],[-37499594.08637348,27067914.87549083]]]},\"properties\":{\"fill\":[209,58,58],\"fill-opacity\":0.6,\"stroke\":[209,58,58],\"stroke-opacity\":1,\"stroke-width\":1,\"line-dash\":[0,0],\"name\":\"1565653171678\",\"category\":\"sketches\",\"type\":\"Box\",\"isChanged\":true}}',0,'2019-08-12 23:39:52','2019-08-12 23:39:52',NULL,31,3,14),(29,74,'{\"type\":\"Feature\",\"geometry\":{\"type\":\"Polygon\",\"coordinates\":[[[-27213056.105206233,11847961.783646937],[-27213056.105206233,1144027.2087440006],[-12811255.80507017,1144027.2087440006],[-12811255.80507017,11847961.783646937],[-27213056.105206233,11847961.783646937]]]},\"properties\":{\"fill\":[209,58,58],\"fill-opacity\":0.6,\"stroke\":[209,58,58],\"stroke-opacity\":1,\"stroke-width\":1,\"line-dash\":[0,0],\"name\":\"1565653174122\",\"category\":\"sketches\",\"type\":\"Box\",\"isChanged\":true}}',0,'2019-08-12 23:39:52','2019-08-12 23:39:52',NULL,31,3,14),(30,75,'{\"type\":\"Feature\",\"geometry\":{\"type\":\"Polygon\",\"coordinates\":[[[-9090746.881444912,-3298384.5962142125],[-9090746.881444912,-14276885.701215707],[8207406.747979991,-14276885.701215707],[8207406.747979991,-3298384.5962142125],[-9090746.881444912,-3298384.5962142125]]]},\"properties\":{\"fill\":[255,136,0],\"fill-opacity\":0.6,\"stroke\":[255,136,0],\"stroke-opacity\":1,\"stroke-width\":1,\"line-dash\":[0,0],\"name\":\"1565653186661\",\"category\":\"sketches\",\"type\":\"Box\",\"isChanged\":true,\"id\":30,\"documentEntity_id\":75,\"calculation\":\"Area: null\"}}',0,'2019-08-12 23:39:52','2019-08-15 21:28:23',NULL,31,3,14),(31,78,'{\"type\":\"Feature\",\"geometry\":{\"type\":\"Polygon\",\"coordinates\":[[[17281465.732071012,14699204.525088366],[17563104.13290625,15141852.683017347],[17799999.26124952,15609974.759734713],[17989869.687514815,16099062.483740117],[18130886.855703477,16604405.672888841],[18221692.693398017,17121137.596020695],[18261412.690741923,17644281.84224152],[18249664.322447605,18168800.246480465],[18186560.731724057,18689641.409773793],[18072709.640645873,19201789.346998245],[17909207.497457474,19700311.793549806],[17697628.917177133,20180407.70574809],[17440011.51719356,20637453.497511514],[17138836.293896593,21067047.568018753],[16797003.72932571,21465052.691530805],[16417805.857942417,21827635.861136522],[16004894.562538773,22151305.202704486],[15562246.404609792,22432943.603539728],[15094124.327892426,22669838.731882993],[14605036.603887022,22859709.15814829],[14099693.414738297,23000726.32633695],[13582961.491606444,23091532.16403149],[13059817.245385624,23131252.161375396],[12535298.841146674,23119503.79308108],[12014457.677853346,23056400.20235753],[11502309.740628894,22942549.111279346],[11003787.294077333,22779046.968090948],[10523691.381879047,22567468.387810607],[10066645.590115622,22309850.987827033],[9637051.519608386,22008675.764530066],[9239046.396096334,21666843.199959185],[8876463.226490613,21287645.32857589],[8552793.884922653,20874734.033172246],[8271155.484087415,20432085.875243265],[8034260.355744146,19963963.7985259],[7844389.92947885,19474876.0745205],[7703372.761290189,18969532.885371774],[7612566.923595648,18452800.962239917],[7572846.926251743,17929656.716019098],[7584595.29454606,17405138.311780147],[7647698.885269608,16884297.14848682],[7761549.976347793,16372149.211262371],[7925052.119536191,15873626.764710808],[8136630.699816532,15393530.852512522],[8394248.099800102,14936485.060749099],[8695423.323097073,14506890.990241861],[9037255.887667954,14108885.866729807],[9416453.759051248,13746302.697124086],[9829365.05445489,13422633.35555613],[10272013.21238387,13140994.95472089],[10740135.289101243,12904099.826377619],[11229223.013106644,12714229.400112323],[11734566.202255368,12573212.231923662],[12251298.125387218,12482406.394229122],[12774442.371608041,12442686.396885216],[13298960.775846995,12454434.765179534],[13819801.93914032,12517538.355903082],[14331949.876364771,12631389.446981266],[14830472.322916329,12794891.59016966],[15310568.235114615,13006470.170450004],[15767614.026878037,13264087.570433576],[16197208.09738528,13565262.793730546],[16595213.220897332,13907095.358301427],[16957796.39050305,14286293.22968472],[17281465.732071012,14699204.525088366]]]},\"properties\":{\"fill\":[209,58,58],\"fill-opacity\":0.6,\"stroke\":[209,58,58],\"stroke-opacity\":1,\"stroke-width\":1,\"line-dash\":[0,0],\"name\":\"1565653391262\",\"category\":\"sketches\",\"type\":\"Circle\",\"isChanged\":true,\"id\":31,\"documentEntity_id\":78,\"calculation\":\"Area: null\"}}',0,'2019-08-12 23:43:14','2019-08-15 21:33:17',NULL,31,3,14),(32,80,'{\"type\":\"Feature\",\"geometry\":{\"type\":\"Polygon\",\"coordinates\":[[[14279892.827066831,18857961.24116032],[14279892.827066831,12589833.733096682],[28898146.89934271,12589833.733096682],[28898146.89934271,18857961.24116032],[14279892.827066831,18857961.24116032]]]},\"properties\":{\"fill\":[255,255,255],\"fill-opacity\":0,\"stroke\":[255,255,255],\"stroke-opacity\":0,\"stroke-width\":1,\"line-dash\":[0,0],\"name\":\"1565903879843\",\"category\":\"sketches\",\"type\":\"TextBox\",\"isChanged\":true,\"textStyle\":{\"fontSize\":14,\"style\":\"Bold\",\"font\":\"Helvetica\",\"fontColor\":[209,58,58],\"textOpacity\":1},\"calculation\":\"Area: null\",\"text\":\"textbox\"}}',0,'2019-08-15 21:18:07','2019-08-15 21:18:07',NULL,31,3,14),(33,82,'{\"type\":\"Feature\",\"geometry\":{\"type\":\"Polygon\",\"coordinates\":[[[-8501544.677386686,-762331.9620974958],[-8501544.677386686,-11457692.148438536],[3426125.999250993,-11457692.148438536],[3426125.999250993,-762331.9620974958],[-8501544.677386686,-762331.9620974958]]]},\"properties\":{\"fill\":[209,58,58],\"fill-opacity\":0.6,\"stroke\":[209,58,58],\"stroke-opacity\":1,\"stroke-width\":1,\"line-dash\":[0,0],\"name\":\"1565907432444\",\"category\":\"sketches\",\"type\":\"Box\",\"isChanged\":true,\"id\":33,\"documentEntity_id\":82,\"calculation\":\"Area: null\"}}',0,'2019-08-15 22:17:16','2019-08-15 22:48:32',NULL,32,3,14),(34,81,'{\"type\":\"Feature\",\"geometry\":{\"type\":\"Polygon\",\"coordinates\":[[[-38507955.68969465,6588435.055163428],[-38507955.68969465,-7099762.375806347],[-16551746.902041852,-7099762.375806347],[-16551746.902041852,6588435.055163428],[-38507955.68969465,6588435.055163428]]]},\"properties\":{\"fill\":[209,58,58],\"fill-opacity\":0.6,\"stroke\":[209,58,58],\"stroke-opacity\":1,\"stroke-width\":1,\"line-dash\":[0,0],\"name\":\"1565907428665\",\"category\":\"sketches\",\"type\":\"Box\",\"isChanged\":true,\"id\":34,\"documentEntity_id\":81,\"calculation\":\"Area: null\"}}',0,'2019-08-15 22:17:16','2019-08-15 22:28:32',NULL,32,3,14),(35,83,'{\"type\":\"Feature\",\"geometry\":{\"type\":\"Polygon\",\"coordinates\":[[[-17006001.241565183,-19811895.35415931],[-17006001.241565183,-28606958.22016108],[-3533865.8105481714,-28606958.22016108],[-3533865.8105481714,-19811895.35415931],[-17006001.241565183,-19811895.35415931]]]},\"properties\":{\"fill\":[209,58,58],\"fill-opacity\":0.6,\"stroke\":[209,58,58],\"stroke-opacity\":1,\"stroke-width\":1,\"line-dash\":[0,0],\"name\":\"1565907434557\",\"category\":\"sketches\",\"type\":\"Box\",\"isChanged\":true,\"id\":35,\"documentEntity_id\":83,\"calculation\":\"Area: null\"}}',0,'2019-08-15 22:17:16','2019-08-15 22:28:32',NULL,32,3,14),(36,85,'{\"type\":\"Feature\",\"geometry\":{\"type\":\"Polygon\",\"coordinates\":[[[9538758.752631642,15221597.015540197],[9538758.752631642,6332189.017483585],[34674747.91694776,6332189.017483585],[34674747.91694776,15221597.015540197],[9538758.752631642,15221597.015540197]]]},\"properties\":{\"fill\":[209,58,58],\"fill-opacity\":0.6,\"stroke\":[209,58,58],\"stroke-opacity\":1,\"stroke-width\":1,\"line-dash\":[0,0],\"name\":\"1566236969523\",\"category\":\"sketches\",\"type\":\"Box\",\"isChanged\":true}}',0,'2019-08-19 17:49:52','2019-08-19 17:49:52',NULL,33,3,15),(37,86,'{\"type\":\"Feature\",\"geometry\":{\"type\":\"Polygon\",\"coordinates\":[[[-13166387.317876302,-5976356.451523647],[-12893070.224489054,-5381795.509990418],[-12679346.390852362,-4763307.782003703],[-12527274.094317485,-4126849.6424837965],[-12438317.874231221,-3478550.5312376856],[-12413334.42762142,-2824653.923103014],[-12452564.358736277,-2171457.199872365],[-12555629.861893892,-1525251.0030641018],[-12721538.359957524,-892258.6516057265],[-12948692.063396007,-278576.20787060214],[-13234903.357870385,309886.2307351548],[-13577415.87215586,867461.4492414775],[-13972931.023503479,1388779.6934925346],[-14417639.784795186,1868820.383814646],[-14907259.367557205,2302960.465943073],[-15437074.46755425,2687018.933561812],[-16001982.675746955,3017297.0936799785],[-16596543.617280183,3290614.1870672284],[-17215031.345266897,3504338.0207039183],[-17851489.484786805,3656410.3172387965],[-18499788.596032917,3745366.53732506],[-19153685.20416759,3770349.9839348597],[-19806881.927398235,3731120.0528200036],[-20453088.1242065,3628054.549662389],[-21086080.475664876,3462146.0515987575],[-21699762.9194,3234992.3481602734],[-22288225.35800576,2948781.053685895],[-22845800.57651208,2606268.539400421],[-23367118.820763137,2210753.3880528035],[-23847159.51108525,1766044.6267610956],[-24281299.593213674,1276425.0439990768],[-24665358.060832415,746609.9440020309],[-24995636.22095058,181701.73580932664],[-25268953.314337827,-412859.2057239022],[-25482677.14797452,-1031346.9337106184],[-25634749.4445094,-1667805.0732305227],[-25723705.664595664,-2316104.1844766345],[-25748689.111205462,-2970000.7926113065],[-25709459.180090606,-3623197.5158419525],[-25606393.67693299,-4269403.712650217],[-25440485.17886936,-4902396.064108593],[-25213331.475430876,-5516078.507843716],[-24927120.180956498,-6104540.946449475],[-24584607.666671023,-6662116.164955798],[-24189092.515323408,-7183434.409206852],[-23744383.754031695,-7663475.0995289665],[-23254764.171269678,-8097615.181657394],[-22724949.071272634,-8481673.649276132],[-22160040.86307993,-8811951.809394298],[-21565479.921546705,-9085268.902781546],[-20946992.193559982,-9298992.73641824],[-20310534.054040078,-9451065.032953117],[-19662234.94279397,-9540021.25303938],[-19008338.334659297,-9565004.699649181],[-18355141.611428652,-9525774.768534325],[-17708935.414620377,-9422709.26537671],[-17075943.063162006,-9256800.767313078],[-16462260.619426884,-9029647.063874595],[-15873798.180821128,-8743435.769400217],[-15316222.962314807,-8400923.255114745],[-14794904.718063751,-8005408.103767129],[-14314864.027741633,-7560699.342475415],[-13880723.94561321,-7071079.759713396],[-13496665.47799447,-6541264.659716353],[-13166387.317876302,-5976356.451523647]]]},\"properties\":{\"fill\":[209,58,58],\"fill-opacity\":0.6,\"stroke\":[209,58,58],\"stroke-opacity\":1,\"stroke-width\":1,\"line-dash\":[0,0],\"name\":\"1566236974153\",\"category\":\"sketches\",\"type\":\"Circle\",\"isChanged\":true}}',0,'2019-08-19 17:49:52','2019-08-19 17:49:52',NULL,33,3,15),(38,87,'{\"type\":\"Feature\",\"geometry\":{\"type\":\"Polygon\",\"coordinates\":[[[9538758.752631642,15221597.015540197],[9538758.752631642,6332189.017483585],[34674747.91694776,6332189.017483585],[34674747.91694776,15221597.015540197],[9538758.752631642,15221597.015540197]]]},\"properties\":{\"fill\":[209,58,58],\"fill-opacity\":0.6,\"stroke\":[209,58,58],\"stroke-opacity\":1,\"stroke-width\":1,\"line-dash\":[0,0],\"name\":\"1566236969523\",\"category\":\"sketches\",\"type\":\"Box\",\"isChanged\":true}}',0,'2019-08-19 17:50:05','2019-08-19 17:50:05',NULL,33,3,15),(39,88,'{\"type\":\"Feature\",\"geometry\":{\"type\":\"Polygon\",\"coordinates\":[[[-13166387.317876302,-5976356.451523647],[-12893070.224489054,-5381795.509990418],[-12679346.390852362,-4763307.782003703],[-12527274.094317485,-4126849.6424837965],[-12438317.874231221,-3478550.5312376856],[-12413334.42762142,-2824653.923103014],[-12452564.358736277,-2171457.199872365],[-12555629.861893892,-1525251.0030641018],[-12721538.359957524,-892258.6516057265],[-12948692.063396007,-278576.20787060214],[-13234903.357870385,309886.2307351548],[-13577415.87215586,867461.4492414775],[-13972931.023503479,1388779.6934925346],[-14417639.784795186,1868820.383814646],[-14907259.367557205,2302960.465943073],[-15437074.46755425,2687018.933561812],[-16001982.675746955,3017297.0936799785],[-16596543.617280183,3290614.1870672284],[-17215031.345266897,3504338.0207039183],[-17851489.484786805,3656410.3172387965],[-18499788.596032917,3745366.53732506],[-19153685.20416759,3770349.9839348597],[-19806881.927398235,3731120.0528200036],[-20453088.1242065,3628054.549662389],[-21086080.475664876,3462146.0515987575],[-21699762.9194,3234992.3481602734],[-22288225.35800576,2948781.053685895],[-22845800.57651208,2606268.539400421],[-23367118.820763137,2210753.3880528035],[-23847159.51108525,1766044.6267610956],[-24281299.593213674,1276425.0439990768],[-24665358.060832415,746609.9440020309],[-24995636.22095058,181701.73580932664],[-25268953.314337827,-412859.2057239022],[-25482677.14797452,-1031346.9337106184],[-25634749.4445094,-1667805.0732305227],[-25723705.664595664,-2316104.1844766345],[-25748689.111205462,-2970000.7926113065],[-25709459.180090606,-3623197.5158419525],[-25606393.67693299,-4269403.712650217],[-25440485.17886936,-4902396.064108593],[-25213331.475430876,-5516078.507843716],[-24927120.180956498,-6104540.946449475],[-24584607.666671023,-6662116.164955798],[-24189092.515323408,-7183434.409206852],[-23744383.754031695,-7663475.0995289665],[-23254764.171269678,-8097615.181657394],[-22724949.071272634,-8481673.649276132],[-22160040.86307993,-8811951.809394298],[-21565479.921546705,-9085268.902781546],[-20946992.193559982,-9298992.73641824],[-20310534.054040078,-9451065.032953117],[-19662234.94279397,-9540021.25303938],[-19008338.334659297,-9565004.699649181],[-18355141.611428652,-9525774.768534325],[-17708935.414620377,-9422709.26537671],[-17075943.063162006,-9256800.767313078],[-16462260.619426884,-9029647.063874595],[-15873798.180821128,-8743435.769400217],[-15316222.962314807,-8400923.255114745],[-14794904.718063751,-8005408.103767129],[-14314864.027741633,-7560699.342475415],[-13880723.94561321,-7071079.759713396],[-13496665.47799447,-6541264.659716353],[-13166387.317876302,-5976356.451523647]]]},\"properties\":{\"fill\":[209,58,58],\"fill-opacity\":0.6,\"stroke\":[209,58,58],\"stroke-opacity\":1,\"stroke-width\":1,\"line-dash\":[0,0],\"name\":\"1566236974153\",\"category\":\"sketches\",\"type\":\"Circle\",\"isChanged\":true}}',0,'2019-08-19 17:50:05','2019-08-19 17:50:05',NULL,33,3,15),(40,89,'{\"type\":\"Feature\",\"geometry\":{\"type\":\"Polygon\",\"coordinates\":[[[-4357929.772632174,6658902.715525366],[-4357929.772632174,146759.0943075344],[7963427.998259045,146759.0943075344],[7963427.998259045,6658902.715525366],[-4357929.772632174,6658902.715525366]]]},\"properties\":{\"fill\":[255,136,0],\"fill-opacity\":0.6,\"stroke\":[255,136,0],\"stroke-opacity\":1,\"stroke-width\":1,\"line-dash\":[0,0],\"name\":\"1566237001195\",\"category\":\"sketches\",\"type\":\"Box\",\"isChanged\":true}}',0,'2019-08-19 17:50:05','2019-08-19 17:50:05',NULL,33,3,15),(41,90,'{\"type\":\"Feature\",\"geometry\":{\"type\":\"Polygon\",\"coordinates\":[[[-37201100.89752753,28496306.522072073],[-37201100.89752753,23755754.82499524],[-28077577.201408893,23755754.82499524],[-28077577.201408893,28496306.522072073],[-37201100.89752753,28496306.522072073]]]},\"properties\":{\"fill\":[209,58,58],\"fill-opacity\":0.6,\"stroke\":[209,58,58],\"stroke-opacity\":1,\"stroke-width\":1,\"line-dash\":[0,0],\"name\":\"1566237164804\",\"category\":\"sketches\",\"type\":\"Box\",\"isChanged\":true}}',0,'2019-08-19 17:52:55','2019-08-19 17:52:55',NULL,33,1,15),(42,91,'{\"type\":\"Feature\",\"geometry\":{\"type\":\"Polygon\",\"coordinates\":[[[-20345935.391778424,21748300.070717122],[-20122611.011318196,22055960.778987933],[-19930518.02160712,22384029.633994777],[-19771506.38314482,22729347.153323255],[-19647107.46493429,23088587.740492485],[-19558519.29656127,23458291.712267138],[-19506595.030514408,23834898.617298283],[-19491834.725860424,24214781.525216185],[-19514380.53240194,24594281.95595248],[-19574015.32169718,24969745.112903137],[-19670164.77812552,25337555.080617685],[-19801902.92986093,25694169.648041647],[-19967961.066486795,26036154.42194538],[-20166739.957370795,26360215.902008295],[-20396325.253130123,26663233.199027363],[-20654505.921862528,26942288.09078619],[-20938795.542592205,27194693.126130212],[-21246456.250863016,27418017.50659044],[-21574525.10586986,27610110.496301517],[-21919842.62519834,27769122.13476382],[-22279083.21236757,27893521.052974347],[-22648787.18414222,27982109.221347366],[-23025394.08917336,28034033.48739423],[-23405276.997091267,28048793.792048212],[-23784777.427827563,28026247.98550669],[-24160240.58477822,27966613.196211457],[-24528050.552492768,27870463.739783116],[-24884665.11991673,27738725.588047706],[-25226649.89382046,27572667.451421842],[-25550711.373883378,27373888.56053784],[-25853728.670902446,27144303.264778513],[-26132783.56266127,26886122.59604611],[-26385188.598005295,26601832.97531643],[-26608512.978465524,26294172.26704562],[-26800605.9681766,25966103.41203878],[-26959617.6066389,25620785.8927103],[-27084016.52484943,25261545.30554107],[-27172604.69322245,24891841.333766416],[-27224528.95926931,24515234.428735275],[-27239289.263923295,24135351.52081737],[-27216743.457381777,23755851.090081073],[-27157108.668086544,23380387.933130417],[-27060959.2116582,23012577.96541587],[-26929221.05992279,22655963.39799191],[-26763162.923296925,22313978.62408818],[-26564384.032412924,21989917.14402526],[-26334798.736653596,21686899.84700619],[-26076618.06792119,21407844.955247365],[-25792328.447191514,21155439.91990334],[-25484667.738920707,20932115.539443113],[-25156598.883913863,20740022.549732037],[-24811281.36458538,20581010.911269736],[-24452040.77741615,20456611.993059207],[-24082336.8056415,20368023.82468619],[-23705729.900610358,20316099.558639325],[-23325846.992692452,20301339.25398534],[-22946346.561956156,20323885.060526863],[-22570883.4050055,20383519.849822097],[-22203073.43729095,20479669.306250438],[-21846458.869866993,20611407.45798585],[-21504474.095963262,20777465.59461171],[-21180412.61590034,20976244.485495713],[-20877395.318881273,21205829.781255037],[-20598340.427122448,21464010.449987445],[-20345935.391778424,21748300.070717122]]]},\"properties\":{\"fill\":[209,58,58],\"fill-opacity\":0.6,\"stroke\":[209,58,58],\"stroke-opacity\":1,\"stroke-width\":1,\"line-dash\":[0,0],\"name\":\"1566237174571\",\"category\":\"sketches\",\"type\":\"Circle\",\"isChanged\":true}}',0,'2019-08-19 17:52:55','2019-08-19 17:52:55',NULL,33,1,15),(43,94,'{\"type\":\"Feature\",\"geometry\":{\"type\":\"Polygon\",\"coordinates\":[[[-26913404.862040758,18532994.675193623],[-26913404.862040758,8522510.262287758],[-15973446.185187154,8522510.262287758],[-15973446.185187154,18532994.675193623],[-26913404.862040758,18532994.675193623]]]},\"properties\":{\"fill\":[255,136,0],\"fill-opacity\":0.6,\"stroke\":[255,136,0],\"stroke-opacity\":1,\"stroke-width\":1,\"line-dash\":[0,0],\"name\":\"1566325221933\",\"category\":\"sketches\",\"type\":\"Box\",\"isChanged\":true}}',0,'2019-08-20 18:20:32','2019-08-20 18:20:32',NULL,35,3,16),(44,96,'{\"type\":\"Feature\",\"geometry\":{\"type\":\"Polygon\",\"coordinates\":[[[-34182056.67177246,20863668.86336335],[-34182056.67177246,9941763.884619005],[-13088931.129213996,9941763.884619005],[-13088931.129213996,20863668.86336335],[-34182056.67177246,20863668.86336335]]]},\"properties\":{\"fill\":[209,58,58],\"fill-opacity\":0.6,\"stroke\":[209,58,58],\"stroke-opacity\":1,\"stroke-width\":1,\"line-dash\":[0,0],\"name\":\"1566325271590\",\"category\":\"sketches\",\"type\":\"Box\",\"isChanged\":true}}',0,'2019-08-20 18:21:27','2019-08-20 18:21:27',NULL,36,1,16),(45,98,'{\"type\":\"Feature\",\"geometry\":{\"type\":\"Polygon\",\"coordinates\":[[[-25853478.06981965,22208378.18382409],[-25853478.06981965,11439638.450329274],[-7691457.771903418,11439638.450329274],[-7691457.771903418,22208378.18382409],[-25853478.06981965,22208378.18382409]]]},\"properties\":{\"fill\":[209,58,58],\"fill-opacity\":0.6,\"stroke\":[209,58,58],\"stroke-opacity\":1,\"stroke-width\":1,\"line-dash\":[0,0],\"name\":\"1566326496666\",\"category\":\"sketches\",\"type\":\"Box\",\"isChanged\":true}}',0,'2019-08-20 18:44:18','2019-08-20 18:44:18',NULL,37,5,17);
/*!40000 ALTER TABLE `DocumentSketches` ENABLE KEYS */;
UNLOCK TABLES;

--
-- Table structure for table `DocumentStamps`
--

DROP TABLE IF EXISTS `DocumentStamps`;
/*!40101 SET @saved_cs_client     = @@character_set_client */;
/*!40101 SET character_set_client = utf8 */;
CREATE TABLE `DocumentStamps` (
  `id` int(10) unsigned NOT NULL AUTO_INCREMENT,
  `documentEntity_id` int(10) unsigned NOT NULL,
  `stamp_id` int(10) unsigned NOT NULL,
  `coordinates` varchar(50) NOT NULL,
  `options` varchar(255) DEFAULT NULL,
  `createdAt` datetime NOT NULL DEFAULT CURRENT_TIMESTAMP,
  `updatedAt` datetime NOT NULL DEFAULT CURRENT_TIMESTAMP,
  `deletedAt` datetime DEFAULT NULL,
  `pageVersion_id` int(10) unsigned DEFAULT NULL,
  `updatedBy_id` int(10) unsigned DEFAULT NULL,
  `documentVersion_id` int(10) unsigned DEFAULT NULL,
  PRIMARY KEY (`id`),
  KEY `fk_documentEntity_id_idx` (`documentEntity_id`),
  KEY `fk_stamp_id_idx` (`stamp_id`),
  KEY `deletedAt_idx` (`deletedAt`),
  CONSTRAINT `documentstamps_ibfk_1` FOREIGN KEY (`documentEntity_id`) REFERENCES `DocumentEntities` (`id`),
  CONSTRAINT `documentstamps_ibfk_2` FOREIGN KEY (`stamp_id`) REFERENCES `Stamps` (`id`)
) ENGINE=InnoDB AUTO_INCREMENT=3 DEFAULT CHARSET=latin1;
/*!40101 SET character_set_client = @saved_cs_client */;

--
-- Dumping data for table `DocumentStamps`
--

LOCK TABLES `DocumentStamps` WRITE;
/*!40000 ALTER TABLE `DocumentStamps` DISABLE KEYS */;
INSERT INTO `DocumentStamps` VALUES (1,70,3,'-3509309.977404624,6900664.137954213','{\"dimensions\":{\"height\":3024,\"width\":4032,\"HWratio\":0.75,\"scale\":0.02261997425958311}}','2019-08-06 16:52:22','2019-08-06 16:52:22',NULL,30,3,13),(2,92,3,'3096500.4144173935,9448490.262085326','{\"dimensions\":{\"height\":3024,\"width\":4032,\"HWratio\":0.75,\"scale\":0.035143743683354635}}','2019-08-20 17:27:46','2019-08-20 17:27:46',NULL,35,3,16);
/*!40000 ALTER TABLE `DocumentStamps` ENABLE KEYS */;
UNLOCK TABLES;

--
-- Table structure for table `DocumentVersions`
--

DROP TABLE IF EXISTS `DocumentVersions`;
/*!40101 SET @saved_cs_client     = @@character_set_client */;
/*!40101 SET character_set_client = utf8 */;
CREATE TABLE `DocumentVersions` (
  `id` int(10) unsigned NOT NULL AUTO_INCREMENT,
  `document_id` int(10) unsigned NOT NULL,
  `cycle_LIID` int(10) unsigned DEFAULT NULL,
  `pageCount` int(10) unsigned DEFAULT NULL,
  `filename` varchar(255) NOT NULL,
  `needsOCR` tinyint(1) NOT NULL DEFAULT '1',
  `version` varchar(10) DEFAULT NULL,
  `vendor_id` varchar(50) DEFAULT NULL,
  `metadata` mediumtext,
  `createdAt` datetime NOT NULL DEFAULT CURRENT_TIMESTAMP,
  `updatedAt` datetime NOT NULL DEFAULT CURRENT_TIMESTAMP,
  `deletedAt` datetime DEFAULT NULL,
  `parentFolder` int(10) unsigned DEFAULT NULL,
  PRIMARY KEY (`id`),
  UNIQUE KEY `document_version_UNIQUE` (`document_id`,`version`),
  UNIQUE KEY `vendor_id_UNIQUE` (`vendor_id`),
  KEY `fk_document_id_idx` (`document_id`),
  KEY `fk_cycle_LIID_idx` (`cycle_LIID`),
  KEY `filename_idx` (`filename`),
  KEY `deletedAt_idx` (`deletedAt`),
  CONSTRAINT `documentversions_ibfk_1` FOREIGN KEY (`document_id`) REFERENCES `Documents` (`id`),
  CONSTRAINT `documentversions_ibfk_2` FOREIGN KEY (`cycle_LIID`) REFERENCES `ListItems` (`id`)
) ENGINE=InnoDB AUTO_INCREMENT=25 DEFAULT CHARSET=latin1;
/*!40101 SET character_set_client = @saved_cs_client */;

--
-- Dumping data for table `DocumentVersions`
--

LOCK TABLES `DocumentVersions` WRITE;
/*!40000 ALTER TABLE `DocumentVersions` DISABLE KEYS */;
INSERT INTO `DocumentVersions` VALUES (1,1,348,2,'markup_mover_test_plan_v1.pdf',1,'20190726A',NULL,'{\"filename\":\"markup_mover_test_plan_v1.pdf\",\"filesize\":2109575,\"numPages\":2,\"outlines\":null,\"results\":[{\"key\":\"accessible\",\"success\":true,\"value\":null,\"allowFailed\":false,\"message\":\"File is accessible\"},{\"key\":\"version\",\"success\":true,\"value\":\"1.3\",\"allowFailed\":false,\"message\":\"PDF version is compatible\"},{\"key\":\"size\",\"success\":true,\"value\":\"2.01MB\",\"allowFailed\":false,\"message\":\"File size is within limit\"},{\"key\":\"rotation\",\"success\":true,\"value\":null,\"allowFailed\":true,\"message\":\"All pages have same orientation\"},{\"key\":\"pageAccess\",\"success\":true,\"value\":null,\"allowFailed\":false,\"message\":\"All pages are accessible\"},{\"key\":\"annotation\",\"success\":true,\"value\":null,\"allowFailed\":true,\"message\":\"File has no unexpected annotations\"},{\"key\":\"resolution\",\"success\":true,\"value\":null,\"allowFailed\":true,\"message\":\"File has good resolution\"}],\"author\":\"Eddy Tseng\",\"version\":1.3,\"status\":\"success\"}','2019-07-26 21:30:01','2019-07-26 21:30:08',NULL,1),(2,2,348,2,'markup_mover_test_plan_v1.pdf',1,'20190726A',NULL,'{\"filename\":\"markup_mover_test_plan_v1.pdf\",\"filesize\":2109575,\"numPages\":2,\"outlines\":null,\"results\":[{\"key\":\"accessible\",\"success\":true,\"value\":null,\"allowFailed\":false,\"message\":\"File is accessible\"},{\"key\":\"version\",\"success\":true,\"value\":\"1.3\",\"allowFailed\":false,\"message\":\"PDF version is compatible\"},{\"key\":\"size\",\"success\":true,\"value\":\"2.01MB\",\"allowFailed\":false,\"message\":\"File size is within limit\"},{\"key\":\"rotation\",\"success\":true,\"value\":null,\"allowFailed\":true,\"message\":\"All pages have same orientation\"},{\"key\":\"pageAccess\",\"success\":true,\"value\":null,\"allowFailed\":false,\"message\":\"All pages are accessible\"},{\"key\":\"annotation\",\"success\":true,\"value\":null,\"allowFailed\":true,\"message\":\"File has no unexpected annotations\"},{\"key\":\"resolution\",\"success\":true,\"value\":null,\"allowFailed\":true,\"message\":\"File has good resolution\"}],\"author\":\"Eddy Tseng\",\"version\":1.3,\"status\":\"success\"}','2019-07-26 22:31:34','2019-07-26 22:31:46',NULL,2),(3,3,348,3,'slipsheet_plans_v1.pdf',1,'20190729A',NULL,'{\"filename\":\"slipsheet_plans_v1.pdf\",\"filesize\":1298203,\"numPages\":3,\"outlines\":null,\"results\":[{\"key\":\"accessible\",\"success\":true,\"value\":null,\"allowFailed\":false,\"message\":\"File is accessible\"},{\"key\":\"version\",\"success\":true,\"value\":\"1.7\",\"allowFailed\":false,\"message\":\"PDF version is compatible\"},{\"key\":\"size\",\"success\":true,\"value\":\"1.24MB\",\"allowFailed\":false,\"message\":\"File size is within limit\"},{\"key\":\"rotation\",\"success\":true,\"value\":null,\"allowFailed\":true,\"message\":\"All pages have same orientation\"},{\"key\":\"pageAccess\",\"success\":true,\"value\":null,\"allowFailed\":false,\"message\":\"All pages are accessible\"},{\"key\":\"annotation\",\"success\":true,\"value\":null,\"allowFailed\":true,\"message\":\"File has no unexpected annotations\"},{\"key\":\"resolution\",\"success\":true,\"value\":null,\"allowFailed\":true,\"message\":\"File has good resolution\"}],\"author\":\"\",\"version\":1.7,\"status\":\"success\"}','2019-07-29 18:25:01','2019-07-29 18:25:19',NULL,3),(4,4,348,3,'slipsheet_plans_v1.pdf',1,'20190729A',NULL,'{\"filename\":\"slipsheet_plans_v1.pdf\",\"filesize\":1298203,\"numPages\":3,\"outlines\":null,\"results\":[{\"key\":\"accessible\",\"success\":true,\"value\":null,\"allowFailed\":false,\"message\":\"File is accessible\"},{\"key\":\"version\",\"success\":true,\"value\":\"1.7\",\"allowFailed\":false,\"message\":\"PDF version is compatible\"},{\"key\":\"size\",\"success\":true,\"value\":\"1.24MB\",\"allowFailed\":false,\"message\":\"File size is within limit\"},{\"key\":\"rotation\",\"success\":true,\"value\":null,\"allowFailed\":true,\"message\":\"All pages have same orientation\"},{\"key\":\"pageAccess\",\"success\":true,\"value\":null,\"allowFailed\":false,\"message\":\"All pages are accessible\"},{\"key\":\"annotation\",\"success\":true,\"value\":null,\"allowFailed\":true,\"message\":\"File has no unexpected annotations\"},{\"key\":\"resolution\",\"success\":true,\"value\":null,\"allowFailed\":true,\"message\":\"File has good resolution\"}],\"author\":\"\",\"version\":1.7,\"status\":\"success\"}','2019-07-29 21:43:31','2019-07-29 21:47:08',NULL,4),(5,5,348,3,'slipsheet_plans_v1.pdf',1,'20190729A',NULL,'{\"filename\":\"slipsheet_plans_v1.pdf\",\"filesize\":1298203,\"numPages\":3,\"outlines\":null,\"results\":[{\"key\":\"accessible\",\"success\":true,\"value\":null,\"allowFailed\":false,\"message\":\"File is accessible\"},{\"key\":\"version\",\"success\":true,\"value\":\"1.7\",\"allowFailed\":false,\"message\":\"PDF version is compatible\"},{\"key\":\"size\",\"success\":true,\"value\":\"1.24MB\",\"allowFailed\":false,\"message\":\"File size is within limit\"},{\"key\":\"rotation\",\"success\":true,\"value\":null,\"allowFailed\":true,\"message\":\"All pages have same orientation\"},{\"key\":\"pageAccess\",\"success\":true,\"value\":null,\"allowFailed\":false,\"message\":\"All pages are accessible\"},{\"key\":\"annotation\",\"success\":true,\"value\":null,\"allowFailed\":true,\"message\":\"File has no unexpected annotations\"},{\"key\":\"resolution\",\"success\":true,\"value\":null,\"allowFailed\":true,\"message\":\"File has good resolution\"}],\"author\":\"\",\"version\":1.7,\"status\":\"success\"}','2019-07-29 23:07:47','2019-07-29 23:08:02',NULL,5),(6,6,348,3,'slipsheet_plans_v1.pdf',1,'20190730A',NULL,'{\"filename\":\"slipsheet_plans_v1.pdf\",\"filesize\":1298203,\"numPages\":3,\"outlines\":null,\"results\":[{\"key\":\"accessible\",\"success\":true,\"value\":null,\"allowFailed\":false,\"message\":\"File is accessible\"},{\"key\":\"version\",\"success\":true,\"value\":\"1.7\",\"allowFailed\":false,\"message\":\"PDF version is compatible\"},{\"key\":\"size\",\"success\":true,\"value\":\"1.24MB\",\"allowFailed\":false,\"message\":\"File size is within limit\"},{\"key\":\"rotation\",\"success\":true,\"value\":null,\"allowFailed\":true,\"message\":\"All pages have same orientation\"},{\"key\":\"pageAccess\",\"success\":true,\"value\":null,\"allowFailed\":false,\"message\":\"All pages are accessible\"},{\"key\":\"annotation\",\"success\":true,\"value\":null,\"allowFailed\":true,\"message\":\"File has no unexpected annotations\"},{\"key\":\"resolution\",\"success\":true,\"value\":null,\"allowFailed\":true,\"message\":\"File has good resolution\"}],\"author\":\"\",\"version\":1.7,\"status\":\"success\"}','2019-07-30 17:28:11','2019-07-30 17:28:33',NULL,6),(7,7,348,3,'slipsheet_plans_v1.pdf',1,'20190731A',NULL,'{\"filename\":\"slipsheet_plans_v1.pdf\",\"filesize\":1298203,\"numPages\":3,\"outlines\":null,\"results\":[{\"key\":\"accessible\",\"success\":true,\"value\":null,\"allowFailed\":false,\"message\":\"File is accessible\"},{\"key\":\"version\",\"success\":true,\"value\":\"1.7\",\"allowFailed\":false,\"message\":\"PDF version is compatible\"},{\"key\":\"size\",\"success\":true,\"value\":\"1.24MB\",\"allowFailed\":false,\"message\":\"File size is within limit\"},{\"key\":\"rotation\",\"success\":true,\"value\":null,\"allowFailed\":true,\"message\":\"All pages have same orientation\"},{\"key\":\"pageAccess\",\"success\":true,\"value\":null,\"allowFailed\":false,\"message\":\"All pages are accessible\"},{\"key\":\"annotation\",\"success\":true,\"value\":null,\"allowFailed\":true,\"message\":\"File has no unexpected annotations\"},{\"key\":\"resolution\",\"success\":true,\"value\":null,\"allowFailed\":true,\"message\":\"File has good resolution\"}],\"author\":\"\",\"version\":1.7,\"status\":\"success\"}','2019-07-31 20:47:20','2019-07-31 20:47:41',NULL,7),(8,7,349,3,'slipsheet_plans_v2.pdf',1,'20190731B',NULL,'{\"filename\":\"slipsheet_plans_v2.pdf\",\"filesize\":899993,\"numPages\":1,\"outlines\":null,\"results\":[{\"key\":\"accessible\",\"success\":true,\"value\":null,\"allowFailed\":false,\"message\":\"File is accessible\"},{\"key\":\"version\",\"success\":true,\"value\":\"1.7\",\"allowFailed\":false,\"message\":\"PDF version is compatible\"},{\"key\":\"size\",\"success\":true,\"value\":\"0.86MB\",\"allowFailed\":false,\"message\":\"File size is within limit\"},{\"key\":\"rotation\",\"success\":true,\"value\":null,\"allowFailed\":true,\"message\":\"All pages have same orientation\"},{\"key\":\"pageAccess\",\"success\":true,\"value\":null,\"allowFailed\":false,\"message\":\"All pages are accessible\"},{\"key\":\"annotation\",\"success\":true,\"value\":null,\"allowFailed\":true,\"message\":\"File has no unexpected annotations\"},{\"key\":\"resolution\",\"success\":true,\"value\":null,\"allowFailed\":true,\"message\":\"File has good resolution\"}],\"author\":\"\",\"version\":1.7,\"status\":\"success\"}','2019-07-31 20:50:02','2019-07-31 20:50:43',NULL,8),(9,7,350,4,'slipsheet_plans_v3.pdf',1,'20190731C',NULL,'{\"filename\":\"slipsheet_plans_v3.pdf\",\"filesize\":538975,\"numPages\":2,\"outlines\":null,\"results\":[{\"key\":\"accessible\",\"success\":true,\"value\":null,\"allowFailed\":false,\"message\":\"File is accessible\"},{\"key\":\"version\",\"success\":true,\"value\":\"1.7\",\"allowFailed\":false,\"message\":\"PDF version is compatible\"},{\"key\":\"size\",\"success\":true,\"value\":\"0.51MB\",\"allowFailed\":false,\"message\":\"File size is within limit\"},{\"key\":\"rotation\",\"success\":true,\"value\":null,\"allowFailed\":true,\"message\":\"All pages have same orientation\"},{\"key\":\"pageAccess\",\"success\":true,\"value\":null,\"allowFailed\":false,\"message\":\"All pages are accessible\"},{\"key\":\"annotation\",\"success\":true,\"value\":null,\"allowFailed\":true,\"message\":\"File has no unexpected annotations\"},{\"key\":\"resolution\",\"success\":true,\"value\":null,\"allowFailed\":true,\"message\":\"File has good resolution\"}],\"author\":\"\",\"version\":1.7,\"status\":\"success\"}','2019-07-31 20:58:32','2019-07-31 20:59:12',NULL,9),(10,10,348,3,'slipsheet_plans_v1.pdf',1,'20190731A',NULL,'{\"filename\":\"slipsheet_plans_v1.pdf\",\"filesize\":1298203,\"numPages\":3,\"outlines\":null,\"results\":[{\"key\":\"accessible\",\"success\":true,\"value\":null,\"allowFailed\":false,\"message\":\"File is accessible\"},{\"key\":\"version\",\"success\":true,\"value\":\"1.7\",\"allowFailed\":false,\"message\":\"PDF version is compatible\"},{\"key\":\"size\",\"success\":true,\"value\":\"1.24MB\",\"allowFailed\":false,\"message\":\"File size is within limit\"},{\"key\":\"rotation\",\"success\":true,\"value\":null,\"allowFailed\":true,\"message\":\"All pages have same orientation\"},{\"key\":\"pageAccess\",\"success\":true,\"value\":null,\"allowFailed\":false,\"message\":\"All pages are accessible\"},{\"key\":\"annotation\",\"success\":true,\"value\":null,\"allowFailed\":true,\"message\":\"File has no unexpected annotations\"},{\"key\":\"resolution\",\"success\":true,\"value\":null,\"allowFailed\":true,\"message\":\"File has good resolution\"}],\"author\":\"\",\"version\":1.7,\"status\":\"success\"}','2019-08-01 03:29:08','2019-08-01 03:30:08',NULL,10),(11,10,349,3,'slipsheet_plans_v2.pdf',1,'20190731B',NULL,'{\"filename\":\"slipsheet_plans_v2.pdf\",\"filesize\":899993,\"numPages\":1,\"outlines\":null,\"results\":[{\"key\":\"accessible\",\"success\":true,\"value\":null,\"allowFailed\":false,\"message\":\"File is accessible\"},{\"key\":\"version\",\"success\":true,\"value\":\"1.7\",\"allowFailed\":false,\"message\":\"PDF version is compatible\"},{\"key\":\"size\",\"success\":true,\"value\":\"0.86MB\",\"allowFailed\":false,\"message\":\"File size is within limit\"},{\"key\":\"rotation\",\"success\":true,\"value\":null,\"allowFailed\":true,\"message\":\"All pages have same orientation\"},{\"key\":\"pageAccess\",\"success\":true,\"value\":null,\"allowFailed\":false,\"message\":\"All pages are accessible\"},{\"key\":\"annotation\",\"success\":true,\"value\":null,\"allowFailed\":true,\"message\":\"File has no unexpected annotations\"},{\"key\":\"resolution\",\"success\":true,\"value\":null,\"allowFailed\":true,\"message\":\"File has good resolution\"}],\"author\":\"\",\"version\":1.7,\"status\":\"success\"}','2019-08-01 03:32:22','2019-08-01 03:33:02',NULL,11),(12,12,348,3,'slipsheet_plans_v1.pdf',1,'20190805A',NULL,'{\"filename\":\"slipsheet_plans_v1.pdf\",\"filesize\":1298203,\"numPages\":3,\"outlines\":null,\"results\":[{\"key\":\"accessible\",\"success\":true,\"value\":null,\"allowFailed\":false,\"message\":\"File is accessible\"},{\"key\":\"version\",\"success\":true,\"value\":\"1.7\",\"allowFailed\":false,\"message\":\"PDF version is compatible\"},{\"key\":\"size\",\"success\":true,\"value\":\"1.24MB\",\"allowFailed\":false,\"message\":\"File size is within limit\"},{\"key\":\"rotation\",\"success\":true,\"value\":null,\"allowFailed\":true,\"message\":\"All pages have same orientation\"},{\"key\":\"pageAccess\",\"success\":true,\"value\":null,\"allowFailed\":false,\"message\":\"All pages are accessible\"},{\"key\":\"annotation\",\"success\":true,\"value\":null,\"allowFailed\":true,\"message\":\"File has no unexpected annotations\"},{\"key\":\"resolution\",\"success\":true,\"value\":null,\"allowFailed\":true,\"message\":\"File has good resolution\"}],\"author\":\"\",\"version\":1.7,\"status\":\"success\"}','2019-08-05 16:47:25','2019-08-05 16:47:45',NULL,12),(13,13,348,1,'markup_mover_test_plan_v2.pdf',1,'20190805A',NULL,'{\"filename\":\"markup_mover_test_plan_v2.pdf\",\"filesize\":982617,\"numPages\":1,\"outlines\":null,\"results\":[{\"key\":\"accessible\",\"success\":true,\"value\":null,\"allowFailed\":false,\"message\":\"File is accessible\"},{\"key\":\"version\",\"success\":true,\"value\":\"1.4\",\"allowFailed\":false,\"message\":\"PDF version is compatible\"},{\"key\":\"size\",\"success\":true,\"value\":\"0.94MB\",\"allowFailed\":false,\"message\":\"File size is within limit\"},{\"key\":\"rotation\",\"success\":true,\"value\":null,\"allowFailed\":true,\"message\":\"All pages have same orientation\"},{\"key\":\"pageAccess\",\"success\":true,\"value\":null,\"allowFailed\":false,\"message\":\"All pages are accessible\"},{\"key\":\"annotation\",\"success\":true,\"value\":null,\"allowFailed\":true,\"message\":\"File has no unexpected annotations\"},{\"key\":\"resolution\",\"success\":true,\"value\":null,\"allowFailed\":true,\"message\":\"File has good resolution\"}],\"author\":\"Eddy Tseng\",\"version\":1.4,\"status\":\"success\"}','2019-08-05 19:18:11','2019-08-05 19:18:27',NULL,13),(14,14,348,2,'markup_mover_test_plan_v1.pdf',1,'20190812A',NULL,'{\"filename\":\"markup_mover_test_plan_v1.pdf\",\"filesize\":2109575,\"numPages\":2,\"outlines\":null,\"results\":[{\"key\":\"accessible\",\"success\":true,\"value\":null,\"allowFailed\":false,\"message\":\"File is accessible\"},{\"key\":\"version\",\"success\":true,\"value\":\"1.3\",\"allowFailed\":false,\"message\":\"PDF version is compatible\"},{\"key\":\"size\",\"success\":true,\"value\":\"2.01MB\",\"allowFailed\":false,\"message\":\"File size is within limit\"},{\"key\":\"rotation\",\"success\":true,\"value\":null,\"allowFailed\":true,\"message\":\"All pages have same orientation\"},{\"key\":\"pageAccess\",\"success\":true,\"value\":null,\"allowFailed\":false,\"message\":\"All pages are accessible\"},{\"key\":\"annotation\",\"success\":true,\"value\":null,\"allowFailed\":true,\"message\":\"File has no unexpected annotations\"},{\"key\":\"resolution\",\"success\":true,\"value\":null,\"allowFailed\":true,\"message\":\"File has good resolution\"}],\"author\":\"Eddy Tseng\",\"version\":1.3,\"status\":\"success\"}','2019-08-12 23:37:31','2019-08-12 23:37:44',NULL,14),(15,15,348,2,'markup_mover_test_plan_v1.pdf',1,'20190819A',NULL,'{\"filename\":\"markup_mover_test_plan_v1.pdf\",\"filesize\":2109575,\"numPages\":2,\"outlines\":null,\"results\":[{\"key\":\"accessible\",\"success\":true,\"value\":null,\"allowFailed\":false,\"message\":\"File is accessible\"},{\"key\":\"version\",\"success\":true,\"value\":\"1.3\",\"allowFailed\":false,\"message\":\"PDF version is compatible\"},{\"key\":\"size\",\"success\":true,\"value\":\"2.01MB\",\"allowFailed\":false,\"message\":\"File size is within limit\"},{\"key\":\"rotation\",\"success\":true,\"value\":null,\"allowFailed\":true,\"message\":\"All pages have same orientation\"},{\"key\":\"pageAccess\",\"success\":true,\"value\":null,\"allowFailed\":false,\"message\":\"All pages are accessible\"},{\"key\":\"annotation\",\"success\":true,\"value\":null,\"allowFailed\":true,\"message\":\"File has no unexpected annotations\"},{\"key\":\"resolution\",\"success\":true,\"value\":null,\"allowFailed\":true,\"message\":\"File has good resolution\"}],\"author\":\"Eddy Tseng\",\"version\":1.3,\"status\":\"success\"}','2019-08-19 17:26:59','2019-08-19 17:27:14',NULL,15),(16,16,348,2,'markup_mover_test_plan_v1.pdf',1,'20190820A',NULL,'{\"filename\":\"markup_mover_test_plan_v1.pdf\",\"filesize\":2109575,\"numPages\":2,\"outlines\":null,\"results\":[{\"key\":\"accessible\",\"success\":true,\"value\":null,\"allowFailed\":false,\"message\":\"File is accessible\"},{\"key\":\"version\",\"success\":true,\"value\":\"1.3\",\"allowFailed\":false,\"message\":\"PDF version is compatible\"},{\"key\":\"size\",\"success\":true,\"value\":\"2.01MB\",\"allowFailed\":false,\"message\":\"File size is within limit\"},{\"key\":\"rotation\",\"success\":true,\"value\":null,\"allowFailed\":true,\"message\":\"All pages have same orientation\"},{\"key\":\"pageAccess\",\"success\":true,\"value\":null,\"allowFailed\":false,\"message\":\"All pages are accessible\"},{\"key\":\"annotation\",\"success\":true,\"value\":null,\"allowFailed\":true,\"message\":\"File has no unexpected annotations\"},{\"key\":\"resolution\",\"success\":true,\"value\":null,\"allowFailed\":true,\"message\":\"File has good resolution\"}],\"author\":\"Eddy Tseng\",\"version\":1.3,\"status\":\"success\"}','2019-08-20 15:35:52','2019-08-20 15:38:46',NULL,16),(17,17,348,1,'markup_mover_test_plan_v2.pdf',1,'20190820A',NULL,'{\"filename\":\"markup_mover_test_plan_v2.pdf\",\"filesize\":982617,\"numPages\":1,\"outlines\":null,\"results\":[{\"key\":\"accessible\",\"success\":true,\"value\":null,\"allowFailed\":false,\"message\":\"File is accessible\"},{\"key\":\"version\",\"success\":true,\"value\":\"1.4\",\"allowFailed\":false,\"message\":\"PDF version is compatible\"},{\"key\":\"size\",\"success\":true,\"value\":\"0.94MB\",\"allowFailed\":false,\"message\":\"File size is within limit\"},{\"key\":\"rotation\",\"success\":true,\"value\":null,\"allowFailed\":true,\"message\":\"All pages have same orientation\"},{\"key\":\"pageAccess\",\"success\":true,\"value\":null,\"allowFailed\":false,\"message\":\"All pages are accessible\"},{\"key\":\"annotation\",\"success\":true,\"value\":null,\"allowFailed\":true,\"message\":\"File has no unexpected annotations\"},{\"key\":\"resolution\",\"success\":true,\"value\":null,\"allowFailed\":true,\"message\":\"File has good resolution\"}],\"author\":\"Eddy Tseng\",\"version\":1.4,\"status\":\"success\"}','2019-08-20 18:22:15','2019-08-20 18:22:24',NULL,17),(18,18,348,2,'markup_mover_test_plan_v1.pdf',1,'20190821A',NULL,'{\"filename\":\"markup_mover_test_plan_v1.pdf\",\"filesize\":2109575,\"numPages\":2,\"outlines\":null,\"results\":[{\"key\":\"accessible\",\"success\":true,\"value\":null,\"allowFailed\":false,\"message\":\"File is accessible\"},{\"key\":\"version\",\"success\":true,\"value\":\"1.3\",\"allowFailed\":false,\"message\":\"PDF version is compatible\"},{\"key\":\"size\",\"success\":true,\"value\":\"2.01MB\",\"allowFailed\":false,\"message\":\"File size is within limit\"},{\"key\":\"rotation\",\"success\":true,\"value\":null,\"allowFailed\":true,\"message\":\"All pages have same orientation\"},{\"key\":\"pageAccess\",\"success\":true,\"value\":null,\"allowFailed\":false,\"message\":\"All pages are accessible\"},{\"key\":\"annotation\",\"success\":true,\"value\":null,\"allowFailed\":true,\"message\":\"File has no unexpected annotations\"},{\"key\":\"resolution\",\"success\":true,\"value\":null,\"allowFailed\":true,\"message\":\"File has good resolution\"}],\"author\":\"Eddy Tseng\",\"version\":1.3,\"status\":\"success\"}','2019-08-21 15:52:22','2019-08-21 15:55:54',NULL,18),(19,19,348,1,'plan1.pdf',1,'20190821A',NULL,'{\"filename\":\"plan1.pdf\",\"filesize\":73121,\"numPages\":1,\"outlines\":null,\"results\":[{\"key\":\"accessible\",\"success\":true,\"value\":null,\"allowFailed\":false,\"message\":\"File is accessible\"},{\"key\":\"version\",\"success\":true,\"value\":\"1.7\",\"allowFailed\":false,\"message\":\"PDF version is compatible\"},{\"key\":\"size\",\"success\":true,\"value\":\"0.07MB\",\"allowFailed\":false,\"message\":\"File size is within limit\"},{\"key\":\"rotation\",\"success\":true,\"value\":null,\"allowFailed\":true,\"message\":\"All pages have same orientation\"},{\"key\":\"pageAccess\",\"success\":true,\"value\":null,\"allowFailed\":false,\"message\":\"All pages are accessible\"},{\"key\":\"annotation\",\"success\":true,\"value\":null,\"allowFailed\":true,\"message\":\"File has no unexpected annotations\"},{\"key\":\"resolution\",\"success\":true,\"value\":null,\"allowFailed\":true,\"message\":\"File has good resolution\"}],\"author\":\"\",\"version\":1.7,\"status\":\"success\"}','2019-08-21 23:33:14','2019-08-21 23:33:20',NULL,19),(20,20,348,1,'plan1.pdf',1,'20190822A',NULL,'{\"filename\":\"plan1.pdf\",\"filesize\":73121,\"numPages\":1,\"outlines\":null,\"results\":[{\"key\":\"accessible\",\"success\":true,\"value\":null,\"allowFailed\":false,\"message\":\"File is accessible\"},{\"key\":\"version\",\"success\":true,\"value\":\"1.7\",\"allowFailed\":false,\"message\":\"PDF version is compatible\"},{\"key\":\"size\",\"success\":true,\"value\":\"0.07MB\",\"allowFailed\":false,\"message\":\"File size is within limit\"},{\"key\":\"rotation\",\"success\":true,\"value\":null,\"allowFailed\":true,\"message\":\"All pages have same orientation\"},{\"key\":\"pageAccess\",\"success\":true,\"value\":null,\"allowFailed\":false,\"message\":\"All pages are accessible\"},{\"key\":\"annotation\",\"success\":true,\"value\":null,\"allowFailed\":true,\"message\":\"File has no unexpected annotations\"},{\"key\":\"resolution\",\"success\":true,\"value\":null,\"allowFailed\":true,\"message\":\"File has good resolution\"}],\"author\":\"\",\"version\":1.7,\"status\":\"success\"}','2019-08-22 19:10:44','2019-08-22 19:10:52',NULL,20),(21,21,348,8,'mech.pdf',1,'20190822A',NULL,'{\"filename\":\"mech.pdf\",\"filesize\":3634288,\"numPages\":8,\"outlines\":null,\"results\":[{\"key\":\"accessible\",\"success\":true,\"value\":null,\"allowFailed\":false,\"message\":\"File is accessible\"},{\"key\":\"version\",\"success\":true,\"value\":\"1.5\",\"allowFailed\":false,\"message\":\"PDF version is compatible\"},{\"key\":\"size\",\"success\":true,\"value\":\"3.47MB\",\"allowFailed\":false,\"message\":\"File size is within limit\"},{\"key\":\"rotation\",\"success\":true,\"value\":null,\"allowFailed\":true,\"message\":\"All pages have same orientation\"},{\"key\":\"pageAccess\",\"success\":true,\"value\":null,\"allowFailed\":false,\"message\":\"All pages are accessible\"},{\"key\":\"annotation\",\"success\":true,\"value\":null,\"allowFailed\":true,\"message\":\"File has no unexpected annotations\"},{\"key\":\"resolution\",\"success\":true,\"value\":null,\"allowFailed\":true,\"message\":\"File has good resolution\"}],\"author\":\"\",\"version\":1.5,\"status\":\"success\"}','2019-08-22 19:12:16','2019-08-22 19:12:23',NULL,21),(22,18,349,3,'markup_mover_test_plan_v2.pdf',1,'20190822A',NULL,'{\"filename\":\"markup_mover_test_plan_v2.pdf\",\"filesize\":982617,\"numPages\":1,\"outlines\":null,\"results\":[{\"key\":\"accessible\",\"success\":true,\"value\":null,\"allowFailed\":false,\"message\":\"File is accessible\"},{\"key\":\"version\",\"success\":true,\"value\":\"1.4\",\"allowFailed\":false,\"message\":\"PDF version is compatible\"},{\"key\":\"size\",\"success\":true,\"value\":\"0.94MB\",\"allowFailed\":false,\"message\":\"File size is within limit\"},{\"key\":\"rotation\",\"success\":true,\"value\":null,\"allowFailed\":true,\"message\":\"All pages have same orientation\"},{\"key\":\"pageAccess\",\"success\":true,\"value\":null,\"allowFailed\":false,\"message\":\"All pages are accessible\"},{\"key\":\"annotation\",\"success\":true,\"value\":null,\"allowFailed\":true,\"message\":\"File has no unexpected annotations\"},{\"key\":\"resolution\",\"success\":true,\"value\":null,\"allowFailed\":true,\"message\":\"File has good resolution\"}],\"author\":\"Eddy Tseng\",\"version\":1.4,\"status\":\"success\"}','2019-08-22 22:42:42','2019-08-22 22:43:40',NULL,22),(23,18,350,4,'markup_mover_test_plan_v3.pdf',1,'20190823A',NULL,'{\"filename\":\"markup_mover_test_plan_v3.pdf\",\"filesize\":1022318,\"numPages\":1,\"outlines\":null,\"results\":[{\"key\":\"accessible\",\"success\":true,\"value\":null,\"allowFailed\":false,\"message\":\"File is accessible\"},{\"key\":\"version\",\"success\":true,\"value\":\"1.4\",\"allowFailed\":false,\"message\":\"PDF version is compatible\"},{\"key\":\"size\",\"success\":true,\"value\":\"0.97MB\",\"allowFailed\":false,\"message\":\"File size is within limit\"},{\"key\":\"rotation\",\"success\":true,\"value\":null,\"allowFailed\":true,\"message\":\"All pages have same orientation\"},{\"key\":\"pageAccess\",\"success\":true,\"value\":null,\"allowFailed\":false,\"message\":\"All pages are accessible\"},{\"key\":\"annotation\",\"success\":true,\"value\":null,\"allowFailed\":true,\"message\":\"File has no unexpected annotations\"},{\"key\":\"resolution\",\"success\":true,\"value\":null,\"allowFailed\":true,\"message\":\"File has good resolution\"}],\"author\":\"Eddy Tseng\",\"version\":1.4,\"status\":\"success\"}','2019-08-23 17:03:29','2019-08-23 17:03:42',NULL,23),(24,21,349,21,'MECH_Plans_V2.pdf',1,'20190823A',NULL,'{\"filename\":\"MECH_Plans_V2.pdf\",\"filesize\":17271361,\"numPages\":13,\"outlines\":null,\"results\":[{\"key\":\"accessible\",\"success\":true,\"value\":null,\"allowFailed\":false,\"message\":\"File is accessible\"},{\"key\":\"version\",\"success\":true,\"value\":\"1.6\",\"allowFailed\":false,\"message\":\"PDF version is compatible\"},{\"key\":\"size\",\"success\":true,\"value\":\"16.47MB\",\"allowFailed\":false,\"message\":\"File size is within limit\"},{\"key\":\"rotation\",\"success\":true,\"value\":null,\"allowFailed\":true,\"message\":\"All pages have same orientation\"},{\"key\":\"pageAccess\",\"success\":true,\"value\":null,\"allowFailed\":false,\"message\":\"All pages are accessible\"},{\"key\":\"annotation\",\"success\":true,\"value\":null,\"allowFailed\":true,\"message\":\"File has no unexpected annotations\"},{\"key\":\"resolution\",\"success\":true,\"value\":null,\"allowFailed\":true,\"message\":\"File has good resolution\"}],\"author\":\"\",\"version\":1.6,\"status\":\"success\"}','2019-08-23 17:04:17','2019-08-23 17:04:27',NULL,24);
/*!40000 ALTER TABLE `DocumentVersions` ENABLE KEYS */;
UNLOCK TABLES;

--
-- Table structure for table `Documents`
--

DROP TABLE IF EXISTS `Documents`;
/*!40101 SET @saved_cs_client     = @@character_set_client */;
/*!40101 SET character_set_client = utf8 */;
CREATE TABLE `Documents` (
  `id` int(10) unsigned NOT NULL AUTO_INCREMENT,
  `project_id` int(10) unsigned NOT NULL,
  `documentType_LIID` int(10) unsigned NOT NULL,
  `vendor_id` varchar(50) DEFAULT NULL,
  `needsIntake` tinyint(1) NOT NULL DEFAULT '1',
  `createdAt` datetime NOT NULL DEFAULT CURRENT_TIMESTAMP,
  `updatedAt` datetime NOT NULL DEFAULT CURRENT_TIMESTAMP,
  `deletedAt` datetime DEFAULT NULL,
  `suggested_id` int(10) unsigned DEFAULT NULL,
  PRIMARY KEY (`id`),
  UNIQUE KEY `vendor_id_UNIQUE` (`vendor_id`),
  KEY `fk_project_id_idx` (`project_id`),
  KEY `fk_documentType_LIID_idx` (`documentType_LIID`),
  KEY `deletedAt_idx` (`deletedAt`),
  CONSTRAINT `documents_ibfk_1` FOREIGN KEY (`project_id`) REFERENCES `Projects` (`id`),
  CONSTRAINT `documents_ibfk_2` FOREIGN KEY (`documentType_LIID`) REFERENCES `ListItems` (`id`)
) ENGINE=InnoDB AUTO_INCREMENT=25 DEFAULT CHARSET=latin1;
/*!40101 SET character_set_client = @saved_cs_client */;

--
-- Dumping data for table `Documents`
--

LOCK TABLES `Documents` WRITE;
/*!40000 ALTER TABLE `Documents` DISABLE KEYS */;
INSERT INTO `Documents` VALUES (1,1,257,NULL,0,'2019-07-26 21:30:01','2019-07-26 21:30:08',NULL,NULL),(2,2,257,NULL,0,'2019-07-26 22:31:34','2019-07-26 22:31:47',NULL,NULL),(3,3,257,NULL,0,'2019-07-29 18:25:01','2019-07-29 18:25:19',NULL,NULL),(4,4,257,NULL,0,'2019-07-29 21:43:31','2019-07-29 21:47:08',NULL,NULL),(5,5,257,NULL,0,'2019-07-29 23:07:47','2019-07-29 23:08:02',NULL,NULL),(6,7,257,NULL,0,'2019-07-30 17:28:11','2019-07-30 17:28:33',NULL,NULL),(7,8,257,NULL,0,'2019-07-31 20:47:20','2019-07-31 20:47:41',NULL,NULL),(8,8,257,NULL,1,'2019-07-31 20:50:02','2019-07-31 20:50:02','2019-07-31 20:50:43',NULL),(9,8,257,NULL,1,'2019-07-31 20:58:32','2019-07-31 20:58:32','2019-07-31 20:59:12',NULL),(10,9,257,NULL,0,'2019-08-01 03:29:08','2019-08-01 03:30:08',NULL,NULL),(11,9,257,NULL,1,'2019-08-01 03:32:22','2019-08-01 03:32:22','2019-08-01 03:33:02',NULL),(12,10,257,NULL,0,'2019-08-05 16:47:25','2019-08-05 16:47:45',NULL,NULL),(13,11,257,NULL,0,'2019-08-05 19:18:11','2019-08-05 19:18:27',NULL,NULL),(14,12,257,NULL,0,'2019-08-12 23:37:31','2019-08-12 23:37:44',NULL,NULL),(15,13,257,NULL,0,'2019-08-19 17:26:59','2019-08-19 17:27:14',NULL,NULL),(16,14,257,NULL,0,'2019-08-20 15:35:52','2019-08-20 15:38:46',NULL,NULL),(17,14,257,NULL,0,'2019-08-20 18:22:15','2019-08-20 18:22:24',NULL,NULL),(18,15,257,NULL,0,'2019-08-21 15:52:22','2019-08-21 15:55:54',NULL,NULL),(19,8,257,NULL,0,'2019-08-21 23:33:14','2019-08-21 23:33:20',NULL,NULL),(20,15,257,NULL,0,'2019-08-22 19:10:44','2019-08-22 19:10:52',NULL,NULL),(21,15,257,NULL,0,'2019-08-22 19:12:16','2019-08-22 19:12:23',NULL,NULL),(22,15,257,NULL,1,'2019-08-22 22:42:42','2019-08-22 22:42:42','2019-08-22 22:43:40',NULL),(23,15,257,NULL,1,'2019-08-23 17:03:29','2019-08-23 17:03:29','2019-08-23 17:03:43',NULL),(24,15,257,NULL,1,'2019-08-23 17:04:17','2019-08-23 17:04:17','2019-08-23 17:04:27',NULL);
/*!40000 ALTER TABLE `Documents` ENABLE KEYS */;
UNLOCK TABLES;

--
-- Table structure for table `EmailTemplates`
--

DROP TABLE IF EXISTS `EmailTemplates`;
/*!40101 SET @saved_cs_client     = @@character_set_client */;
/*!40101 SET character_set_client = utf8 */;
CREATE TABLE `EmailTemplates` (
  `id` int(10) unsigned NOT NULL AUTO_INCREMENT,
  `key` varchar(100) NOT NULL,
  `label` varchar(100) NOT NULL,
  `subject` text NOT NULL,
  `body` text NOT NULL,
  `context` text,
  `vendor_id` varchar(50) DEFAULT NULL,
  `createdAt` datetime NOT NULL DEFAULT CURRENT_TIMESTAMP,
  `updatedAt` datetime NOT NULL DEFAULT CURRENT_TIMESTAMP,
  `deletedAt` datetime DEFAULT NULL,
  PRIMARY KEY (`id`),
  UNIQUE KEY `key` (`key`),
  UNIQUE KEY `vendor_id` (`vendor_id`),
  KEY `idx-deletedAt` (`deletedAt`)
) ENGINE=InnoDB AUTO_INCREMENT=8 DEFAULT CHARSET=latin1;
/*!40101 SET character_set_client = @saved_cs_client */;

--
-- Dumping data for table `EmailTemplates`
--

LOCK TABLES `EmailTemplates` WRITE;
/*!40000 ALTER TABLE `EmailTemplates` DISABLE KEYS */;
INSERT INTO `EmailTemplates` VALUES (1,'UserPasswordReset','User Password Reset','eplansoft REVIEW - {{clientAgency}} - Password Reset Request','<p>A password reset request has been received for your account.  Use the link below to reset your password.</p>',NULL,NULL,'2019-07-26 21:28:36','2019-07-26 21:28:36',NULL),(2,'Notifications','Notifications','e-PlanReview - {{settings.clientAgency}} - Notifications','<p>There are {{count}} notifications below.</p>',NULL,NULL,'2019-07-26 21:28:36','2019-07-26 21:28:36',NULL),(3,'NewUserRequest','New User Request','e-PlanReview - {{settings.clientAgency}} - New User Request for {{user.email}}','<h2>New User Requested</h2><table><tbody><tr><th style=\"width: 100px; text-align: left\">First Name:</th><td>{{user.firstName}}</td></tr><tr><th style=\"width: 100px; text-align: left\">Last Name:</th><td>{{user.lastName}}</td></tr><tr><th style=\"width: 100px; text-align: left\">Username:</th><td>{{user.username}}</td></tr><tr><th style=\"width: 100px; text-align: left\">Email:</th><td>{{user.email}}</td></tr></tbody></table>',NULL,NULL,'2019-07-26 21:28:36','2019-07-26 21:28:36',NULL),(4,'SystemNotifications_EventTypes_General_Error','System Notifications Error','e-PlanReview - {{settings.clientAgency}} - A System Error Has Occured','<h2>System Error</h2><p>Error Description:</p>',NULL,NULL,'2019-07-26 21:28:36','2019-07-26 21:28:36',NULL),(5,'SystemNotifications_EventTypes_General_ApplicationStart','System Notifications Application Start','e-PlanReview - {{settings.clientAgency}} - The Application Has Started','<h2>The e-PlanReview application for {{settings.clientAgency}} has started</h2>',NULL,NULL,'2019-07-26 21:28:36','2019-07-26 21:28:36',NULL),(6,'ContributorNotifications_Comment_Update','Contributor Notifications Comment Update','e-PlanReview - {{settings.clientAgency}} - Comment Addition/Update','<h2>Comment Addition/Update</h2><p>A comment has been added/updated:</p>',NULL,NULL,'2019-07-26 21:28:36','2019-07-26 21:28:36',NULL),(7,'DeliverableEmail','Deliverable Email','e-PlanReview - Deliverable for Project {{project.projectNumber}}','<p>Hey,</p>\n<p>We have a deliverable package for you. Click the link below to download it.</p>\n<p>{{deliverable.link}}</p>\n<p>Thanks,</p>\n<p>{{user.firstName}} {{user.lastName}}</p>',NULL,NULL,'2019-07-26 21:28:40','2019-07-26 21:28:40',NULL);
/*!40000 ALTER TABLE `EmailTemplates` ENABLE KEYS */;
UNLOCK TABLES;

--
-- Table structure for table `Emails`
--

DROP TABLE IF EXISTS `Emails`;
/*!40101 SET @saved_cs_client     = @@character_set_client */;
/*!40101 SET character_set_client = utf8 */;
CREATE TABLE `Emails` (
  `id` int(10) unsigned NOT NULL AUTO_INCREMENT,
  `user_id` int(10) unsigned DEFAULT NULL,
  `attempts` int(10) unsigned DEFAULT NULL,
  `to` text,
  `cc` text,
  `bcc` text,
  `replyTo` text,
  `from` text,
  `subject` text,
  `result` text,
  `body` text,
  `sent_at` datetime DEFAULT NULL,
  `lastAttemptAt` datetime DEFAULT NULL,
  `createdAt` datetime NOT NULL DEFAULT CURRENT_TIMESTAMP,
  `updatedAt` datetime NOT NULL DEFAULT CURRENT_TIMESTAMP,
  `deletedAt` datetime DEFAULT NULL,
  PRIMARY KEY (`id`),
  KEY `fk_user_id_idx` (`user_id`),
  KEY `sent_at_idx` (`sent_at`),
  KEY `attempts_idx` (`attempts`),
  KEY `deletedAt_idx` (`deletedAt`),
  CONSTRAINT `emails_ibfk_1` FOREIGN KEY (`user_id`) REFERENCES `Persons` (`id`)
) ENGINE=InnoDB AUTO_INCREMENT=4 DEFAULT CHARSET=latin1;
/*!40101 SET character_set_client = @saved_cs_client */;

--
-- Dumping data for table `Emails`
--

LOCK TABLES `Emails` WRITE;
/*!40000 ALTER TABLE `Emails` DISABLE KEYS */;
INSERT INTO `Emails` VALUES (1,1,5,'eric@eplansoft.com',NULL,NULL,NULL,'\"\"<>','eplansoft REVIEW - CLIENT_NAME - User Account Active',NULL,'<p>Your user account has been activated.<span></span><br/></p><p>If you have not already provided a password, use the \'Forget Password?\' link on our login page to update your password.<span></span></p><p></p><p>Login URL:<a href=\".eplansoftreview.com\" target=\"_blank\">.eplansoftreview.com</a></p><p></p>',NULL,'2019-08-01 18:54:00','2019-08-01 18:15:14','2019-08-01 18:54:00',NULL),(2,3,5,'pc@gmail.com',NULL,NULL,NULL,'\"\"<>','eplansoft REVIEW - CLIENT_NAME - User Account Active',NULL,'<p>Your user account has been activated.<span></span><br/></p><p>If you have not already provided a password, use the \'Forget Password?\' link on our login page to update your password.<span></span></p><p></p><p>Login URL:<a href=\".eplansoftreview.com\" target=\"_blank\">.eplansoftreview.com</a></p><p></p>',NULL,'2019-08-12 17:57:45','2019-08-12 17:43:17','2019-08-12 17:57:45',NULL),(3,3,5,'eric2@eplansoft.com',NULL,NULL,NULL,'\"\"<>','eplansoft REVIEW - CLIENT_NAME - User Account Active',NULL,'<p>Your user account has been activated.<span></span><br/></p><p>If you have not already provided a password, use the \'Forget Password?\' link on our login page to update your password.<span></span></p><p></p><p>Login URL:<a href=\".eplansoftreview.com\" target=\"_blank\">.eplansoftreview.com</a></p><p></p>',NULL,'2019-08-20 18:59:34','2019-08-20 18:31:44','2019-08-20 18:59:34',NULL);
/*!40000 ALTER TABLE `Emails` ENABLE KEYS */;
UNLOCK TABLES;

--
-- Table structure for table `EventLogEventTypes`
--

DROP TABLE IF EXISTS `EventLogEventTypes`;
/*!40101 SET @saved_cs_client     = @@character_set_client */;
/*!40101 SET character_set_client = utf8 */;
CREATE TABLE `EventLogEventTypes` (
  `id` int(10) unsigned NOT NULL AUTO_INCREMENT,
  `eventLog_id` int(10) unsigned NOT NULL,
  `eventType_LIID` int(10) unsigned NOT NULL,
  `createdAt` datetime NOT NULL DEFAULT CURRENT_TIMESTAMP,
  `updatedAt` datetime NOT NULL DEFAULT CURRENT_TIMESTAMP,
  `deletedAt` datetime DEFAULT NULL,
  PRIMARY KEY (`id`),
  KEY `fk_eventLog_id_idx` (`eventLog_id`),
  KEY `fk_eventType_LIID_idx` (`eventType_LIID`),
  KEY `createdAt-idx` (`createdAt`),
  CONSTRAINT `eventlogeventtypes_ibfk_1` FOREIGN KEY (`eventLog_id`) REFERENCES `EventLogs` (`id`),
  CONSTRAINT `eventlogeventtypes_ibfk_2` FOREIGN KEY (`eventType_LIID`) REFERENCES `ListItems` (`id`)
) ENGINE=InnoDB DEFAULT CHARSET=latin1;
/*!40101 SET character_set_client = @saved_cs_client */;

--
-- Dumping data for table `EventLogEventTypes`
--

LOCK TABLES `EventLogEventTypes` WRITE;
/*!40000 ALTER TABLE `EventLogEventTypes` DISABLE KEYS */;
/*!40000 ALTER TABLE `EventLogEventTypes` ENABLE KEYS */;
UNLOCK TABLES;

--
-- Table structure for table `EventLogs`
--

DROP TABLE IF EXISTS `EventLogs`;
/*!40101 SET @saved_cs_client     = @@character_set_client */;
/*!40101 SET character_set_client = utf8 */;
CREATE TABLE `EventLogs` (
  `id` int(10) unsigned NOT NULL AUTO_INCREMENT,
  `activity_id` int(10) unsigned DEFAULT NULL,
  `user_id` int(10) unsigned DEFAULT NULL,
  `description` text CHARACTER SET latin1,
  `entity_name` varchar(255) CHARACTER SET latin1 DEFAULT NULL,
  `entity_id` int(10) unsigned DEFAULT NULL,
  `projectNumber` varchar(255) CHARACTER SET latin1 DEFAULT NULL,
  `project_id` int(10) unsigned DEFAULT NULL,
  `documentName` varchar(255) CHARACTER SET latin1 DEFAULT NULL,
  `emailQueued` tinyint(1) NOT NULL DEFAULT '0',
  `createdAt` datetime NOT NULL DEFAULT CURRENT_TIMESTAMP,
  `updatedAt` datetime NOT NULL DEFAULT CURRENT_TIMESTAMP,
  `deletedAt` datetime DEFAULT NULL,
  `httpMethod` enum('GET','POST','PUT','DELETE') CHARACTER SET latin1 DEFAULT NULL,
  `success` tinyint(1) DEFAULT NULL,
  PRIMARY KEY (`id`),
  KEY `user_id` (`user_id`),
  KEY `idx-deletedAt` (`deletedAt`),
  KEY `idx-updatedAt` (`updatedAt`),
  KEY `idx-projectNumber` (`projectNumber`),
  KEY `idx-documentName` (`documentName`),
  KEY `idx-emailQueued` (`emailQueued`),
  KEY `fk_activity_id_idx` (`activity_id`),
  KEY `entity_id_idx` (`entity_id`),
  KEY `entity_name_idx` (`entity_name`),
  KEY `idx-project_id` (`project_id`),
  FULLTEXT KEY `event_logs_description` (`description`),
  CONSTRAINT `EventLogs_EventLogs_ibfk_activity_id_foreign_idx` FOREIGN KEY (`activity_id`) REFERENCES `Activities` (`id`) ON DELETE SET NULL,
  CONSTRAINT `EventLogs_project_id_foreign_idx` FOREIGN KEY (`project_id`) REFERENCES `Projects` (`id`),
  CONSTRAINT `eventlogs_ibfk_2` FOREIGN KEY (`user_id`) REFERENCES `Persons` (`id`)
) ENGINE=InnoDB AUTO_INCREMENT=49 DEFAULT CHARSET=utf8mb4;
/*!40101 SET character_set_client = @saved_cs_client */;

--
-- Dumping data for table `EventLogs`
--

LOCK TABLES `EventLogs` WRITE;
/*!40000 ALTER TABLE `EventLogs` DISABLE KEYS */;
INSERT INTO `EventLogs` VALUES (1,NULL,3,'PUT: /resources/documentAssignment/updateVendor <br/>***Changes***: {\"oldProcessRSN\": \"3\"\", \"newProcessRSN\":\"99\"}',NULL,NULL,NULL,NULL,NULL,0,'2019-08-09 21:59:16','2019-08-09 21:59:16',NULL,'PUT',1),(2,NULL,3,'PUT: /resources/documentAssignment/updateVendor <br/>***Changes***: {\"oldProcessRSN\": \"7\"\", \"newProcessRSN\":\"8\"}',NULL,NULL,NULL,NULL,NULL,0,'2019-08-12 17:15:00','2019-08-12 17:15:00',NULL,'PUT',0),(3,NULL,3,'PUT: /resources/documentAssignment/updateVendor <br/>***Changes***: {\"oldProcessRSN\": \"7\"\", \"newProcessRSN\":\"9\"}',NULL,NULL,NULL,NULL,NULL,0,'2019-08-12 17:15:10','2019-08-12 17:15:10',NULL,'PUT',0),(4,NULL,3,'PUT: /resources/documentAssignment/updateVendor <br/>***Changes***: {\"oldProcessRSN\": \"7\"\", \"newProcessRSN\":\"987\"}',NULL,NULL,NULL,NULL,NULL,0,'2019-08-12 17:15:46','2019-08-12 17:15:46',NULL,'PUT',1),(5,NULL,3,'PUT: /resources/documentAssignment/updateVendor<br/>***Changes***: \"Update\":[{\"modelName\":\"DocumentAssignment\",\"diff\":[{\"key\":\"vendor_id\",\"value\":{\"from\":99,\"to\":3}}]',NULL,NULL,NULL,NULL,NULL,0,'2019-08-12 17:25:43','2019-08-12 17:25:43',NULL,'PUT',1),(6,7,1,'POST: /resources/persons/1<br/>***Changes***: {\"Update\":[{\"modelName\":\"Person\",\"id\":1,\"diff\":[{\"key\":\"hasPassword\",\"value\":{\"to\":false}}]}]}','Person',1,NULL,NULL,NULL,0,'2019-08-12 17:25:43','2019-08-12 17:25:43',NULL,'POST',1),(7,NULL,3,'PUT: /resources/documentAssignment/updateVendor<br/>***Changes***: {\"Update\":[{\"modelName\":\"DocumentAssignment\",\"diff\":[{\"key\":\"vendor_id\",\"value\":{\"from\":987,\"to\":7}}]}',NULL,NULL,NULL,NULL,NULL,0,'2019-08-12 17:48:25','2019-08-12 17:48:25',NULL,'PUT',1),(8,NULL,3,'PUT: /resources/documentAssignment/updateVendor<br/>***Changes***: {\"Update\":[{\"modelName\":\"DocumentAssignment\",\"diff\":[{\"key\":\"vendor_id\",\"value\":{\"from\":1,\"to\":11}}]}]}',NULL,NULL,NULL,NULL,NULL,0,'2019-08-12 17:58:07','2019-08-12 17:58:07',NULL,'PUT',1),(9,NULL,3,'PUT: /resources/documentAssignment/updateVendor<br/>***Changes***: {\"Update\":[{\"modelName\":\"DocumentAssignment\",\"diff\":[{\"key\":\"vendor_id\",\"value\":{\"from\":2,\"to\":12}}]}]}',NULL,NULL,NULL,NULL,NULL,0,'2019-08-12 18:02:29','2019-08-12 18:02:29',NULL,'PUT',1),(10,NULL,3,'PUT: /resources/documentAssignment/updateVendor<br/>***Changes***: {\"Update\":[{\"modelName\":\"DocumentAssignment\", \"id\":null \"diff\":[{\"key\":\"vendor_id\",\"value\":{\"from\":11,\"to\":15}}]}]}',NULL,NULL,NULL,NULL,NULL,0,'2019-08-12 19:01:57','2019-08-12 19:01:57',NULL,'PUT',1),(11,NULL,3,'PUT: /resources/documentAssignment/updateVendor<br/>***Changes***: {\"Update\":[{\"modelName\":\"DocumentAssignment\", \"id\":null \"diff\":[{\"key\":\"vendor_id\",\"value\":{\"from\":11,\"to\":15}}]}]}',NULL,NULL,NULL,NULL,NULL,0,'2019-08-12 19:03:50','2019-08-12 19:03:50',NULL,'PUT',1),(12,NULL,3,'PUT: /resources/documentAssignment/updateVendor<br/>***Changes***: {\"Update\":[{\"modelName\":\"DocumentAssignment\", \"id\":null \"diff\":[{\"key\":\"vendor_id\",\"value\":{\"from\":11,\"to\":15}}]}]}',NULL,NULL,NULL,NULL,NULL,0,'2019-08-12 19:05:21','2019-08-12 19:05:21',NULL,'PUT',1),(13,NULL,3,'PUT: /resources/documentAssignment/updateVendor<br/>***Changes***: {\"Update\":[{\"modelName\":\"DocumentAssignment\", \"id\":null \"diff\":[{\"key\":\"vendor_id\",\"value\":{\"from\":11,\"to\":15}}]}]}',NULL,NULL,NULL,NULL,NULL,0,'2019-08-12 19:09:19','2019-08-12 19:09:19',NULL,'PUT',1),(14,NULL,3,'PUT: /resources/documentAssignment/updateVendor<br/>***Changes***: {\"Update\":[{\"modelName\":\"DocumentAssignment\", \"id\":null \"diff\":[{\"key\":\"vendor_id\",\"value\":{\"from\":11,\"to\":15}}]}]}',NULL,NULL,NULL,NULL,NULL,0,'2019-08-12 19:09:39','2019-08-12 19:09:39',NULL,'PUT',1),(15,NULL,3,'PUT: /resources/documentAssignment/updateVendor<br/>***Changes***: {\"Update\":[{\"modelName\":\"DocumentAssignment\", \"id\":null \"diff\":[{\"key\":\"vendor_id\",\"value\":{\"from\":11,\"to\":15}}]}]}',NULL,NULL,NULL,NULL,NULL,0,'2019-08-12 19:14:59','2019-08-12 19:14:59',NULL,'PUT',1),(16,NULL,3,'PUT: /resources/documentAssignment/updateVendor<br/>***Changes***: {\"Update\":[{\"modelName\":\"DocumentAssignment\", \"id\":null \"diff\":[{\"key\":\"vendor_id\",\"value\":{\"from\":11,\"to\":15}}]}]}',NULL,NULL,NULL,NULL,NULL,0,'2019-08-12 19:16:05','2019-08-12 19:16:05',NULL,'PUT',1),(17,NULL,3,'PUT: /resources/documentAssignment/updateVendor<br/>***Changes***: {\"Update\":[{\"modelName\":\"DocumentAssignment\", \"id\":null \"diff\":[{\"key\":\"vendor_id\",\"value\":{\"from\":11,\"to\":15}}]}]}',NULL,NULL,NULL,NULL,NULL,0,'2019-08-12 19:20:49','2019-08-12 19:20:49',NULL,'PUT',0),(18,NULL,3,'PUT: /resources/documentAssignment/updateVendor<br/>***Changes***: {\"Update\":[{\"modelName\":\"DocumentAssignment\", \"id\":null \"diff\":[{\"key\":\"vendor_id\",\"value\":{\"from\":11,\"to\":15}}]}]}',NULL,NULL,NULL,NULL,NULL,0,'2019-08-12 19:22:14','2019-08-12 19:22:14',NULL,'PUT',1),(19,NULL,3,'PUT: /resources/documentAssignment/updateVendor<br/>***Changes***: {\"Update\":[{\"modelName\":\"DocumentAssignment\", \"id\":null \"diff\":[{\"key\":\"vendor_id\",\"value\":{\"from\":11,\"to\":15}}]}]}',NULL,NULL,NULL,NULL,NULL,0,'2019-08-12 19:24:13','2019-08-12 19:24:13',NULL,'PUT',1),(20,NULL,3,'PUT: /resources/documentAssignment/updateVendor<br/>***Changes***: {\"Update\":[{\"modelName\":\"DocumentAssignment\", \"id\":null \"diff\":[{\"key\":\"vendor_id\",\"value\":{\"from\":11,\"to\":15}}]}]}',NULL,NULL,NULL,NULL,NULL,0,'2019-08-12 19:26:20','2019-08-12 19:26:20',NULL,'PUT',1),(21,NULL,3,'PUT: /resources/documentAssignment/updateVendor<br/>***Changes***: {\"Update\":[{\"modelName\":\"DocumentAssignment\", \"id\":1 \"diff\":[{\"key\":\"vendor_id\",\"value\":{\"from\":11,\"to\":1}}]}]}',NULL,NULL,NULL,NULL,NULL,0,'2019-08-12 19:27:48','2019-08-12 19:27:48',NULL,'PUT',1),(22,NULL,3,'PUT: /resources/documentAssignment/updateVendor<br/>***Changes***: {\"Update\":[{\"modelName\":\"DocumentAssignment\", \"id\":1 \"diff\":[{\"key\":\"vendor_id\",\"value\":{\"from\":1,\"to\":3}}]}]}',NULL,NULL,NULL,NULL,NULL,0,'2019-08-12 19:28:01','2019-08-12 19:28:01',NULL,'PUT',0),(23,NULL,3,'PUT: /resources/documentAssignment/updateVendor<br/>***Changes***: {\"Update\":[{\"modelName\":\"DocumentAssignment\", \"id\":1 \"diff\":[{\"key\":\"vendor_id\",\"value\":{\"from\":1,\"to\":3}}]}]}',NULL,NULL,NULL,NULL,NULL,0,'2019-08-12 19:30:44','2019-08-12 19:30:44',NULL,'PUT',0),(24,NULL,3,'PUT: /resources/documentAssignment/updateVendor<br/>***Changes***: {\"Update\":[{\"modelName\":\"DocumentAssignment\",\"diff\":[{\"key\":\"vendor_id\",\"value\":{\"from\":\"3\",\"to\":\"3A\"}}]}]}',NULL,NULL,NULL,NULL,NULL,0,'2019-08-12 19:47:49','2019-08-12 19:47:49',NULL,'PUT',1),(25,NULL,3,'PUT: /resources/documentAssignment/updateVendor<br/>***Changes***: {\"Update\":[{\"modelName\":\"DocumentAssignment\",\"diff\":[{\"key\":\"vendor_id\",\"value\":{\"from\":\"1\",\"to\":\"15\"}}]}]}',NULL,NULL,NULL,NULL,NULL,0,'2019-08-16 21:16:36','2019-08-16 21:16:36',NULL,'PUT',1),(26,NULL,3,'PUT: /resources/documentAssignment/updateVendor<br/>***Changes***: {\"Update\":[{\"modelName\":\"DocumentAssignment\",\"diff\":[{\"key\":\"vendor_id\",\"value\":{\"from\":\"12\",\"to\":\"15\"}}]}]}',NULL,NULL,NULL,NULL,NULL,0,'2019-08-16 21:17:11','2019-08-16 21:17:11',NULL,'PUT',0),(27,NULL,3,'PUT: /resources/documentAssignment/updateVendor<br/>***Changes***: {\"Update\":[{\"modelName\":\"DocumentAssignment\",\"diff\":[{\"key\":\"vendor_id\",\"value\":{\"from\":\"12\",\"to\":\"15\"}}]}]}',NULL,NULL,NULL,NULL,NULL,0,'2019-08-16 21:52:40','2019-08-16 21:52:40',NULL,'PUT',0),(28,NULL,3,'PUT: /resources/documentAssignment/updateVendor<br/>***Changes***: {\"Update\":[{\"modelName\":\"DocumentAssignment\",\"diff\":[{\"key\":\"vendor_id\",\"value\":{\"from\":\"12\",\"to\":\"15\"}}]}]}',NULL,NULL,NULL,NULL,NULL,0,'2019-08-16 21:55:49','2019-08-16 21:55:49',NULL,'PUT',0),(29,NULL,3,'PUT: /resources/documentAssignment/updateVendor<br/>***Changes***: {\"Update\":[{\"modelName\":\"DocumentAssignment\",\"diff\":[{\"key\":\"vendor_id\",\"value\":{\"from\":\"12\",\"to\":\"15\"}}]}]}',NULL,NULL,NULL,NULL,NULL,0,'2019-08-16 21:56:27','2019-08-16 21:56:27',NULL,'PUT',0),(30,NULL,3,'PUT: /resources/documentAssignment/updateVendor<br/>***Changes***: {\"Update\":[{\"modelName\":\"DocumentAssignment\",\"diff\":[{\"key\":\"vendor_id\",\"value\":{\"from\":\"12\",\"to\":\"15\"}}]}]}',NULL,NULL,NULL,NULL,NULL,0,'2019-08-16 22:01:38','2019-08-16 22:01:38',NULL,'PUT',0),(31,NULL,3,'PUT: /resources/documentAssignment/updateVendor<br/>***Changes***: {\"Update\":[{\"modelName\":\"DocumentAssignment\",\"diff\":[{\"key\":\"vendor_id\",\"value\":{\"from\":\"12\",\"to\":\"15\"}}]}]}',NULL,NULL,NULL,NULL,NULL,0,'2019-08-16 22:09:01','2019-08-16 22:09:01',NULL,'PUT',0),(32,NULL,3,'PUT: /resources/documentAssignment/updateVendor<br/>***Changes***: {\"Update\":[{\"modelName\":\"DocumentAssignment\",\"diff\":[{\"key\":\"vendor_id\",\"value\":{\"from\":\"12\",\"to\":\"15\"}}]}]}',NULL,NULL,NULL,NULL,NULL,0,'2019-08-16 22:14:45','2019-08-16 22:14:45',NULL,'PUT',0),(33,NULL,3,'PUT: /resources/documentAssignment/updateVendor<br/>***Changes***: {\"Update\":[{\"modelName\":\"DocumentAssignment\",\"diff\":[{\"key\":\"vendor_id\",\"value\":{\"from\":\"12\",\"to\":\"15\"}}]}]}',NULL,NULL,NULL,NULL,NULL,0,'2019-08-16 22:17:16','2019-08-16 22:17:16',NULL,'PUT',0),(34,NULL,3,'PUT: /resources/documentAssignment/updateVendor<br/>***Changes***: {\"Update\":[{\"modelName\":\"DocumentAssignment\",\"diff\":[{\"key\":\"vendor_id\",\"value\":{\"from\":\"12\",\"to\":\"15\"}}]}]}',NULL,NULL,NULL,NULL,NULL,0,'2019-08-16 22:19:09','2019-08-16 22:19:09',NULL,'PUT',0),(35,NULL,3,'PUT: /resources/documentAssignment/updateVendor<br/>***Changes***: {\"Update\":[{\"modelName\":\"DocumentAssignment\",\"diff\":[{\"key\":\"vendor_id\",\"value\":{\"from\":\"12\",\"to\":\"15\"}}]}]}',NULL,NULL,NULL,NULL,NULL,0,'2019-08-16 22:22:02','2019-08-16 22:22:02',NULL,'PUT',0),(36,NULL,3,'PUT: /resources/documentAssignment/updateVendor<br/>***Changes***: {\"Update\":[{\"modelName\":\"DocumentAssignment\",\"diff\":[{\"key\":\"vendor_id\",\"value\":{\"from\":\"12\",\"to\":\"15\"}}]}]}',NULL,NULL,NULL,NULL,NULL,0,'2019-08-16 22:22:24','2019-08-16 22:22:24',NULL,'PUT',0),(37,NULL,3,'PUT: /resources/documentAssignment/updateVendor<br/>***Changes***: {\"Update\":[{\"modelName\":\"DocumentAssignment\",\"diff\":[{\"key\":\"vendor_id\",\"value\":{\"from\":\"12\",\"to\":\"15\"}}]}]}',NULL,NULL,NULL,NULL,NULL,0,'2019-08-16 22:24:22','2019-08-16 22:24:22',NULL,'PUT',0),(38,NULL,3,'PUT: /resources/documentAssignment/updateVendor<br/>***Changes***: {\"Update\":[{\"modelName\":\"DocumentAssignment\",\"diff\":[{\"key\":\"vendor_id\",\"value\":{\"from\":\"12\",\"to\":\"15\"}}]}]}',NULL,NULL,NULL,NULL,NULL,0,'2019-08-16 22:25:11','2019-08-16 22:25:11',NULL,'PUT',0),(39,NULL,3,'PUT: /resources/documentAssignment/updateVendor<br/>***Changes***: {\"Update\":[{\"modelName\":\"DocumentAssignment\", \"id\": \"2\" \"diff\":[{\"key\":\"vendor_id\",\"value\":{\"from\":\"12\",\"to\":\"15\"}}]}]}',NULL,NULL,NULL,NULL,NULL,0,'2019-08-16 22:44:19','2019-08-16 22:44:19',NULL,'PUT',0),(40,NULL,3,'PUT: /resources/documentAssignment/updateVendor<br/>***Changes***: {\"Update\":[{\"modelName\":\"DocumentAssignment\", \"id\": \"2\" \"diff\":[{\"key\":\"vendor_id\",\"value\":{\"from\":\"12\",\"to\":\"18\"}}]}]}',NULL,NULL,NULL,NULL,NULL,0,'2019-08-16 22:46:07','2019-08-16 22:46:07',NULL,'PUT',1),(41,NULL,3,'PUT: /resources/documentAssignment/updateVendor<br/>***Changes***: {\"Update\":[{\"modelName\":\"DocumentAssignment\", \"id\": \"null\" \"diff\":[{\"key\":\"vendor_id\",\"value\":{\"from\":\"141241\",\"to\":\"12\"}}]}]}',NULL,NULL,NULL,NULL,NULL,0,'2019-08-16 22:46:23','2019-08-16 22:46:23',NULL,'PUT',1),(42,NULL,3,'PUT: /resources/documentAssignment/updateVendor<br/>***Changes***: {\"Update\":[{\"modelName\":\"DocumentAssignment\", \"id\": \"1\" \"diff\":[{\"key\":\"vendor_id\",\"value\":{\"from\":\"15\",\"to\":\"12\"}}]}]}',NULL,NULL,NULL,NULL,NULL,0,'2019-08-16 22:53:12','2019-08-16 22:53:12',NULL,'PUT',1),(43,NULL,3,'PUT: /resources/documentAssignment/updateVendor<br/>***Changes***: {\"Update\":[{\"modelName\":\"DocumentAssignment\", \"id\": \"1\", \"diff\":[{\"key\":\"vendor_id\",\"value\":{\"from\":\"12\",\"to\":\"13\"}}]}]}',NULL,NULL,NULL,NULL,NULL,0,'2019-08-16 23:03:54','2019-08-16 23:03:54',NULL,'PUT',1),(44,NULL,3,'PUT: /resources/documentAssignment/updateVendor<br/>***Changes***: {\"Update\":[{\"modelName\":\"DocumentAssignment\", \"id\": \"null\", \"diff\":[{\"key\":\"vendor_id\",\"value\":{\"from\":\"444\",\"to\":\"22\"}}]}]}',NULL,NULL,NULL,NULL,NULL,0,'2019-08-16 23:03:59','2019-08-16 23:03:59',NULL,'PUT',1),(45,NULL,3,'PUT: /resources/documentAssignment/updateVendor<br/>***Changes***: {\"Update\":[{\"modelName\":\"DocumentAssignment\", \"id\": \"1\", \"diff\":[{\"key\":\"vendor_id\",\"value\":{\"from\":\"13\",\"to\":\"18\"}}]}]}',NULL,NULL,NULL,NULL,NULL,0,'2019-08-16 23:04:07','2019-08-16 23:04:07',NULL,'PUT',0),(46,NULL,3,'PUT: /resources/documentAssignment/updateVendor<br/>***Changes***: {\"Update\":[{\"modelName\":\"DocumentAssignment\", \"id\": \"1\", \"diff\":[{\"key\":\"vendor_id\",\"value\":{\"from\":\"13\",\"to\":\"d4\"}}]}]}',NULL,NULL,NULL,NULL,NULL,0,'2019-08-16 23:04:25','2019-08-16 23:04:25',NULL,'PUT',1),(47,NULL,3,'PUT: /resources/documentAssignment/updateVendor<br/>***Changes***: {\"Update\":[{\"modelName\":\"DocumentAssignment\", \"id\": \"1\", \"diff\":[{\"key\":\"vendor_id\",\"value\":{\"from\":\"d4\",\"to\":\"abc\"}}]}]}',NULL,NULL,NULL,NULL,NULL,0,'2019-09-11 22:08:39','2019-09-11 22:08:39',NULL,'PUT',1),(48,NULL,3,'PUT: /resources/documentAssignment/updateVendor<br/>***Changes***: {\"Update\":[{\"modelName\":\"DocumentAssignment\", \"id\": \"null\", \"diff\":[{\"key\":\"vendor_id\",\"value\":{\"from\":\"dasd\",\"to\":\"asd\"}}]}]}',NULL,NULL,NULL,NULL,NULL,0,'2019-09-11 22:08:48','2019-09-11 22:08:48',NULL,'PUT',1);
/*!40000 ALTER TABLE `EventLogs` ENABLE KEYS */;
UNLOCK TABLES;

--
-- Table structure for table `EventSubscriptions`
--

DROP TABLE IF EXISTS `EventSubscriptions`;
/*!40101 SET @saved_cs_client     = @@character_set_client */;
/*!40101 SET character_set_client = utf8 */;
CREATE TABLE `EventSubscriptions` (
  `id` int(10) unsigned NOT NULL AUTO_INCREMENT,
  `user_id` int(10) unsigned NOT NULL,
  `eventType_LIID` int(10) unsigned NOT NULL,
  `createdAt` datetime NOT NULL DEFAULT CURRENT_TIMESTAMP,
  `updatedAt` datetime NOT NULL DEFAULT CURRENT_TIMESTAMP,
  `deletedAt` datetime DEFAULT NULL,
  PRIMARY KEY (`id`),
  UNIQUE KEY `event_subscriptions_user_id_event_type__l_i_i_d` (`user_id`,`eventType_LIID`),
  KEY `fk_user_id_idx` (`user_id`),
  KEY `fk_eventType_LIID_idx` (`eventType_LIID`),
  KEY `deletedAt_idx` (`deletedAt`),
  CONSTRAINT `eventsubscriptions_ibfk_1` FOREIGN KEY (`user_id`) REFERENCES `Persons` (`id`),
  CONSTRAINT `eventsubscriptions_ibfk_2` FOREIGN KEY (`eventType_LIID`) REFERENCES `ListItems` (`id`)
) ENGINE=InnoDB DEFAULT CHARSET=latin1;
/*!40101 SET character_set_client = @saved_cs_client */;

--
-- Dumping data for table `EventSubscriptions`
--

LOCK TABLES `EventSubscriptions` WRITE;
/*!40000 ALTER TABLE `EventSubscriptions` DISABLE KEYS */;
/*!40000 ALTER TABLE `EventSubscriptions` ENABLE KEYS */;
UNLOCK TABLES;

--
-- Table structure for table `GroupStamps`
--

DROP TABLE IF EXISTS `GroupStamps`;
/*!40101 SET @saved_cs_client     = @@character_set_client */;
/*!40101 SET character_set_client = utf8 */;
CREATE TABLE `GroupStamps` (
  `id` int(10) unsigned NOT NULL AUTO_INCREMENT,
  `group_LIID` int(10) unsigned DEFAULT NULL,
  `stamp_id` int(10) unsigned NOT NULL,
  `vendor_id` varchar(50) DEFAULT NULL,
  `createdAt` datetime NOT NULL DEFAULT CURRENT_TIMESTAMP,
  `updatedAt` datetime NOT NULL DEFAULT CURRENT_TIMESTAMP,
  `deletedAt` datetime DEFAULT NULL,
  PRIMARY KEY (`id`),
  UNIQUE KEY `group_stamp_UNIQUE` (`group_LIID`,`stamp_id`),
  UNIQUE KEY `vendor_id_UNIQUE` (`vendor_id`),
  KEY `fk_stamp_id_idx` (`stamp_id`),
  KEY `deletedAt_idx` (`deletedAt`),
  CONSTRAINT `groupstamps_ibfk_1` FOREIGN KEY (`group_LIID`) REFERENCES `ListItems` (`id`),
  CONSTRAINT `groupstamps_ibfk_2` FOREIGN KEY (`stamp_id`) REFERENCES `Stamps` (`id`)
) ENGINE=InnoDB DEFAULT CHARSET=latin1;
/*!40101 SET character_set_client = @saved_cs_client */;

--
-- Dumping data for table `GroupStamps`
--

LOCK TABLES `GroupStamps` WRITE;
/*!40000 ALTER TABLE `GroupStamps` DISABLE KEYS */;
/*!40000 ALTER TABLE `GroupStamps` ENABLE KEYS */;
UNLOCK TABLES;

--
-- Table structure for table `ListItems`
--

DROP TABLE IF EXISTS `ListItems`;
/*!40101 SET @saved_cs_client     = @@character_set_client */;
/*!40101 SET character_set_client = utf8 */;
CREATE TABLE `ListItems` (
  `id` int(10) unsigned NOT NULL AUTO_INCREMENT,
  `listType_id` int(10) unsigned NOT NULL,
  `parentListItem_LIID` int(10) unsigned DEFAULT NULL,
  `sortOrder` int(10) unsigned NOT NULL DEFAULT '0',
  `vendor_id` varchar(50) DEFAULT NULL,
  `key` varchar(100) DEFAULT NULL,
  `label` varchar(100) NOT NULL,
  `abbreviation` varchar(50) NOT NULL,
  `color` varchar(50) DEFAULT NULL,
  `isActive` tinyint(1) NOT NULL DEFAULT '1',
  `isDefault` tinyint(1) NOT NULL DEFAULT '0',
  `isRestricted` tinyint(1) NOT NULL DEFAULT '0',
  `purpose_id` int(10) unsigned DEFAULT NULL,
  `description` text,
  `createdAt` datetime NOT NULL DEFAULT CURRENT_TIMESTAMP,
  `updatedAt` datetime NOT NULL DEFAULT CURRENT_TIMESTAMP,
  `deletedAt` datetime DEFAULT NULL,
  `custom` text,
  PRIMARY KEY (`id`),
  UNIQUE KEY `key` (`key`),
  UNIQUE KEY `key_2` (`key`),
  UNIQUE KEY `vendor_id` (`vendor_id`),
  UNIQUE KEY `key_3` (`key`),
  KEY `listType_id` (`listType_id`),
  KEY `parentListItem_LIID` (`parentListItem_LIID`),
  KEY `uidx-isActive` (`isActive`),
  KEY `uidx-deletedAt` (`deletedAt`),
  KEY `ListItems_purpose_id_foreign_idx` (`purpose_id`),
  CONSTRAINT `ListItems_purpose_id_foreign_idx` FOREIGN KEY (`purpose_id`) REFERENCES `Purposes` (`id`) ON DELETE SET NULL,
  CONSTRAINT `listitems_ibfk_1` FOREIGN KEY (`listType_id`) REFERENCES `ListTypes` (`id`),
  CONSTRAINT `listitems_ibfk_2` FOREIGN KEY (`parentListItem_LIID`) REFERENCES `ListItems` (`id`) ON DELETE SET NULL
) ENGINE=InnoDB AUTO_INCREMENT=380 DEFAULT CHARSET=latin1;
/*!40101 SET character_set_client = @saved_cs_client */;

--
-- Dumping data for table `ListItems`
--

LOCK TABLES `ListItems` WRITE;
/*!40000 ALTER TABLE `ListItems` DISABLE KEYS */;
INSERT INTO `ListItems` VALUES (1,1,NULL,0,NULL,'ValueTypes_General_String','String','Stri',NULL,1,0,0,1,'','2019-07-26 21:28:35','2019-07-26 21:28:35',NULL,NULL),(2,1,NULL,0,NULL,'ValueTypes_General_Number','Number','Numb',NULL,1,0,0,1,'','2019-07-26 21:28:35','2019-07-26 21:28:35',NULL,NULL),(3,1,NULL,0,NULL,'ValueTypes_General_ListItem','List Item','List',NULL,1,0,0,1,'','2019-07-26 21:28:35','2019-07-26 21:28:35',NULL,NULL),(4,1,NULL,0,NULL,'ValueTypes_General_Boolean','Boolean','Bool',NULL,1,0,0,1,'','2019-07-26 21:28:35','2019-07-26 21:28:35',NULL,NULL),(5,1,NULL,0,NULL,'ValueTypes_General_List','List','List',NULL,1,0,0,1,'','2019-07-26 21:28:35','2019-07-26 21:28:35',NULL,NULL),(6,1,NULL,0,NULL,'ValueTypes_General_Email','Email','Emai',NULL,1,0,0,1,'','2019-07-26 21:28:35','2019-07-26 21:28:35',NULL,NULL),(7,1,NULL,0,NULL,'ValueTypes_General_Color','Color','Colo',NULL,1,0,0,1,'','2019-07-26 21:28:35','2019-07-26 21:28:35',NULL,NULL),(8,2,NULL,1,NULL,'PermissionTypes_General_CRUD','CRUD','C',NULL,1,0,0,1,'','2019-07-26 21:28:35','2019-07-26 21:28:35',NULL,NULL),(9,2,NULL,2,NULL,'PermissionTypes_General_Toggle','Toggle','T',NULL,1,0,0,1,'','2019-07-26 21:28:35','2019-07-26 21:28:35',NULL,NULL),(10,3,NULL,3,NULL,'SettingCategories_General_Advanced','Environment','Envi',NULL,1,0,0,1,'','2019-07-26 21:28:35','2019-07-26 21:28:35',NULL,NULL),(11,4,10,1,NULL,'SettingSubcategories_General_Address','Address','Addr',NULL,1,0,0,NULL,'','2019-07-26 21:28:35','2019-07-26 21:28:35',NULL,NULL),(12,5,NULL,0,NULL,'Countries_General_Canada','Canada','CAN',NULL,1,0,0,1,'','2019-07-26 21:28:35','2019-07-26 21:28:35',NULL,NULL),(13,6,12,0,NULL,'States_CAN_General_Alberta','Alberta','AB',NULL,1,0,0,1,'','2019-07-26 21:28:35','2019-07-26 21:28:35',NULL,NULL),(14,6,12,0,NULL,'States_CAN_General_BritishColumbia','British Columbia','BC',NULL,1,0,0,1,'','2019-07-26 21:28:35','2019-07-26 21:28:35',NULL,NULL),(15,6,12,0,NULL,'States_CAN_General_Manitoba','Manitoba','MB',NULL,1,0,0,1,'','2019-07-26 21:28:35','2019-07-26 21:28:35',NULL,NULL),(16,6,12,0,NULL,'States_CAN_General_NewBrunswick','New Brunswick','NB',NULL,1,0,0,1,'','2019-07-26 21:28:35','2019-07-26 21:28:35',NULL,NULL),(17,6,12,0,NULL,'States_CAN_General_NewfoundlandandLabrador','Newfoundland and Labrador','NL',NULL,1,0,0,1,'','2019-07-26 21:28:35','2019-07-26 21:28:35',NULL,NULL),(18,6,12,0,NULL,'States_CAN_General_NovaScotia','Nova Scotia','NS',NULL,1,0,0,1,'','2019-07-26 21:28:35','2019-07-26 21:28:35',NULL,NULL),(19,6,12,0,NULL,'States_CAN_General_NorthwestTerritories','Northwest Territories','NT',NULL,1,0,0,1,'','2019-07-26 21:28:35','2019-07-26 21:28:35',NULL,NULL),(20,6,12,0,NULL,'States_CAN_General_Nunavut','Nunavut','NU',NULL,1,0,0,1,'','2019-07-26 21:28:35','2019-07-26 21:28:35',NULL,NULL),(21,6,12,0,NULL,'States_CAN_General_Ontario','Ontario','ON',NULL,1,0,0,1,'','2019-07-26 21:28:35','2019-07-26 21:28:35',NULL,NULL),(22,6,12,0,NULL,'States_CAN_General_PrinceEdwardIsland','Prince Edward Island','PE',NULL,1,0,0,1,'','2019-07-26 21:28:35','2019-07-26 21:28:35',NULL,NULL),(23,6,12,0,NULL,'States_CAN_General_Quebec','Quebec','QC',NULL,1,0,0,1,'','2019-07-26 21:28:35','2019-07-26 21:28:35',NULL,NULL),(24,6,12,0,NULL,'States_CAN_General_Saskatchewan','Saskatchewan','SK',NULL,1,0,0,1,'','2019-07-26 21:28:35','2019-07-26 21:28:35',NULL,NULL),(25,6,12,0,NULL,'States_CAN_General_Yukon','Yukon','YT',NULL,1,0,0,1,'','2019-07-26 21:28:35','2019-07-26 21:28:35',NULL,NULL),(26,5,NULL,0,NULL,'Countries_General_UnitedStates','United States','USA',NULL,1,1,0,1,'','2019-07-26 21:28:35','2019-07-26 21:28:35',NULL,NULL),(27,6,26,0,NULL,'States_USA_General_Alaska','Alaska','AK',NULL,1,0,0,1,'','2019-07-26 21:28:35','2019-07-26 21:28:35',NULL,NULL),(28,6,26,0,NULL,'States_USA_General_Alabama','Alabama','AL',NULL,1,0,0,1,'','2019-07-26 21:28:35','2019-07-26 21:28:35',NULL,NULL),(29,6,26,0,NULL,'States_USA_General_Arkansas','Arkansas','AR',NULL,1,0,0,1,'','2019-07-26 21:28:35','2019-07-26 21:28:35',NULL,NULL),(30,6,26,0,NULL,'States_USA_General_AmericanSamoa','American Samoa','AS',NULL,1,0,0,1,'','2019-07-26 21:28:35','2019-07-26 21:28:35',NULL,NULL),(31,6,26,0,NULL,'States_USA_General_Arizona','Arizona','AZ',NULL,1,0,0,1,'','2019-07-26 21:28:35','2019-07-26 21:28:35',NULL,NULL),(32,6,26,0,NULL,'States_USA_General_California','California','CA',NULL,1,0,0,1,'','2019-07-26 21:28:35','2019-07-26 21:28:35',NULL,NULL),(33,6,26,0,NULL,'States_USA_General_Colorado','Colorado','CO',NULL,1,0,0,1,'','2019-07-26 21:28:35','2019-07-26 21:28:35',NULL,NULL),(34,6,26,0,NULL,'States_USA_General_Connecticut','Connecticut','CT',NULL,1,0,0,1,'','2019-07-26 21:28:35','2019-07-26 21:28:35',NULL,NULL),(35,6,26,0,NULL,'States_USA_General_DistrictofColumbia','District of Columbia','DC',NULL,1,0,0,1,'','2019-07-26 21:28:35','2019-07-26 21:28:35',NULL,NULL),(36,6,26,0,NULL,'States_USA_General_Delaware','Delaware','DE',NULL,1,0,0,1,'','2019-07-26 21:28:35','2019-07-26 21:28:35',NULL,NULL),(37,6,26,0,NULL,'States_USA_General_Florida','Florida','FL',NULL,1,0,0,1,'','2019-07-26 21:28:35','2019-07-26 21:28:35',NULL,NULL),(38,6,26,0,NULL,'States_USA_General_Georgia','Georgia','GA',NULL,1,0,0,1,'','2019-07-26 21:28:35','2019-07-26 21:28:35',NULL,NULL),(39,6,26,0,NULL,'States_USA_General_Guam','Guam','GU',NULL,1,0,0,1,'','2019-07-26 21:28:35','2019-07-26 21:28:35',NULL,NULL),(40,6,26,0,NULL,'States_USA_General_Hawaii','Hawaii','HI',NULL,1,0,0,1,'','2019-07-26 21:28:35','2019-07-26 21:28:35',NULL,NULL),(41,6,26,0,NULL,'States_USA_General_Iowa','Iowa','IA',NULL,1,0,0,1,'','2019-07-26 21:28:35','2019-07-26 21:28:35',NULL,NULL),(42,6,26,0,NULL,'States_USA_General_Idaho','Idaho','ID',NULL,1,0,0,1,'','2019-07-26 21:28:35','2019-07-26 21:28:35',NULL,NULL),(43,6,26,0,NULL,'States_USA_General_Illinois','Illinois','IL',NULL,1,0,0,1,'','2019-07-26 21:28:35','2019-07-26 21:28:35',NULL,NULL),(44,6,26,0,NULL,'States_USA_General_Indiana','Indiana','IN',NULL,1,0,0,1,'','2019-07-26 21:28:35','2019-07-26 21:28:35',NULL,NULL),(45,6,26,0,NULL,'States_USA_General_Kansas','Kansas','KS',NULL,1,0,0,1,'','2019-07-26 21:28:35','2019-07-26 21:28:35',NULL,NULL),(46,6,26,0,NULL,'States_USA_General_Kentucky','Kentucky','KY',NULL,1,0,0,1,'','2019-07-26 21:28:35','2019-07-26 21:28:35',NULL,NULL),(47,6,26,0,NULL,'States_USA_General_Louisiana','Louisiana','LA',NULL,1,0,0,1,'','2019-07-26 21:28:35','2019-07-26 21:28:35',NULL,NULL),(48,6,26,0,NULL,'States_USA_General_Massachusetts','Massachusetts','MA',NULL,1,0,0,1,'','2019-07-26 21:28:35','2019-07-26 21:28:35',NULL,NULL),(49,6,26,0,NULL,'States_USA_General_Maryland','Maryland','MD',NULL,1,0,0,1,'','2019-07-26 21:28:35','2019-07-26 21:28:35',NULL,NULL),(50,6,26,0,NULL,'States_USA_General_Maine','Maine','ME',NULL,1,0,0,1,'','2019-07-26 21:28:35','2019-07-26 21:28:35',NULL,NULL),(51,6,26,0,NULL,'States_USA_General_Michigan','Michigan','MI',NULL,1,0,0,1,'','2019-07-26 21:28:35','2019-07-26 21:28:35',NULL,NULL),(52,6,26,0,NULL,'States_USA_General_Minnesota','Minnesota','MN',NULL,1,0,0,1,'','2019-07-26 21:28:35','2019-07-26 21:28:35',NULL,NULL),(53,6,26,0,NULL,'States_USA_General_Missouri','Missouri','MO',NULL,1,0,0,1,'','2019-07-26 21:28:35','2019-07-26 21:28:35',NULL,NULL),(54,6,26,0,NULL,'States_USA_General_NorthernMarianaIslands','Northern Mariana Islands','MP',NULL,1,0,0,1,'','2019-07-26 21:28:35','2019-07-26 21:28:35',NULL,NULL),(55,6,26,0,NULL,'States_USA_General_Mississippi','Mississippi','MS',NULL,1,0,0,1,'','2019-07-26 21:28:35','2019-07-26 21:28:35',NULL,NULL),(56,6,26,0,NULL,'States_USA_General_Montana','Montana','MT',NULL,1,0,0,1,'','2019-07-26 21:28:35','2019-07-26 21:28:35',NULL,NULL),(57,6,26,0,NULL,'States_USA_General_NorthCarolina','North Carolina','NC',NULL,1,0,0,1,'','2019-07-26 21:28:35','2019-07-26 21:28:35',NULL,NULL),(58,6,26,0,NULL,'States_USA_General_NorthDakota','North Dakota','ND',NULL,1,0,0,1,'','2019-07-26 21:28:35','2019-07-26 21:28:35',NULL,NULL),(59,6,26,0,NULL,'States_USA_General_Nebraska','Nebraska','NE',NULL,1,0,0,1,'','2019-07-26 21:28:35','2019-07-26 21:28:35',NULL,NULL),(60,6,26,0,NULL,'States_USA_General_NewHampshire','New Hampshire','NH',NULL,1,0,0,1,'','2019-07-26 21:28:35','2019-07-26 21:28:35',NULL,NULL),(61,6,26,0,NULL,'States_USA_General_NewJersey','New Jersey','NJ',NULL,1,0,0,1,'','2019-07-26 21:28:35','2019-07-26 21:28:35',NULL,NULL),(62,6,26,0,NULL,'States_USA_General_NewMexico','New Mexico','NM',NULL,1,0,0,1,'','2019-07-26 21:28:35','2019-07-26 21:28:35',NULL,NULL),(63,6,26,0,NULL,'States_USA_General_Nevada','Nevada','NV',NULL,1,0,0,1,'','2019-07-26 21:28:35','2019-07-26 21:28:35',NULL,NULL),(64,6,26,0,NULL,'States_USA_General_NewYork','New York','NY',NULL,1,0,0,1,'','2019-07-26 21:28:35','2019-07-26 21:28:35',NULL,NULL),(65,6,26,0,NULL,'States_USA_General_Ohio','Ohio','OH',NULL,1,0,0,1,'','2019-07-26 21:28:35','2019-07-26 21:28:35',NULL,NULL),(66,6,26,0,NULL,'States_USA_General_Oklahoma','Oklahoma','OK',NULL,1,0,0,1,'','2019-07-26 21:28:35','2019-07-26 21:28:35',NULL,NULL),(67,6,26,0,NULL,'States_USA_General_Oregon','Oregon','OR',NULL,1,0,0,1,'','2019-07-26 21:28:35','2019-07-26 21:28:35',NULL,NULL),(68,6,26,0,NULL,'States_USA_General_Pennsylvania','Pennsylvania','PA',NULL,1,0,0,1,'','2019-07-26 21:28:35','2019-07-26 21:28:35',NULL,NULL),(69,6,26,0,NULL,'States_USA_General_PuertoRico','Puerto Rico','PR',NULL,1,0,0,1,'','2019-07-26 21:28:35','2019-07-26 21:28:35',NULL,NULL),(70,6,26,0,NULL,'States_USA_General_RhodeIsland','Rhode Island','RI',NULL,1,0,0,1,'','2019-07-26 21:28:35','2019-07-26 21:28:35',NULL,NULL),(71,6,26,0,NULL,'States_USA_General_SouthCarolina','South Carolina','SC',NULL,1,0,0,1,'','2019-07-26 21:28:35','2019-07-26 21:28:35',NULL,NULL),(72,6,26,0,NULL,'States_USA_General_SouthDakota','South Dakota','SD',NULL,1,0,0,1,'','2019-07-26 21:28:35','2019-07-26 21:28:35',NULL,NULL),(73,6,26,0,NULL,'States_USA_General_Tennessee','Tennessee','TN',NULL,1,0,0,1,'','2019-07-26 21:28:35','2019-07-26 21:28:35',NULL,NULL),(74,6,26,0,NULL,'States_USA_General_Texas','Texas','TX',NULL,1,0,0,1,'','2019-07-26 21:28:35','2019-07-26 21:28:35',NULL,NULL),(75,6,26,0,NULL,'States_USA_General_U.S.MinorOutlyingIslands','U.S. Minor Outlying Islands','UM',NULL,1,0,0,1,'','2019-07-26 21:28:35','2019-07-26 21:28:35',NULL,NULL),(76,6,26,0,NULL,'States_USA_General_Utah','Utah','UT',NULL,1,0,0,1,'','2019-07-26 21:28:35','2019-07-26 21:28:35',NULL,NULL),(77,6,26,0,NULL,'States_USA_General_Virginia','Virginia','VA',NULL,1,0,0,1,'','2019-07-26 21:28:35','2019-07-26 21:28:35',NULL,NULL),(78,6,26,0,NULL,'States_USA_General_VirginIslandsoftheU.S.','Virgin Islands of the U.S.','VI',NULL,1,0,0,1,'','2019-07-26 21:28:35','2019-07-26 21:28:35',NULL,NULL),(79,6,26,0,NULL,'States_USA_General_Vermont','Vermont','VT',NULL,1,0,0,1,'','2019-07-26 21:28:35','2019-07-26 21:28:35',NULL,NULL),(80,6,26,0,NULL,'States_USA_General_Washington','Washington','WA',NULL,1,0,0,1,'','2019-07-26 21:28:35','2019-07-26 21:28:35',NULL,NULL),(81,6,26,0,NULL,'States_USA_General_Wisconsin','Wisconsin','WI',NULL,1,0,0,1,'','2019-07-26 21:28:35','2019-07-26 21:28:35',NULL,NULL),(82,6,26,0,NULL,'States_USA_General_WestVirginia','West Virginia','WV',NULL,1,0,0,1,'','2019-07-26 21:28:35','2019-07-26 21:28:35',NULL,NULL),(83,6,26,0,NULL,'States_USA_General_Wyoming','Wyoming','WY',NULL,1,0,0,1,'','2019-07-26 21:28:35','2019-07-26 21:28:35',NULL,NULL),(84,7,NULL,0,NULL,'StreetType_General_Avenue','Avenue','Ave',NULL,1,0,0,1,'','2019-07-26 21:28:35','2019-07-26 21:28:35',NULL,NULL),(85,7,NULL,0,NULL,'StreetType_General_Boulevard','Boulevard','Blvd',NULL,1,0,0,1,'','2019-07-26 21:28:35','2019-07-26 21:28:35',NULL,NULL),(86,7,NULL,0,NULL,'StreetType_General_Circle','Circle','Cir',NULL,1,0,0,1,'','2019-07-26 21:28:35','2019-07-26 21:28:35',NULL,NULL),(87,7,NULL,0,NULL,'StreetType_General_Court','Court','Ct',NULL,1,0,0,1,'','2019-07-26 21:28:35','2019-07-26 21:28:35',NULL,NULL),(88,7,NULL,0,NULL,'StreetType_General_Crossing','Crossing','Xing',NULL,1,0,0,1,'','2019-07-26 21:28:35','2019-07-26 21:28:35',NULL,NULL),(89,7,NULL,0,NULL,'StreetType_General_Drive','Drive','Dr',NULL,1,0,0,1,'','2019-07-26 21:28:35','2019-07-26 21:28:35',NULL,NULL),(90,7,NULL,0,NULL,'StreetType_General_Estates','Estates','Ests',NULL,1,0,0,1,'','2019-07-26 21:28:35','2019-07-26 21:28:35',NULL,NULL),(91,7,NULL,0,NULL,'StreetType_General_Expressway','Expressway','Expy',NULL,1,0,0,1,'','2019-07-26 21:28:35','2019-07-26 21:28:35',NULL,NULL),(92,7,NULL,0,NULL,'StreetType_General_Freeway','Freeway','Fwy',NULL,1,0,0,1,'','2019-07-26 21:28:35','2019-07-26 21:28:35',NULL,NULL),(93,7,NULL,0,NULL,'StreetType_General_Highway','Highway','Hwy',NULL,1,0,0,1,'','2019-07-26 21:28:35','2019-07-26 21:28:35',NULL,NULL),(94,7,NULL,0,NULL,'StreetType_General_Lane','Lane','Ln',NULL,1,0,0,1,'','2019-07-26 21:28:35','2019-07-26 21:28:35',NULL,NULL),(95,7,NULL,0,NULL,'StreetType_General_Place','Place','Pl',NULL,1,0,0,1,'','2019-07-26 21:28:35','2019-07-26 21:28:35',NULL,NULL),(96,7,NULL,0,NULL,'StreetType_General_Road','Road','Rd',NULL,1,0,0,1,'','2019-07-26 21:28:35','2019-07-26 21:28:35',NULL,NULL),(97,7,NULL,0,NULL,'StreetType_General_Street','Street','St',NULL,1,0,0,1,'','2019-07-26 21:28:35','2019-07-26 21:28:35',NULL,NULL),(98,7,NULL,0,NULL,'StreetType_General_Way','Way','Way',NULL,1,0,0,1,'','2019-07-26 21:28:35','2019-07-26 21:28:35',NULL,NULL),(99,8,NULL,0,NULL,'StreetDirection_General_NORTH','North','N',NULL,1,0,0,1,'','2019-07-26 21:28:35','2019-07-26 21:28:35',NULL,NULL),(100,8,NULL,0,NULL,'StreetDirection_General_SOUTH','South','S',NULL,1,0,0,1,'','2019-07-26 21:28:35','2019-07-26 21:28:35',NULL,NULL),(101,8,NULL,0,NULL,'StreetDirection_General_EAST','East','E',NULL,1,0,0,1,'','2019-07-26 21:28:35','2019-07-26 21:28:35',NULL,NULL),(102,8,NULL,0,NULL,'StreetDirection_General_WEST','West','W',NULL,1,0,0,1,'','2019-07-26 21:28:35','2019-07-26 21:28:35',NULL,NULL),(103,8,NULL,0,NULL,'StreetDirection_General_NORTHEAST','Northeast','NE',NULL,1,0,0,1,'','2019-07-26 21:28:35','2019-07-26 21:28:35',NULL,NULL),(104,8,NULL,0,NULL,'StreetDirection_General_SOUTHEAST','Southeast','SE',NULL,1,0,0,1,'','2019-07-26 21:28:35','2019-07-26 21:28:35',NULL,NULL),(105,8,NULL,0,NULL,'StreetDirection_General_NORTHWEST','Northwest','NW',NULL,1,0,0,1,'','2019-07-26 21:28:35','2019-07-26 21:28:35',NULL,NULL),(106,8,NULL,0,NULL,'StreetDirection_General_SOUTHWEST','Southwest','SW',NULL,1,0,0,1,'','2019-07-26 21:28:35','2019-07-26 21:28:35',NULL,NULL),(107,3,NULL,2,NULL,'SettingCategories_General_Security','Security','Secu',NULL,1,0,0,1,'','2019-07-26 21:28:35','2019-07-26 21:28:35',NULL,NULL),(108,3,NULL,1,NULL,'SettingCategories_General_Manage','Configuration','Conf',NULL,1,0,0,1,'','2019-07-26 21:28:35','2019-07-26 21:28:35',NULL,NULL),(109,1,NULL,0,NULL,'ValueTypes_General_Password','Password','Pass',NULL,1,0,0,1,'','2019-07-26 21:28:35','2019-07-26 21:28:35',NULL,NULL),(110,4,108,7,NULL,'SettingSubcategories_General_Signing','Keystore','Keys',NULL,1,0,0,1,'','2019-07-26 21:28:35','2019-07-26 21:28:35',NULL,NULL),(111,4,10,2,NULL,'SettingSubcategories_General_Email','Email','Emai',NULL,1,0,0,1,'','2019-07-26 21:28:35','2019-07-26 21:28:35',NULL,NULL),(112,9,NULL,0,NULL,'FileSystemTypes_General_Local','Local File System','Loca',NULL,1,0,0,1,'','2019-07-26 21:28:35','2019-07-26 21:28:35',NULL,NULL),(113,4,10,3,NULL,'SettingSubcategories_General_Files','File Path','File',NULL,1,0,0,1,'','2019-07-26 21:28:35','2019-07-26 21:28:35',NULL,NULL),(114,4,10,4,NULL,'SettingSubcategories_General_License','License','Lice',NULL,1,0,0,1,'','2019-07-26 21:28:35','2019-07-26 21:28:35',NULL,NULL),(115,4,108,5,NULL,'SettingSubcategories_General_Lists','Lists','List',NULL,1,0,0,1,'','2019-07-26 21:28:36','2019-07-26 21:28:36',NULL,NULL),(116,10,NULL,1,NULL,'UserRoles_General_Admin','Admin','A',NULL,1,0,0,1,'','2019-07-26 21:28:36','2019-07-26 21:28:36',NULL,NULL),(117,10,NULL,2,NULL,'UserRoles_General_ProjectCoordinator','Project Coordinator','PC',NULL,1,0,0,1,'','2019-07-26 21:28:36','2019-07-26 21:28:36',NULL,NULL),(118,10,NULL,3,NULL,'UserRoles_General_ProjectManager','Project Manager','PM',NULL,1,0,0,1,'','2019-07-26 21:28:36','2019-07-26 21:28:36',NULL,NULL),(119,10,NULL,4,NULL,'UserRoles_General_GroupManager','Group Manager','GM',NULL,1,0,0,1,'','2019-07-26 21:28:36','2019-07-26 21:28:36',NULL,NULL),(120,10,NULL,5,NULL,'UserRoles_General_Reviewer','Reviewer','R',NULL,1,0,0,1,'','2019-07-26 21:28:36','2019-07-26 21:28:36',NULL,NULL),(121,10,NULL,6,NULL,'UserRoles_General_Contributor','Contributor','CTR',NULL,1,0,0,1,'','2019-07-26 21:28:36','2019-07-26 21:28:36',NULL,NULL),(122,10,NULL,7,NULL,'UserRoles_General_Contact','Contact','CTCT',NULL,1,0,0,1,'','2019-07-26 21:28:36','2019-07-26 21:28:36',NULL,NULL),(123,11,NULL,0,NULL,'TokenTypes_General_UserAuth','User Auth','User',NULL,1,0,0,1,'','2019-07-26 21:28:36','2019-07-26 21:28:36',NULL,NULL),(124,11,NULL,0,NULL,'TokenTypes_General_PasswordReset','Password Reset','Pass',NULL,1,0,0,1,'','2019-07-26 21:28:36','2019-07-26 21:28:36',NULL,NULL),(125,11,NULL,0,NULL,'TokenTypes_General_PartnerAuth','Partner Auth','Part',NULL,1,0,0,1,'','2019-07-26 21:28:36','2019-07-26 21:28:36',NULL,NULL),(126,12,NULL,0,NULL,'Groups_ForDesignReview_Architectural','Architectural','ARCH','#b21d81',1,0,0,3,'','2019-07-26 21:28:36','2019-07-26 21:28:36',NULL,NULL),(127,12,NULL,0,NULL,'Groups_ForDesignReview_Civil','Civil','CIVL','#1589bc',1,0,0,3,'','2019-07-26 21:28:36','2019-07-26 21:28:36',NULL,NULL),(128,12,NULL,0,NULL,'Groups_ForDesignReview_Electrical','Electrical','ELEC','#dba200',1,0,0,3,'','2019-07-26 21:28:36','2019-07-26 21:28:36',NULL,NULL),(129,12,NULL,0,NULL,'Groups_ForDesignReview_Structural','Structural','STRX','#14b400',1,0,0,3,'','2019-07-26 21:28:36','2019-07-26 21:28:36',NULL,NULL),(130,12,NULL,0,NULL,'Groups_ForPermitting_Building','Building','BLDG','#ff8800',1,0,0,2,'','2019-07-26 21:28:36','2019-07-26 21:28:36',NULL,NULL),(131,12,NULL,0,NULL,'Groups_ForPermitting_Fire','Fire','FIRE','#d13a3a',1,0,0,2,'','2019-07-26 21:28:36','2019-07-26 21:28:36',NULL,NULL),(132,12,NULL,0,NULL,'Groups_ForPermitting_Planning','Planning','PLAN','#3fb9bf',1,0,0,2,'','2019-07-26 21:28:36','2019-07-26 21:28:36',NULL,NULL),(133,12,NULL,0,NULL,'Groups_ForPermitting_PublicWorks','Public Works','PW','#903e9e',1,0,0,2,'','2019-07-26 21:28:36','2019-07-26 21:28:36',NULL,NULL),(134,4,108,4,NULL,'SettingSubcategories_General_Groups','Groups','Grou',NULL,1,0,0,1,'','2019-07-26 21:28:36','2019-07-26 21:28:36',NULL,NULL),(135,4,107,1,NULL,'SettingSubcategories_General_Users','Users','User',NULL,1,0,0,1,'','2019-07-26 21:28:36','2019-07-26 21:28:36',NULL,NULL),(136,13,NULL,1,NULL,'Permissions_General_View','View','VW',NULL,1,0,0,1,'','2019-07-26 21:28:36','2019-07-26 21:28:36',NULL,NULL),(137,13,NULL,2,NULL,'Permissions_General_Add','Add','ADD',NULL,1,0,0,1,'','2019-07-26 21:28:36','2019-07-26 21:28:36',NULL,NULL),(138,13,NULL,3,NULL,'Permissions_General_Edit','Edit','EDIT',NULL,1,0,0,1,'','2019-07-26 21:28:36','2019-07-26 21:28:36',NULL,NULL),(139,13,NULL,4,NULL,'Permissions_General_Delete','Delete','DEL',NULL,1,0,0,1,'','2019-07-26 21:28:36','2019-07-26 21:28:36',NULL,NULL),(140,4,107,3,NULL,'SettingSubcategories_General_Permissions','Permissions','Perm',NULL,1,0,0,1,'','2019-07-26 21:28:36','2019-07-26 21:28:36',NULL,NULL),(141,4,108,1,NULL,'SettingSubcategories_General_Assignments','Distributions','Dist',NULL,1,0,0,1,'','2019-07-26 21:28:36','2019-07-26 21:28:36',NULL,NULL),(142,14,NULL,1,NULL,'Filters_General_GlobalAccess','Global Access','GLBL',NULL,1,0,0,1,'','2019-07-26 21:28:36','2019-07-26 21:28:36',NULL,NULL),(143,14,NULL,2,NULL,'Filters_General_TeamMember','Project Member','PROJ',NULL,1,0,0,1,'','2019-07-26 21:28:36','2019-07-26 21:28:36',NULL,NULL),(144,14,NULL,3,NULL,'Filters_General_GroupMember','Group','GRP',NULL,1,0,0,1,'','2019-07-26 21:28:36','2019-07-26 21:28:38',NULL,NULL),(145,14,NULL,4,NULL,'Filters_General_Own','Own','OWN',NULL,1,0,0,1,'','2019-07-26 21:28:36','2019-07-26 21:28:36',NULL,NULL),(146,15,NULL,1,NULL,'EventTypes_General_AllowContributorProjectAccess','Allow Contributor Project Access','APA',NULL,1,0,0,1,'','2019-07-26 21:28:36','2019-07-26 21:28:36',NULL,NULL),(147,15,NULL,2,NULL,'EventTypes_General_Comment-AllowResponse','Comment - Allow Response','ACR',NULL,1,0,0,1,'','2019-07-26 21:28:36','2019-07-26 21:28:37',NULL,NULL),(148,15,NULL,3,NULL,'EventTypes_General_ChangeOwnership','Change Ownership','CO',NULL,1,0,0,1,'','2019-07-26 21:28:36','2019-07-26 21:28:36',NULL,NULL),(149,15,NULL,4,NULL,'EventTypes_General_CycleComplete','Cycle Complete','CC',NULL,1,0,0,1,'','2019-07-26 21:28:36','2019-07-26 21:28:36',NULL,NULL),(150,15,NULL,5,NULL,'EventTypes_General_ChangeProjectStatus','Change Project Status','CPS',NULL,1,0,0,1,'','2019-07-26 21:28:36','2019-07-26 21:28:36',NULL,NULL),(151,15,NULL,6,NULL,'EventTypes_General_ChangeAssignmentStatus','Change Assignment Status','CAS',NULL,1,0,0,1,'','2019-07-26 21:28:36','2019-07-26 21:28:36',NULL,NULL),(152,15,NULL,7,NULL,'EventTypes_General_ChangeRecord','Change Record','CR',NULL,1,0,0,1,'','2019-07-26 21:28:36','2019-07-26 21:28:36',NULL,NULL),(153,15,NULL,8,NULL,'EventTypes_General_DeleteRecord','Delete Record','DR',NULL,1,0,0,1,'','2019-07-26 21:28:36','2019-07-26 21:28:36',NULL,NULL),(154,15,NULL,9,NULL,'EventTypes_General_AddRecord','Add Record','AR',NULL,1,0,0,1,'','2019-07-26 21:28:36','2019-07-26 21:28:36',NULL,NULL),(155,15,NULL,10,NULL,'EventTypes_General_APICall','API Call','AC',NULL,1,0,0,1,'','2019-07-26 21:28:36','2019-07-26 21:28:36',NULL,NULL),(156,15,NULL,11,NULL,'EventTypes_General_ProjectModified','Project Modified','PM',NULL,1,0,0,1,'','2019-07-26 21:28:36','2019-07-26 21:28:36',NULL,NULL),(157,15,NULL,12,NULL,'EventTypes_General_DrawingModified','Drawing Modified','DM',NULL,1,0,0,1,'','2019-07-26 21:28:36','2019-07-26 21:28:36',NULL,NULL),(158,15,NULL,13,NULL,'EventTypes_General_CommentModified','Comment Modified','CM',NULL,1,0,0,1,'','2019-07-26 21:28:36','2019-07-26 21:28:36',NULL,NULL),(159,15,NULL,14,NULL,'EventTypes_General_ApplicationStart','Application Start','AS',NULL,1,0,0,1,'','2019-07-26 21:28:36','2019-07-26 21:28:36',NULL,NULL),(160,15,NULL,15,NULL,'EventTypes_General_Error','Error','ER',NULL,1,0,0,1,'','2019-07-26 21:28:36','2019-07-26 21:28:36',NULL,NULL),(161,15,NULL,16,NULL,'EventTypes_General_LoginSuccess','Login Success','LS',NULL,1,0,0,1,'','2019-07-26 21:28:36','2019-07-26 21:28:36',NULL,NULL),(162,15,NULL,17,NULL,'EventTypes_General_CustomAddress-Update','Custom Address - Update','CAU',NULL,1,0,0,1,'','2019-07-26 21:28:36','2019-07-26 21:28:36',NULL,NULL),(163,15,NULL,18,NULL,'EventTypes_General_CustomColors-Update','Custom Colors - Update','CCU',NULL,1,0,0,1,'','2019-07-26 21:28:36','2019-07-26 21:28:36',NULL,NULL),(164,15,NULL,19,NULL,'EventTypes_General_ListItem-Create','List Item - Create','LIC',NULL,1,0,0,1,'','2019-07-26 21:28:36','2019-07-26 21:28:36',NULL,NULL),(165,15,NULL,20,NULL,'EventTypes_General_ListItem-Update','List Item - Update','LIU',NULL,1,0,0,1,'','2019-07-26 21:28:36','2019-07-26 21:28:36',NULL,NULL),(166,15,NULL,21,NULL,'EventTypes_General_ListItem-Delete','List Item - Delete','LID',NULL,1,0,0,1,'','2019-07-26 21:28:36','2019-07-26 21:28:36',NULL,NULL),(167,15,NULL,22,NULL,'EventTypes_General_StampFile-Create','Stamp File - Create','SFC',NULL,1,0,0,1,'','2019-07-26 21:28:36','2019-07-26 21:28:36',NULL,NULL),(168,15,NULL,23,NULL,'EventTypes_General_StampFile-Update','Stamp File - Update','SFU',NULL,1,0,0,1,'','2019-07-26 21:28:36','2019-07-26 21:28:36',NULL,NULL),(169,15,NULL,24,NULL,'EventTypes_General_StampFile-Delete','Stamp File - Delete','SFD',NULL,1,0,0,1,'','2019-07-26 21:28:36','2019-07-26 21:28:36',NULL,NULL),(170,15,NULL,25,NULL,'EventTypes_General_StandardComment-Create','Standard Comment - Create','SCC',NULL,1,0,0,1,'','2019-07-26 21:28:36','2019-07-26 21:28:36',NULL,NULL),(171,15,NULL,26,NULL,'EventTypes_General_StandardComment-Update','Standard Comment - Update','SCU',NULL,1,0,0,1,'','2019-07-26 21:28:36','2019-07-26 21:28:36',NULL,NULL),(172,15,NULL,27,NULL,'EventTypes_General_StandardComment-Delete','Standard Comment - Delete','SCD',NULL,1,0,0,1,'','2019-07-26 21:28:36','2019-07-26 21:28:36',NULL,NULL),(173,15,NULL,28,NULL,'EventTypes_General_StandardComment-BatchUpload','Standard Comment - Batch Upload','SCBU',NULL,1,0,0,1,'','2019-07-26 21:28:36','2019-07-26 21:28:36',NULL,NULL),(174,15,NULL,29,NULL,'EventTypes_General_StandardComment-BatchDelete','Standard Comment - Batch Delete','SCBD',NULL,1,0,0,1,'','2019-07-26 21:28:36','2019-07-26 21:28:36',NULL,NULL),(175,15,NULL,30,NULL,'EventTypes_General_StandardComment-BatchActivate','Standard Comment - Batch Activate','SCBA',NULL,1,0,0,1,'','2019-07-26 21:28:36','2019-07-26 21:28:36',NULL,NULL),(176,15,NULL,31,NULL,'EventTypes_General_StandardComment-BatchDeactivate','Standard Comment - Batch Deactivate','SCBV',NULL,1,0,0,1,'','2019-07-26 21:28:36','2019-07-26 21:28:36',NULL,NULL),(177,15,NULL,32,NULL,'EventTypes_General_AssignmentDistributionWorkflow-Create','Assignment Distribution Workflow - Create','ADWC',NULL,1,0,0,1,'','2019-07-26 21:28:36','2019-07-26 21:28:36',NULL,NULL),(178,15,NULL,33,NULL,'EventTypes_General_AssignmentDistributionWorkflow-Update','Assignment Distribution Workflow - Update','ADWU',NULL,1,0,0,1,'','2019-07-26 21:28:36','2019-07-26 21:28:36',NULL,NULL),(179,15,NULL,34,NULL,'EventTypes_General_AssignmentDistributionWorkflow-Delete','Assignment Distribution Workflow - Delete','ADWD',NULL,1,0,0,1,'','2019-07-26 21:28:36','2019-07-26 21:28:36',NULL,NULL),(180,15,NULL,35,NULL,'EventTypes_General_AssignmentDistributionWorkflow-Deactivate','Assignment Distribution Workflow - Deactivate','ADWV',NULL,1,0,0,1,'','2019-07-26 21:28:36','2019-07-26 21:28:36',NULL,NULL),(181,15,NULL,36,NULL,'EventTypes_General_Permissions-Update','Permissions - Update','PU',NULL,1,0,0,1,'','2019-07-26 21:28:36','2019-07-26 21:28:36',NULL,NULL),(182,15,NULL,37,NULL,'EventTypes_General_EmailServerSettings-Update','Email Server Settings - Update','ESSU',NULL,1,0,0,1,'','2019-07-26 21:28:36','2019-07-26 21:28:36',NULL,NULL),(183,15,NULL,38,NULL,'EventTypes_General_EmailTemplateSettings-Update','Email Template Settings - Update','ETSU',NULL,1,0,0,1,'','2019-07-26 21:28:36','2019-07-26 21:28:36',NULL,NULL),(184,15,NULL,39,NULL,'EventTypes_General_UserAccount-Create','User Account - Create','UAC',NULL,1,0,0,1,'','2019-07-26 21:28:36','2019-07-26 21:28:36',NULL,NULL),(185,15,NULL,40,NULL,'EventTypes_General_UserAccount-Update','User Account - Update','UAU',NULL,1,0,0,1,'','2019-07-26 21:28:36','2019-07-26 21:28:36',NULL,NULL),(186,15,NULL,41,NULL,'EventTypes_General_UserAccount-Deactivate','User Account - Deactivate','UADV',NULL,1,0,0,1,'','2019-07-26 21:28:36','2019-07-26 21:28:36',NULL,NULL),(187,15,NULL,42,NULL,'EventTypes_General_UserAccount-Delete','User Account - Delete','UAD',NULL,1,0,0,1,'','2019-07-26 21:28:36','2019-07-26 21:28:36',NULL,NULL),(188,15,NULL,43,NULL,'EventTypes_General_Auth-Login','Auth - Login','UAL',NULL,1,0,0,1,'','2019-07-26 21:28:36','2019-07-26 21:28:37',NULL,NULL),(189,15,NULL,44,NULL,'EventTypes_General_UserAccount-InvalidPassword','User Account - Invalid Password','UAIP',NULL,1,0,0,1,'','2019-07-26 21:28:36','2019-07-26 21:28:36',NULL,NULL),(190,15,NULL,45,NULL,'EventTypes_General_Auth-ForgotPasswordRequest','Auth - Forgot Password Request','UAFP',NULL,1,0,0,1,'','2019-07-26 21:28:36','2019-07-26 21:28:37',NULL,NULL),(191,15,NULL,46,NULL,'EventTypes_General_Auth-NewUserRequest','Auth - New User Request','UANR',NULL,1,0,0,1,'','2019-07-26 21:28:36','2019-07-26 21:28:37',NULL,NULL),(192,15,NULL,47,NULL,'EventTypes_General_Comment-Delete','Comment - Delete','CD',NULL,1,0,0,1,'','2019-07-26 21:28:36','2019-07-26 21:28:36',NULL,NULL),(193,15,NULL,48,NULL,'EventTypes_General_Deliverable-CheckInFailure','Deliverable - Check In Failure','DCF',NULL,1,0,0,1,'','2019-07-26 21:28:36','2019-07-26 21:28:37',NULL,NULL),(194,15,NULL,49,NULL,'EventTypes_General_Document-RecordDelete','Document - Record Delete','DRD',NULL,1,0,0,1,'','2019-07-26 21:28:36','2019-07-26 21:28:36',NULL,NULL),(195,15,NULL,50,NULL,'EventTypes_General_DocumentAssignment-Assigned','Document Assignment - Create (Assigned)','DDA',NULL,1,0,0,1,'','2019-07-26 21:28:36','2019-07-26 21:28:37',NULL,NULL),(196,15,NULL,51,NULL,'EventTypes_General_Document-FileNotFound','Document - File Not Found','DFNF',NULL,1,0,0,1,'','2019-07-26 21:28:36','2019-07-26 21:28:36',NULL,NULL),(197,15,NULL,52,NULL,'EventTypes_General_DocumentAssignment-Reassigned','Document Assignment - Reassigned','DR',NULL,1,0,0,1,'','2019-07-26 21:28:36','2019-07-26 21:28:37',NULL,NULL),(198,15,NULL,53,NULL,'EventTypes_General_DocumentAssignment-DueDateUpdated','Document Assignment - Due Date Updated','DADU',NULL,1,0,0,1,'','2019-07-26 21:28:36','2019-07-26 21:28:37',NULL,NULL),(199,15,NULL,54,NULL,'EventTypes_General_DocumentAssignment-StatusUpdatedtoNotStarted','Document Assignment - Status Updated to Not Started','DANS',NULL,1,0,0,1,'','2019-07-26 21:28:36','2019-07-26 21:28:37',NULL,NULL),(200,15,NULL,55,NULL,'EventTypes_General_DocumentAssignment-StatusUpdatedtoActive','Document Assignment - Status Updated to Active','DACT',NULL,1,0,0,1,'','2019-07-26 21:28:36','2019-07-26 21:28:37',NULL,NULL),(201,15,NULL,56,NULL,'EventTypes_General_DocumentAssignment-StatusUpdatedtoApproved','Document Assignment - Status Updated to Approved','DASA',NULL,1,0,0,1,'','2019-07-26 21:28:36','2019-07-26 21:28:37',NULL,NULL),(202,15,NULL,57,NULL,'EventTypes_General_DocumentAssignment-StatusUpdatedtoRejected','Document Assignment - Status Updated to Rejected','DASR',NULL,1,0,0,1,'','2019-07-26 21:28:36','2019-07-26 21:28:37',NULL,NULL),(203,15,NULL,58,NULL,'EventTypes_General_DocumentAssignment-StatusUpdatedtoCanceled','Document Assignment - Status Updated to Canceled','DASC',NULL,1,0,0,1,'','2019-07-26 21:28:36','2019-07-26 21:28:37',NULL,NULL),(204,15,NULL,59,NULL,'EventTypes_General_Document-UpdateDetails','Document - Update Details','DUD',NULL,1,0,0,1,'','2019-07-26 21:28:36','2019-07-26 21:28:36',NULL,NULL),(205,15,NULL,60,NULL,'EventTypes_General_Deliverable-PrintRenderFailure','Deliverable - Print Render Failure','DPRF',NULL,1,0,0,1,'','2019-07-26 21:28:36','2019-07-26 21:28:37',NULL,NULL),(206,15,NULL,61,NULL,'EventTypes_General_Document-StampDelete','Document - Stamp Delete','DSD',NULL,1,0,0,1,'','2019-07-26 21:28:36','2019-07-26 21:28:36',NULL,NULL),(207,15,NULL,62,NULL,'EventTypes_General_Document-StampInsert','Document - Stamp Insert','DSI',NULL,1,0,0,1,'','2019-07-26 21:28:36','2019-07-26 21:28:36',NULL,NULL),(208,15,NULL,63,NULL,'EventTypes_General_DocumentAssignment-BatchStatusUpdate','Document Assignment - Batch Assignment Status Update','BASU',NULL,1,0,0,1,'','2019-07-26 21:28:36','2019-07-26 21:28:37',NULL,NULL),(209,15,NULL,64,NULL,'EventTypes_General_DocumentAssignment-BatchStatusUpdateFailure','Document Assignment - Batch Assignment Status Update Failure','BASF',NULL,1,0,0,1,'','2019-07-26 21:28:36','2019-07-26 21:28:37',NULL,NULL),(210,15,NULL,65,NULL,'EventTypes_General_Project-StatusChangedtoOpen','Project - Status Changed to Open','PSO',NULL,1,0,0,1,'','2019-07-26 21:28:36','2019-07-26 21:28:36',NULL,NULL),(211,15,NULL,66,NULL,'EventTypes_General_Project-StatusChangedtoOnHold','Project - Status Changed to On Hold','PSH',NULL,1,0,0,1,'','2019-07-26 21:28:36','2019-07-26 21:28:36',NULL,NULL),(212,15,NULL,67,NULL,'EventTypes_General_Project-StatusChangedtoWithdrawn','Project - Status Changed to Withdrawn','PSW',NULL,1,0,0,1,'','2019-07-26 21:28:36','2019-07-26 21:28:36',NULL,NULL),(213,15,NULL,68,NULL,'EventTypes_General_Project-StatusChangedtoCycleComplete','Project - Status Changed to Cycle Complete','PSCC',NULL,1,0,0,1,'','2019-07-26 21:28:36','2019-07-26 21:28:36',NULL,NULL),(214,15,NULL,69,NULL,'EventTypes_General_Project-StatusChangedtoFinished','Project - Status Changed to Finished','PSF',NULL,1,0,0,1,'','2019-07-26 21:28:36','2019-07-26 21:28:36',NULL,NULL),(215,15,NULL,70,NULL,'EventTypes_General_Project-Update','Project - Update','PU',NULL,1,0,0,1,'','2019-07-26 21:28:36','2019-07-26 21:28:36',NULL,NULL),(216,15,NULL,71,NULL,'EventTypes_General_Project-DownloadFailure','Project - Download Failure','PDF',NULL,1,0,0,1,'','2019-07-26 21:28:36','2019-07-26 21:28:36',NULL,NULL),(217,15,NULL,72,NULL,'EventTypes_General_Project-ContributorDownload','Project - Contributor Download','PCD',NULL,1,0,0,1,'','2019-07-26 21:28:36','2019-07-26 21:28:36',NULL,NULL),(218,4,108,8,NULL,'SettingSubcategories_General_Stamps','Stamps','Stam',NULL,1,0,0,NULL,'','2019-07-26 21:28:36','2019-07-26 21:28:36',NULL,NULL),(219,4,108,3,NULL,'SettingSubcategories_General_StandardComments','Comments','Comm',NULL,1,0,0,NULL,'','2019-07-26 21:28:36','2019-07-26 21:28:36',NULL,NULL),(220,17,NULL,1,NULL,'Categories_ForPermitting_General','General','GENL',NULL,1,0,0,2,'','2019-07-26 21:28:37','2019-07-26 21:28:37',NULL,NULL),(221,17,NULL,2,NULL,'Categories_ForPermitting_Civil','Civil','CIVL',NULL,1,0,0,2,'','2019-07-26 21:28:37','2019-07-26 21:28:37',NULL,NULL),(222,17,NULL,3,NULL,'Categories_ForPermitting_Structual','Structual','STRX',NULL,1,0,0,2,'','2019-07-26 21:28:37','2019-07-26 21:28:37',NULL,NULL),(223,17,NULL,4,NULL,'Categories_ForPermitting_Fire','Fire','FIRE',NULL,1,0,0,2,'','2019-07-26 21:28:37','2019-07-26 21:28:37',NULL,NULL),(224,17,NULL,1,NULL,'Categories_ForDesignReview_General','General','GENL',NULL,1,0,0,3,'','2019-07-26 21:28:37','2019-07-26 21:28:37',NULL,NULL),(225,18,NULL,1,NULL,'Impacts_ForDesignReview_Major','Major','MJOR',NULL,1,0,0,3,'','2019-07-26 21:28:37','2019-07-26 21:28:37',NULL,NULL),(226,18,NULL,2,NULL,'Impacts_ForDesignReview_Minor','Minor','MINR',NULL,1,0,0,3,'','2019-07-26 21:28:37','2019-07-26 21:28:37',NULL,NULL),(227,19,NULL,1,NULL,'Subcategories_ForPermitting_Grading','Grading','GRAD',NULL,1,0,0,2,'','2019-07-26 21:28:37','2019-07-26 21:28:37',NULL,NULL),(228,19,NULL,2,NULL,'Subcategories_ForPermitting_PlumbingFixtures','Plumbing Fixtures','PLFX',NULL,1,0,0,2,'','2019-07-26 21:28:37','2019-07-26 21:28:37',NULL,NULL),(229,19,NULL,1,NULL,'Subcategories_ForDesignReview_AdditionalInformation','Additional Information','INFO',NULL,1,0,0,3,'','2019-07-26 21:28:37','2019-07-26 21:28:37',NULL,NULL),(230,16,NULL,1,NULL,'Sources_General_2016IntlResidentialCodes','2016 Intl Residential Codes','16IR',NULL,1,0,0,1,'','2019-07-26 21:28:37','2019-07-26 21:28:37',NULL,NULL),(231,16,NULL,3,NULL,'Sources_General_2016IntlBuildingCodes','2016 Intl Building Codes','16IB',NULL,1,0,0,1,'','2019-07-26 21:28:37','2019-07-26 21:28:37',NULL,NULL),(232,16,NULL,2,NULL,'Sources_General_2016IntlFireCodes','2016 Intl Fire Codes','16IF',NULL,1,0,0,1,'','2019-07-26 21:28:37','2019-07-26 21:28:37',NULL,NULL),(233,16,NULL,4,NULL,'Sources_General_2019IntlResidentialCodes','2019 Intl Residential Codes','19IR',NULL,1,0,0,1,'','2019-07-26 21:28:37','2019-07-26 21:28:37',NULL,NULL),(234,16,NULL,5,NULL,'Sources_General_2019IntlFireCodes','2019 Intl Fire Codes','19IF',NULL,1,0,0,1,'','2019-07-26 21:28:37','2019-07-26 21:28:37',NULL,NULL),(235,16,NULL,6,NULL,'Sources_General_2019IntlBuildingCodes','2019 Intl Building Codes','19IB',NULL,1,0,0,1,'','2019-07-26 21:28:37','2019-07-26 21:28:37',NULL,NULL),(236,18,NULL,1,NULL,'Impacts_ForPermitting_Major','Major','MAJR',NULL,1,0,0,2,'','2019-07-26 21:28:37','2019-07-26 21:28:37',NULL,NULL),(237,18,NULL,2,NULL,'Impacts_ForPermitting_Minor','Minor','MINR',NULL,1,0,0,2,'','2019-07-26 21:28:37','2019-07-26 21:28:37',NULL,NULL),(238,4,108,2,NULL,'SettingSubcategories_General_Contacts','Contacts','Cont',NULL,1,0,0,1,'','2019-07-26 21:28:37','2019-07-26 21:28:37',NULL,NULL),(239,4,10,6,NULL,'SettingSubcategories_General_Partner','Partner','Partner',NULL,1,0,0,1,NULL,'2019-07-26 21:28:37','2019-07-26 21:28:37',NULL,NULL),(240,4,108,4,NULL,'SettingSubcategories_General_Branding','Branding','Bran',NULL,1,0,0,1,'','2019-07-26 21:28:37','2019-07-26 21:28:37',NULL,NULL),(241,4,107,3,NULL,'SettingSubcategories_General_Password','Password','Password',NULL,1,0,0,1,NULL,'2019-07-26 21:28:37','2019-07-26 21:28:37',NULL,NULL),(242,4,107,3,NULL,'SettingSubcategories_General_ByPassTeamMember','ByPass Team Member','ByPass',NULL,1,0,0,1,NULL,'2019-07-26 21:28:37','2019-07-26 21:28:37',NULL,NULL),(243,20,NULL,0,NULL,'Partners_General_goPost','goPost','GPT',NULL,1,1,0,1,NULL,'2019-07-26 21:28:37','2019-07-26 21:28:37',NULL,NULL),(244,20,NULL,0,NULL,'Partners_General_Accela','Accela','ACC',NULL,1,1,0,1,NULL,'2019-07-26 21:28:37','2019-07-26 21:28:37',NULL,NULL),(245,4,108,9,NULL,'SettingSubcategories_General_OCR','OCR','OCR',NULL,1,0,0,1,NULL,'2019-07-26 21:28:37','2019-07-26 21:28:37',NULL,NULL),(246,4,107,3,NULL,'SettingSubcategories_General_Membership','Membership','Membership',NULL,1,0,0,1,NULL,'2019-07-26 21:28:37','2019-07-26 21:28:37',NULL,NULL),(247,20,NULL,0,NULL,'Partners_General_Velosimo','Velosimo','Velo',NULL,1,1,0,1,NULL,'2019-07-26 21:28:37','2019-07-26 21:28:37',NULL,NULL),(248,20,NULL,0,NULL,'Partners_General_MaintStar','MaintStar','Main',NULL,1,1,0,1,NULL,'2019-07-26 21:28:37','2019-07-26 21:28:37',NULL,NULL),(249,20,NULL,0,NULL,'Partners_General_Amanda','Amanda','Aman',NULL,1,1,0,1,NULL,'2019-07-26 21:28:38','2019-07-26 21:28:38',NULL,NULL),(251,4,108,9,NULL,'SettingSubcategories_General_PartialIntake','Partial Intake','PI',NULL,1,0,0,1,NULL,'2019-07-26 21:28:38','2019-07-26 21:28:38',NULL,NULL),(252,21,NULL,1,NULL,'ProjectPriority_ForPermitting_14Days','14 Days','14DY',NULL,1,0,0,2,'','2019-07-26 21:28:39','2019-07-26 21:28:39',NULL,NULL),(253,21,NULL,2,NULL,'ProjectPriority_ForPermitting_21Days','21 Days','21DY',NULL,1,0,0,2,'','2019-07-26 21:28:39','2019-07-26 21:28:39',NULL,NULL),(254,21,NULL,1,NULL,'ProjectPriority_ForDesignReview_Expedited','Expedited','EXPD',NULL,1,0,0,3,'','2019-07-26 21:28:39','2019-07-26 21:28:39',NULL,NULL),(255,21,NULL,2,NULL,'ProjectPriority_ForDesignReview_1Day','1 Day','1DAY',NULL,1,0,0,3,'','2019-07-26 21:28:39','2019-07-26 21:28:39',NULL,NULL),(256,21,NULL,3,NULL,'ProjectPriority_ForDesignReview_Normal','Normal','NORM',NULL,1,0,0,3,'','2019-07-26 21:28:39','2019-07-26 21:28:39',NULL,NULL),(257,22,NULL,0,NULL,'DocumentType_General_Plan','Plan','PLAN',NULL,1,0,0,1,'','2019-07-26 21:28:39','2019-07-26 21:28:39',NULL,NULL),(258,22,NULL,0,NULL,'DocumentType_General_Other','Other','OTHR',NULL,1,0,0,1,'','2019-07-26 21:28:39','2019-07-26 21:28:39',NULL,NULL),(259,23,NULL,1,NULL,'ProjectCycle_ForPermitting_1stSubmittal','1st Submittal','1ST',NULL,1,1,0,2,'','2019-07-26 21:28:39','2019-07-26 21:28:39',NULL,NULL),(260,23,NULL,2,NULL,'ProjectCycle_ForPermitting_2ndSubmittal','2nd Submittal','2ND',NULL,1,0,0,2,'','2019-07-26 21:28:39','2019-07-26 21:28:39',NULL,NULL),(261,23,NULL,3,NULL,'ProjectCycle_ForPermitting_3rdSubmittal','3rd Submittal','3RD',NULL,1,0,0,2,'','2019-07-26 21:28:39','2019-07-26 21:28:39',NULL,NULL),(262,23,NULL,4,NULL,'ProjectCycle_ForPermitting_4thSubmittal','4th Submittal','4TH',NULL,1,0,0,2,'','2019-07-26 21:28:39','2019-07-26 21:28:39',NULL,NULL),(263,23,NULL,5,NULL,'ProjectCycle_ForPermitting_5thSubmittal','5th Submittal','5TH',NULL,1,0,0,2,'','2019-07-26 21:28:39','2019-07-26 21:28:39',NULL,NULL),(264,23,NULL,1,NULL,'ProjectCycle_ForDesignReview_DesignDevelopment','Design Development','DSGN',NULL,1,1,0,3,'','2019-07-26 21:28:39','2019-07-26 21:28:39',NULL,NULL),(265,23,NULL,2,NULL,'ProjectCycle_ForDesignReview_50PercentPhase','50 Percent Phase','50',NULL,1,0,0,3,'','2019-07-26 21:28:39','2019-07-26 21:28:39',NULL,NULL),(266,23,NULL,3,NULL,'ProjectCycle_ForDesignReview_75PercentPhase','75 Percent Phase','75',NULL,1,0,0,3,'','2019-07-26 21:28:39','2019-07-26 21:28:39',NULL,NULL),(267,23,NULL,4,NULL,'ProjectCycle_ForDesignReview_90PercentPhase','90 Percent Phase','90',NULL,1,0,0,3,'','2019-07-26 21:28:39','2019-07-26 21:28:39',NULL,NULL),(268,23,NULL,5,NULL,'ProjectCycle_ForDesignReview_100PercentPhase','100 Percent Phase','100',NULL,1,0,0,3,'','2019-07-26 21:28:39','2019-07-26 21:28:39',NULL,NULL),(269,24,NULL,0,NULL,'ProjectOccupancy_General_Assembly1','Assembly 1','A1',NULL,1,0,0,1,'','2019-07-26 21:28:39','2019-07-26 21:28:39',NULL,NULL),(270,24,NULL,0,NULL,'ProjectOccupancy_General_Assembly2','Assembly 2','A2',NULL,1,0,0,1,'','2019-07-26 21:28:39','2019-07-26 21:28:39',NULL,NULL),(271,24,NULL,0,NULL,'ProjectOccupancy_General_Business','Business','B',NULL,1,0,0,1,'','2019-07-26 21:28:39','2019-07-26 21:28:39',NULL,NULL),(272,24,NULL,0,NULL,'ProjectOccupancy_General_Educational','Educational','E',NULL,1,0,0,1,'','2019-07-26 21:28:39','2019-07-26 21:28:39',NULL,NULL),(273,24,NULL,0,NULL,'ProjectOccupancy_General_Factory/Industrial1','Factory/Industrial 1','F1',NULL,1,0,0,1,'','2019-07-26 21:28:39','2019-07-26 21:28:39',NULL,NULL),(274,24,NULL,0,NULL,'ProjectOccupancy_General_Residential1','Residential 1','R1',NULL,1,0,0,1,'','2019-07-26 21:28:39','2019-07-26 21:28:39',NULL,NULL),(275,24,NULL,0,NULL,'ProjectOccupancy_General_Residential2','Residential 2','R2',NULL,1,0,0,1,'','2019-07-26 21:28:39','2019-07-26 21:28:39',NULL,NULL),(276,24,NULL,0,NULL,'ProjectOccupancy_General_Storage1','Storage 1','S1',NULL,1,0,0,1,'','2019-07-26 21:28:39','2019-07-26 21:28:39',NULL,NULL),(277,25,NULL,0,NULL,'ProjectConstructionType_General_Type1-A','Type 1-A','1A',NULL,1,0,0,1,'','2019-07-26 21:28:39','2019-07-26 21:28:39',NULL,NULL),(278,25,NULL,0,NULL,'ProjectConstructionType_General_Type1-B','Type 1-B','1B',NULL,1,0,0,1,'','2019-07-26 21:28:39','2019-07-26 21:28:39',NULL,NULL),(279,25,NULL,0,NULL,'ProjectConstructionType_General_Type2-A','Type 2-A','2A',NULL,1,0,0,1,'','2019-07-26 21:28:39','2019-07-26 21:28:39',NULL,NULL),(280,25,NULL,0,NULL,'ProjectConstructionType_General_Type2-B','Type 2-B','2B',NULL,1,0,0,1,'','2019-07-26 21:28:39','2019-07-26 21:28:39',NULL,NULL),(281,25,NULL,0,NULL,'ProjectConstructionType_General_Type3-A','Type 3-A','3A',NULL,1,0,0,1,'','2019-07-26 21:28:39','2019-07-26 21:28:39',NULL,NULL),(282,25,NULL,0,NULL,'ProjectConstructionType_General_Type3-B','Type 3-B','3B',NULL,1,0,0,1,'','2019-07-26 21:28:39','2019-07-26 21:28:39',NULL,NULL),(283,25,NULL,0,NULL,'ProjectConstructionType_General_Type4','Type 4','4',NULL,1,0,0,1,'','2019-07-26 21:28:39','2019-07-26 21:28:39',NULL,NULL),(284,25,NULL,0,NULL,'ProjectConstructionType_General_Type5-A','Type 5-A','5A',NULL,1,0,0,1,'','2019-07-26 21:28:39','2019-07-26 21:28:39',NULL,NULL),(285,25,NULL,0,NULL,'ProjectConstructionType_General_Type5-B','Type 5-B','5B',NULL,1,0,0,1,'','2019-07-26 21:28:39','2019-07-26 21:28:39',NULL,NULL),(286,27,NULL,0,NULL,'ProjectServiceArea_ForPermitting_FireDistrict1','Fire District 1','FD1',NULL,1,0,0,2,'','2019-07-26 21:28:39','2019-07-26 21:28:39',NULL,NULL),(287,27,NULL,0,NULL,'ProjectServiceArea_ForPermitting_UnincorporatedAreaA','Unincorporated Area A','UNCA',NULL,1,0,0,2,'','2019-07-26 21:28:39','2019-07-26 21:28:39',NULL,NULL),(288,27,NULL,0,NULL,'ProjectServiceArea_ForDesignReview_UnincorporatedAreaA','Unincorporated Area A','UNCA',NULL,1,0,0,3,'','2019-07-26 21:28:39','2019-07-26 21:28:39',NULL,NULL),(289,27,NULL,0,NULL,'ProjectServiceArea_ForDesignReview_UnincorporatedAreaB','Unincorporated Area B','UNCB',NULL,1,0,0,3,'','2019-07-26 21:28:39','2019-07-26 21:28:39',NULL,NULL),(290,28,NULL,0,NULL,'ProjectContactRole_General_ProjectOwner','Project Owner','OWNR',NULL,1,0,0,1,'','2019-07-26 21:28:39','2019-07-26 21:28:39',NULL,NULL),(291,28,NULL,0,NULL,'ProjectContactRole_General_Architect/Engineer','Architect/Engineer','AE',NULL,1,0,0,1,'','2019-07-26 21:28:39','2019-07-26 21:28:39',NULL,NULL),(292,28,NULL,0,NULL,'ProjectContactRole_General_Sub-Contractor','Sub-Contractor','SUB',NULL,1,0,0,1,'','2019-07-26 21:28:39','2019-07-26 21:28:39',NULL,NULL),(293,29,NULL,1,NULL,'ProjectStatusInternal_Open','Open','Open','#1976d2',1,0,0,NULL,'','2019-07-26 21:28:40','2019-07-26 21:28:40',NULL,NULL),(294,29,NULL,2,NULL,'ProjectStatusInternal_Pass','Pass','Pass','#43a047',1,0,0,NULL,'','2019-07-26 21:28:40','2019-07-26 21:28:40',NULL,NULL),(295,29,NULL,3,NULL,'ProjectStatusInternal_OnHold','On Hold','OnHo','#fdd835',1,0,0,NULL,'','2019-07-26 21:28:40','2019-07-26 21:28:40',NULL,NULL),(296,29,NULL,4,NULL,'ProjectStatusInternal_Fail','Fail','Fail','#ef5350',1,0,0,NULL,'','2019-07-26 21:28:40','2019-07-26 21:28:40',NULL,NULL),(297,29,NULL,5,NULL,'ProjectStatusInternal_Withdrawn','Withdrawn','With','#673ab7',1,0,0,NULL,'','2019-07-26 21:28:40','2019-07-26 21:28:40',NULL,NULL),(298,29,NULL,6,NULL,'ProjectStatusInternal_CycleComplete','Cycle Complete','Cycl','#9e9e9e',1,0,0,NULL,'','2019-07-26 21:28:40','2019-07-26 21:28:40',NULL,NULL),(299,30,293,1,NULL,'ProjectStatusExternal_ForPermitting_Open','Open','OPEN',NULL,1,1,0,2,'','2019-07-26 21:28:40','2019-07-26 21:28:40',NULL,NULL),(300,30,295,2,NULL,'ProjectStatusExternal_ForPermitting_OnHold','On Hold','HOLD',NULL,1,0,0,2,'','2019-07-26 21:28:40','2019-07-26 21:28:40',NULL,NULL),(301,30,298,3,NULL,'ProjectStatusExternal_ForPermitting_CycleComplete','Cycle Complete','CYCL',NULL,1,1,0,2,'','2019-07-26 21:28:40','2019-07-26 21:28:40',NULL,NULL),(302,30,294,4,NULL,'ProjectStatusExternal_ForPermitting_Approved','Approved','APPR',NULL,1,0,0,2,'','2019-07-26 21:28:40','2019-07-26 21:28:40',NULL,NULL),(303,30,294,5,NULL,'ProjectStatusExternal_ForPermitting_ConditionalApproval','Conditional Approval','COND',NULL,1,0,0,2,'','2019-07-26 21:28:40','2019-07-26 21:28:40',NULL,NULL),(304,30,296,6,NULL,'ProjectStatusExternal_ForPermitting_CorrectionsRequired','Corrections Required','RESB',NULL,1,0,0,2,'','2019-07-26 21:28:40','2019-07-26 21:28:40',NULL,NULL),(305,30,297,7,NULL,'ProjectStatusExternal_ForPermitting_Canceled','Canceled','CANC',NULL,1,0,0,2,'','2019-07-26 21:28:40','2019-07-26 21:28:40',NULL,NULL),(306,30,293,1,NULL,'ProjectStatusExternal_ForDesignReview_InProcess','In Process','OPEN',NULL,1,1,0,3,'','2019-07-26 21:28:40','2019-07-26 21:28:40',NULL,NULL),(307,30,295,2,NULL,'ProjectStatusExternal_ForDesignReview_OnHold','On Hold','HOLD',NULL,1,0,0,3,'','2019-07-26 21:28:40','2019-07-26 21:28:40',NULL,NULL),(308,30,298,3,NULL,'ProjectStatusExternal_ForDesignReview_CycleComplete','Cycle Complete','CYCL',NULL,1,1,0,3,'','2019-07-26 21:28:40','2019-07-26 21:28:40',NULL,NULL),(309,30,294,4,NULL,'ProjectStatusExternal_ForDesignReview_Complete','Complete','COMP',NULL,1,0,0,3,'','2019-07-26 21:28:40','2019-07-26 21:28:40',NULL,NULL),(310,30,296,5,NULL,'ProjectStatusExternal_ForDesignReview_RequiresResubmittal','Resubmit','RESB',NULL,1,0,0,3,'','2019-07-26 21:28:40','2019-07-26 21:28:40',NULL,NULL),(311,30,297,6,NULL,'ProjectStatusExternal_ForDesignReview_Void','Void','VOID',NULL,1,0,0,3,'','2019-07-26 21:28:40','2019-07-26 21:28:40',NULL,NULL),(312,31,NULL,1,NULL,'AssignmentStatusInternal_Canceled','Canceled','Canc',NULL,1,0,0,NULL,'','2019-07-26 21:28:40','2019-07-26 21:28:40',NULL,NULL),(313,31,NULL,2,NULL,'AssignmentStatusInternal_NotStarted','Not Started','NotS',NULL,1,0,0,NULL,'','2019-07-26 21:28:40','2019-07-26 21:28:40',NULL,NULL),(314,31,NULL,3,NULL,'AssignmentStatusInternal_Approved','Approved','Appr',NULL,1,0,0,NULL,'','2019-07-26 21:28:40','2019-07-26 21:28:40',NULL,NULL),(315,31,NULL,4,NULL,'AssignmentStatusInternal_Active','Active','Acti',NULL,1,0,0,NULL,'','2019-07-26 21:28:40','2019-07-26 21:28:40',NULL,NULL),(316,31,NULL,5,NULL,'AssignmentStatusInternal_Rejected','Rejected','Reje',NULL,1,0,0,NULL,'','2019-07-26 21:28:40','2019-07-26 21:28:40',NULL,NULL),(317,32,313,1,NULL,'AssignmentStatusExternal_ForPermitting_NotStarted','Not Started','NOTS','#ff8800',1,1,0,2,'','2019-07-26 21:28:40','2019-07-26 21:28:40',NULL,NULL),(318,32,315,2,NULL,'AssignmentStatusExternal_ForPermitting_InReview','Active','ACTV','#7cbb00',1,1,0,2,'','2019-07-26 21:28:40','2019-07-26 21:28:40',NULL,NULL),(319,32,316,3,NULL,'AssignmentStatusExternal_ForPermitting_RevisionsRequired','Corrections Required','CORR','#f65314',1,1,0,2,'','2019-07-26 21:28:40','2019-07-26 21:28:40',NULL,NULL),(320,32,314,4,NULL,'AssignmentStatusExternal_ForPermitting_Approved','Approved','APPR','#00a1f1',1,1,0,2,'','2019-07-26 21:28:40','2019-07-26 21:28:40',NULL,NULL),(321,32,314,5,NULL,'AssignmentStatusExternal_ForPermitting_ApprovedwConditions','Approved w Conditions','CNDL','#583de2',1,0,0,2,'','2019-07-26 21:28:40','2019-07-26 21:28:40',NULL,NULL),(322,32,312,6,NULL,'AssignmentStatusExternal_ForPermitting_Withdrawn','Canceled','CANC','#737373',1,1,0,2,'','2019-07-26 21:28:40','2019-07-26 21:28:40',NULL,NULL),(328,33,NULL,1,NULL,'CommentDispositionInternal_Open','Open','Open',NULL,1,0,0,NULL,'','2019-07-26 21:28:40','2019-07-26 21:28:40',NULL,NULL),(329,33,NULL,2,NULL,'CommentDispositionInternal_Closed','Closed','Clos',NULL,1,0,0,NULL,'','2019-07-26 21:28:40','2019-07-26 21:28:40',NULL,NULL),(330,34,328,1,NULL,'CommentDispositionExternal_ForPermitting_Open','Open','OPEN','#f65314',1,1,0,2,'','2019-07-26 21:28:40','2019-07-26 21:28:40',NULL,NULL),(331,34,329,2,NULL,'CommentDispositionExternal_ForPermitting_Closed','Closed','CLSD','#00a1f1',1,1,0,2,'','2019-07-26 21:28:40','2019-07-26 21:28:40',NULL,NULL),(332,34,329,3,NULL,'CommentDispositionExternal_ForPermitting_Conditional','Conditional','COND','#583de2',1,0,0,2,'','2019-07-26 21:28:40','2019-07-26 21:28:40',NULL,NULL),(333,34,328,1,NULL,'CommentDispositionExternal_ForDesignReview_Open','Open','OPEN','#F65314',1,1,0,3,'','2019-07-26 21:28:40','2019-07-26 21:28:40',NULL,NULL),(334,34,328,2,NULL,'CommentDispositionExternal_ForDesignReview_InDispute','In Dispute','DISP','#ffce47',1,0,0,3,'','2019-07-26 21:28:40','2019-07-26 21:28:40',NULL,NULL),(335,34,329,3,NULL,'CommentDispositionExternal_ForDesignReview_Complete','Complete','COMP','#00a1f1',1,1,0,3,'','2019-07-26 21:28:40','2019-07-26 21:28:40',NULL,NULL),(336,35,NULL,0,NULL,'ProjectType_ForDesignReview_CourthouseorOtherGovtFacility','Courthouse or Other Govt Facility','GOVT',NULL,1,0,0,3,'','2019-07-26 21:28:40','2019-07-26 21:28:40',NULL,NULL),(337,35,NULL,0,NULL,'ProjectType_ForDesignReview_EducationalFacility','Educational Facility','EDU',NULL,1,0,0,3,'','2019-07-26 21:28:40','2019-07-26 21:28:40',NULL,NULL),(338,35,NULL,0,NULL,'ProjectType_ForDesignReview_MixedUse','Mixed Use','MXDU',NULL,1,0,0,3,'','2019-07-26 21:28:40','2019-07-26 21:28:40',NULL,NULL),(339,35,NULL,0,NULL,'ProjectType_ForDesignReview_NewHousingDevelopment','New Housing Development','NHDP',NULL,1,0,0,3,'','2019-07-26 21:28:40','2019-07-26 21:28:40',NULL,NULL),(340,35,NULL,0,NULL,'ProjectType_ForDesignReview_PublicSpace','Public Space','PUBS',NULL,1,0,0,3,'','2019-07-26 21:28:40','2019-07-26 21:28:40',NULL,NULL),(341,35,NULL,0,NULL,'ProjectType_ForPermitting_AdditionandRemodel','Addition and Remodel','AR',NULL,1,0,0,2,'','2019-07-26 21:28:40','2019-07-26 21:28:40',NULL,NULL),(342,35,NULL,0,NULL,'ProjectType_ForPermitting_Demolition','Demolition','DEMO',NULL,1,0,0,2,'','2019-07-26 21:28:40','2019-07-26 21:28:40',NULL,NULL),(343,35,NULL,0,NULL,'ProjectType_ForPermitting_NewCommercial','New Commercial','NCOM',NULL,1,0,0,2,'','2019-07-26 21:28:40','2019-07-26 21:28:40',NULL,NULL),(344,35,NULL,0,NULL,'ProjectType_ForPermitting_MultiFamilyResidence','Multi Family Residence','MFR',NULL,1,0,0,2,'','2019-07-26 21:28:40','2019-07-26 21:28:40',NULL,NULL),(345,35,NULL,0,NULL,'ProjectType_ForPermitting_SingleFamilyResidence','Single Family Residence','SFR',NULL,1,0,0,2,'','2019-07-26 21:28:40','2019-07-26 21:28:40',NULL,NULL),(346,35,NULL,0,NULL,'ProjectType_ForPermitting_TenantImprovement','Tenant Improvement','TI',NULL,1,0,0,2,'','2019-07-26 21:28:40','2019-07-26 21:28:40',NULL,NULL),(347,35,NULL,0,NULL,'ProjectType_ForPermitting_SolarPanels','Solar Panels','SOLR',NULL,1,0,0,2,'','2019-07-26 21:28:40','2019-07-26 21:28:40',NULL,NULL),(348,36,NULL,1,NULL,'DocumentCycle_ForPermitting_1stSubmittal','1st Submittal','1ST',NULL,1,1,0,2,'','2019-07-26 21:28:40','2019-07-26 21:28:40',NULL,NULL),(349,36,NULL,2,NULL,'DocumentCycle_ForPermitting_2ndSubmittal','2nd Submittal','2ND',NULL,1,0,0,2,'','2019-07-26 21:28:40','2019-07-26 21:28:40',NULL,NULL),(350,36,NULL,3,NULL,'DocumentCycle_ForPermitting_3rdSubmittal','3rd Submittal','3RD',NULL,1,0,0,2,'','2019-07-26 21:28:40','2019-07-26 21:28:40',NULL,NULL),(351,36,NULL,4,NULL,'DocumentCycle_ForPermitting_4thSubmittal','4th Submittal','4TH',NULL,1,0,0,2,'','2019-07-26 21:28:40','2019-07-26 21:28:40',NULL,NULL),(352,36,NULL,5,NULL,'DocumentCycle_ForPermitting_5thSubmittal','5th Submittal','5TH',NULL,1,0,0,2,'','2019-07-26 21:28:40','2019-07-26 21:28:40',NULL,NULL),(353,36,NULL,1,NULL,'DocumentCycle_ForDesignReview_DesignDevelopment','Design Development','DSGN',NULL,1,1,0,3,'','2019-07-26 21:28:40','2019-07-26 21:28:40',NULL,NULL),(354,36,NULL,2,NULL,'DocumentCycle_ForDesignReview_50PercentPhase','50 Percent Phase','50',NULL,1,0,0,3,'','2019-07-26 21:28:40','2019-07-26 21:28:40',NULL,NULL),(355,36,NULL,3,NULL,'DocumentCycle_ForDesignReview_75PercentPhase','75 Percent Phase','75',NULL,1,0,0,3,'','2019-07-26 21:28:40','2019-07-26 21:28:40',NULL,NULL),(356,36,NULL,4,NULL,'DocumentCycle_ForDesignReview_90PercentPhase','90 Percent Phase','90',NULL,1,0,0,3,'','2019-07-26 21:28:40','2019-07-26 21:28:40',NULL,NULL),(357,36,NULL,5,NULL,'DocumentCycle_ForDesignReview_100PercentPhase','100 Percent Phase','100',NULL,1,0,0,3,'','2019-07-26 21:28:40','2019-07-26 21:28:40',NULL,NULL),(358,37,NULL,0,NULL,'ReviewType_ForPermitting_Accessibility','Accessibility','ACCS',NULL,1,0,0,2,'','2019-07-26 21:28:40','2019-07-26 21:28:40',NULL,NULL),(359,37,NULL,0,NULL,'ReviewType_ForPermitting_Architectural','Architectural','ARCH',NULL,1,0,0,2,'','2019-07-26 21:28:40','2019-07-26 21:28:40',NULL,NULL),(360,37,NULL,0,NULL,'ReviewType_ForPermitting_Civil','Civil','CIVL',NULL,1,0,0,2,'','2019-07-26 21:28:40','2019-07-26 21:28:40',NULL,NULL),(361,37,NULL,0,NULL,'ReviewType_ForPermitting_Electrical','Electrical','ELEC',NULL,1,0,0,2,'','2019-07-26 21:28:40','2019-07-26 21:28:40',NULL,NULL),(362,37,NULL,0,NULL,'ReviewType_ForPermitting_Mechanical','Mechanical','MECH',NULL,1,0,0,2,'','2019-07-26 21:28:40','2019-07-26 21:28:40',NULL,NULL),(363,37,NULL,0,NULL,'ReviewType_ForPermitting_FireProtection','Fire Protection','FIRE',NULL,1,0,0,2,'','2019-07-26 21:28:40','2019-07-26 21:28:40',NULL,NULL),(364,37,NULL,0,NULL,'ReviewType_ForPermitting_Plumbing','Plumbing','PLMB',NULL,1,0,0,2,'','2019-07-26 21:28:40','2019-07-26 21:28:40',NULL,NULL),(365,37,NULL,0,NULL,'ReviewType_ForPermitting_Title24','Title 24','T24',NULL,1,0,0,2,'','2019-07-26 21:28:40','2019-07-26 21:28:40',NULL,NULL),(366,37,NULL,0,NULL,'ReviewType_ForDesignReview_Accessibility','Accessibility','ACCS',NULL,1,0,0,3,'','2019-07-26 21:28:40','2019-07-26 21:28:40',NULL,NULL),(367,37,NULL,0,NULL,'ReviewType_ForDesignReview_Architectural','Architectural','ARCH',NULL,1,0,0,3,'','2019-07-26 21:28:40','2019-07-26 21:28:40',NULL,NULL),(368,37,NULL,0,NULL,'ReviewType_ForDesignReview_CivilPlans','Civil Plans','CIVL',NULL,1,0,0,3,'','2019-07-26 21:28:40','2019-07-26 21:28:40',NULL,NULL),(369,37,NULL,0,NULL,'ReviewType_ForDesignReview_Grading','Grading','GRAD',NULL,1,0,0,3,'','2019-07-26 21:28:40','2019-07-26 21:28:40',NULL,NULL),(370,37,NULL,0,NULL,'ReviewType_ForDesignReview_HVAC','HVAC','HVAC',NULL,1,0,0,3,'','2019-07-26 21:28:40','2019-07-26 21:28:40',NULL,NULL),(371,37,NULL,0,NULL,'ReviewType_ForDesignReview_Mechanical','Mechanical','MECH',NULL,1,0,0,3,'','2019-07-26 21:28:40','2019-07-26 21:28:40',NULL,NULL),(372,37,NULL,0,NULL,'ReviewType_ForDesignReview_Structural','Structural','STRX',NULL,1,0,0,3,'','2019-07-26 21:28:40','2019-07-26 21:28:40',NULL,NULL),(373,4,108,6,NULL,'SettingSubcategories_General_Reports','Reports','Repo',NULL,1,0,0,1,'','2019-07-26 21:28:40','2019-07-26 21:28:40',NULL,NULL),(374,38,NULL,0,NULL,'ReportType_General_System','System','Sys',NULL,1,0,0,1,'','2019-07-26 21:28:40','2019-07-26 21:28:40',NULL,NULL),(375,38,NULL,0,NULL,'ReportType_ForPermitting_Corrections','Corrections','CORR',NULL,1,0,0,2,'','2019-07-26 21:28:40','2019-07-26 21:28:40',NULL,NULL),(376,38,NULL,0,NULL,'ReportType_ForPermitting_SubmittalRecommendation','Submittal Recommendation','SubR',NULL,1,0,0,2,'','2019-07-26 21:28:40','2019-07-26 21:28:40',NULL,NULL),(377,38,NULL,0,NULL,'ReportType_ForDesignReview_ProjectComments','Project Comments','COMM',NULL,1,0,0,3,'','2019-07-26 21:28:40','2019-07-26 21:28:40',NULL,NULL),(378,38,NULL,0,NULL,'ReportType_ForDesignReview_SubmittalRecommendation','Submittal Recommendation','SubR',NULL,1,0,0,3,'','2019-07-26 21:28:40','2019-07-26 21:28:40',NULL,NULL),(379,38,NULL,0,NULL,'ReportType_ForDesignReview_Corrections','Corrections','CORR',NULL,1,0,0,3,NULL,'2019-07-26 21:28:40','2019-07-26 21:28:40',NULL,NULL);
/*!40000 ALTER TABLE `ListItems` ENABLE KEYS */;
UNLOCK TABLES;

--
-- Table structure for table `ListTypePurposes`
--

DROP TABLE IF EXISTS `ListTypePurposes`;
/*!40101 SET @saved_cs_client     = @@character_set_client */;
/*!40101 SET character_set_client = utf8 */;
CREATE TABLE `ListTypePurposes` (
  `id` int(10) unsigned NOT NULL AUTO_INCREMENT,
  `listType_id` int(10) unsigned NOT NULL,
  `purpose_id` int(10) unsigned NOT NULL,
  `vendor_id` varchar(50) DEFAULT NULL,
  `label` varchar(100) DEFAULT NULL,
  `createdAt` datetime NOT NULL DEFAULT CURRENT_TIMESTAMP,
  `updatedAt` datetime NOT NULL DEFAULT CURRENT_TIMESTAMP,
  `deletedAt` datetime DEFAULT NULL,
  PRIMARY KEY (`id`),
  UNIQUE KEY `list_type_purposes_list_type_id_purpose_id` (`listType_id`,`purpose_id`),
  UNIQUE KEY `vendor_id` (`vendor_id`),
  KEY `purpose_id` (`purpose_id`),
  KEY `list_type_purposes_deleted_at` (`deletedAt`),
  KEY `deletedAt_idx` (`deletedAt`),
  CONSTRAINT `listtypepurposes_ibfk_1` FOREIGN KEY (`listType_id`) REFERENCES `ListTypes` (`id`),
  CONSTRAINT `listtypepurposes_ibfk_2` FOREIGN KEY (`purpose_id`) REFERENCES `Purposes` (`id`)
) ENGINE=InnoDB AUTO_INCREMENT=88 DEFAULT CHARSET=latin1;
/*!40101 SET character_set_client = @saved_cs_client */;

--
-- Dumping data for table `ListTypePurposes`
--

LOCK TABLES `ListTypePurposes` WRITE;
/*!40000 ALTER TABLE `ListTypePurposes` DISABLE KEYS */;
INSERT INTO `ListTypePurposes` VALUES (1,2,1,NULL,'Permission Type','2019-07-26 21:28:35','2019-07-26 21:28:35',NULL),(2,10,1,NULL,'User Role General','2019-07-26 21:28:36','2019-07-26 21:28:36',NULL),(3,12,3,NULL,'Group','2019-07-26 21:28:36','2019-07-26 21:28:36',NULL),(4,12,2,NULL,'Group','2019-07-26 21:28:36','2019-07-26 21:28:36',NULL),(5,13,1,NULL,'Permission','2019-07-26 21:28:36','2019-07-26 21:28:36',NULL),(6,14,1,NULL,'Filter','2019-07-26 21:28:36','2019-07-26 21:28:36',NULL),(7,15,1,NULL,'Event Type','2019-07-26 21:28:36','2019-07-26 21:28:36',NULL),(8,16,2,NULL,'Source','2019-07-26 21:28:36','2019-07-26 21:28:36',NULL),(9,16,3,NULL,'Source','2019-07-26 21:28:36','2019-07-26 21:28:36',NULL),(10,17,2,NULL,'Category','2019-07-26 21:28:37','2019-07-26 21:28:37',NULL),(11,17,3,NULL,'Category','2019-07-26 21:28:37','2019-07-26 21:28:37',NULL),(12,18,3,NULL,'Impact','2019-07-26 21:28:37','2019-07-26 21:28:37',NULL),(13,19,2,NULL,'Subcategory','2019-07-26 21:28:37','2019-07-26 21:28:37',NULL),(14,19,3,NULL,'Subcategory','2019-07-26 21:28:37','2019-07-26 21:28:37',NULL),(15,17,1,NULL,'Category','2019-07-26 21:28:37','2019-07-26 21:28:37',NULL),(16,19,1,NULL,'Subcategory','2019-07-26 21:28:37','2019-07-26 21:28:37',NULL),(17,16,1,NULL,'Source','2019-07-26 21:28:37','2019-07-26 21:28:37',NULL),(18,18,2,NULL,'Impact','2019-07-26 21:28:37','2019-07-26 21:28:37',NULL),(19,1,1,NULL,'Value Types','2019-07-26 21:28:38','2019-07-26 21:28:38',NULL),(20,3,1,NULL,'Setting Categories','2019-07-26 21:28:38','2019-07-26 21:28:38',NULL),(21,4,1,NULL,'Setting Subcategories','2019-07-26 21:28:38','2019-07-26 21:28:38',NULL),(22,5,1,NULL,'Country','2019-07-26 21:28:38','2019-07-26 21:28:38',NULL),(23,6,1,NULL,'State','2019-07-26 21:28:38','2019-07-26 21:28:38',NULL),(24,7,1,NULL,'Street Type','2019-07-26 21:28:38','2019-07-26 21:28:38',NULL),(25,8,1,NULL,'Street Direction','2019-07-26 21:28:38','2019-07-26 21:28:38',NULL),(26,9,1,NULL,'File System Types','2019-07-26 21:28:38','2019-07-26 21:28:38',NULL),(27,11,1,NULL,'Token Types','2019-07-26 21:28:38','2019-07-26 21:28:38',NULL),(28,12,1,NULL,'Group','2019-07-26 21:28:38','2019-07-26 21:28:38',NULL),(29,18,1,NULL,'Impact','2019-07-26 21:28:38','2019-07-26 21:28:38',NULL),(30,20,1,NULL,'Partner','2019-07-26 21:28:38','2019-07-26 21:28:38',NULL),(31,1,2,NULL,'Value Types','2019-07-26 21:28:38','2019-07-26 21:28:38',NULL),(32,2,2,NULL,'Permission Type','2019-07-26 21:28:38','2019-07-26 21:28:38',NULL),(33,3,2,NULL,'Setting Categories','2019-07-26 21:28:38','2019-07-26 21:28:38',NULL),(34,4,2,NULL,'Setting Subcategories','2019-07-26 21:28:38','2019-07-26 21:28:38',NULL),(35,5,2,NULL,'Country','2019-07-26 21:28:38','2019-07-26 21:28:38',NULL),(36,6,2,NULL,'State','2019-07-26 21:28:38','2019-07-26 21:28:38',NULL),(37,7,2,NULL,'Street Type','2019-07-26 21:28:38','2019-07-26 21:28:38',NULL),(38,8,2,NULL,'Street Direction','2019-07-26 21:28:38','2019-07-26 21:28:38',NULL),(39,9,2,NULL,'File System Types','2019-07-26 21:28:38','2019-07-26 21:28:38',NULL),(40,10,2,NULL,'User Role','2019-07-26 21:28:38','2019-07-26 21:28:38',NULL),(41,11,2,NULL,'Token Types','2019-07-26 21:28:38','2019-07-26 21:28:38',NULL),(42,13,2,NULL,'Permission','2019-07-26 21:28:38','2019-07-26 21:28:38',NULL),(43,14,2,NULL,'Filter','2019-07-26 21:28:38','2019-07-26 21:28:38',NULL),(44,15,2,NULL,'Event Type','2019-07-26 21:28:38','2019-07-26 21:28:38',NULL),(45,20,2,NULL,'Partner','2019-07-26 21:28:38','2019-07-26 21:28:38',NULL),(46,1,3,NULL,'Value Types','2019-07-26 21:28:38','2019-07-26 21:28:38',NULL),(47,2,3,NULL,'Permission Type','2019-07-26 21:28:38','2019-07-26 21:28:38',NULL),(48,3,3,NULL,'Setting Categories','2019-07-26 21:28:38','2019-07-26 21:28:38',NULL),(49,4,3,NULL,'Setting Subcategories','2019-07-26 21:28:38','2019-07-26 21:28:38',NULL),(50,5,3,NULL,'Country','2019-07-26 21:28:38','2019-07-26 21:28:38',NULL),(51,6,3,NULL,'State','2019-07-26 21:28:38','2019-07-26 21:28:38',NULL),(52,7,3,NULL,'Street Type','2019-07-26 21:28:38','2019-07-26 21:28:38',NULL),(53,8,3,NULL,'Street Direction','2019-07-26 21:28:38','2019-07-26 21:28:38',NULL),(54,9,3,NULL,'File System Types','2019-07-26 21:28:38','2019-07-26 21:28:38',NULL),(55,10,3,NULL,'User Role','2019-07-26 21:28:38','2019-07-26 21:28:38',NULL),(56,11,3,NULL,'Token Types','2019-07-26 21:28:38','2019-07-26 21:28:38',NULL),(57,13,3,NULL,'Permission','2019-07-26 21:28:38','2019-07-26 21:28:38',NULL),(58,14,3,NULL,'Filter','2019-07-26 21:28:38','2019-07-26 21:28:38',NULL),(59,15,3,NULL,'Event Type','2019-07-26 21:28:38','2019-07-26 21:28:38',NULL),(60,20,3,NULL,'Partner','2019-07-26 21:28:38','2019-07-26 21:28:38',NULL),(61,21,2,NULL,'Priority','2019-07-26 21:28:39','2019-07-26 21:28:39',NULL),(62,21,3,NULL,'Priority','2019-07-26 21:28:39','2019-07-26 21:28:39',NULL),(63,22,1,NULL,'Document Type','2019-07-26 21:28:39','2019-07-26 21:28:39',NULL),(64,23,2,NULL,'Submittal','2019-07-26 21:28:39','2019-07-26 21:28:39',NULL),(65,23,3,NULL,'Phase','2019-07-26 21:28:39','2019-07-26 21:28:39',NULL),(66,24,1,NULL,'Occupancy','2019-07-26 21:28:39','2019-07-26 21:28:39',NULL),(67,25,1,NULL,'Construction Type','2019-07-26 21:28:39','2019-07-26 21:28:39',NULL),(68,26,1,NULL,'Application Type','2019-07-26 21:28:39','2019-07-26 21:28:39',NULL),(69,27,2,NULL,'Service Area','2019-07-26 21:28:39','2019-07-26 21:28:39',NULL),(70,27,3,NULL,'Service Area','2019-07-26 21:28:39','2019-07-26 21:28:39',NULL),(71,28,1,NULL,'Contact Role','2019-07-26 21:28:39','2019-07-26 21:28:39',NULL),(72,30,2,NULL,'Project Status','2019-07-26 21:28:40','2019-07-26 21:28:40',NULL),(73,30,3,NULL,'Project Status','2019-07-26 21:28:40','2019-07-26 21:28:40',NULL),(74,32,2,NULL,'Assignment Status','2019-07-26 21:28:40','2019-07-26 21:28:40',NULL),(75,32,3,NULL,'Assignment Status','2019-07-26 21:28:40','2019-07-26 21:28:40',NULL),(76,32,1,NULL,'Task Status','2019-07-26 21:28:40','2019-07-26 21:28:40',NULL),(77,34,2,NULL,'Comment Disposition','2019-07-26 21:28:40','2019-07-26 21:28:40',NULL),(78,34,3,NULL,'Comment Disposition','2019-07-26 21:28:40','2019-07-26 21:28:40',NULL),(79,35,3,NULL,'Project Type','2019-07-26 21:28:40','2019-07-26 21:28:40',NULL),(80,35,2,NULL,'Project Type','2019-07-26 21:28:40','2019-07-26 21:28:40',NULL),(81,36,2,NULL,'Submittal','2019-07-26 21:28:40','2019-07-26 21:28:40',NULL),(82,36,3,NULL,'Phase','2019-07-26 21:28:40','2019-07-26 21:28:40',NULL),(83,37,2,NULL,'Review Type','2019-07-26 21:28:40','2019-07-26 21:28:40',NULL),(84,37,3,NULL,'Review Type','2019-07-26 21:28:40','2019-07-26 21:28:40',NULL),(85,38,1,NULL,'Report Type','2019-07-26 21:28:40','2019-07-26 21:28:40',NULL),(86,38,2,NULL,'Report Type','2019-07-26 21:28:40','2019-07-26 21:28:40',NULL),(87,38,3,NULL,'Report Type','2019-07-26 21:28:40','2019-07-26 21:28:40',NULL);
/*!40000 ALTER TABLE `ListTypePurposes` ENABLE KEYS */;
UNLOCK TABLES;

--
-- Table structure for table `ListTypes`
--

DROP TABLE IF EXISTS `ListTypes`;
/*!40101 SET @saved_cs_client     = @@character_set_client */;
/*!40101 SET character_set_client = utf8 */;
CREATE TABLE `ListTypes` (
  `id` int(10) unsigned NOT NULL AUTO_INCREMENT,
  `parentListType_id` int(10) unsigned DEFAULT NULL,
  `vendor_id` varchar(50) DEFAULT NULL,
  `key` varchar(100) NOT NULL,
  `label` varchar(100) NOT NULL,
  `isActive` tinyint(1) NOT NULL DEFAULT '1',
  `isReadOnly` tinyint(1) NOT NULL DEFAULT '0',
  `isRestricted` tinyint(1) NOT NULL DEFAULT '0',
  `createdAt` datetime NOT NULL DEFAULT CURRENT_TIMESTAMP,
  `updatedAt` datetime NOT NULL DEFAULT CURRENT_TIMESTAMP,
  `deletedAt` datetime DEFAULT NULL,
  `summary` varchar(8000) DEFAULT NULL,
  PRIMARY KEY (`id`),
  UNIQUE KEY `key` (`key`),
  UNIQUE KEY `key_2` (`key`),
  UNIQUE KEY `vendor_id` (`vendor_id`),
  KEY `parentListType_id` (`parentListType_id`),
  KEY `uidx-isActive` (`isActive`),
  KEY `uidx-isReadOnly` (`isReadOnly`),
  KEY `uidx-deletedAt` (`deletedAt`),
  CONSTRAINT `listtypes_ibfk_1` FOREIGN KEY (`parentListType_id`) REFERENCES `ListTypes` (`id`) ON DELETE SET NULL
) ENGINE=InnoDB AUTO_INCREMENT=39 DEFAULT CHARSET=latin1;
/*!40101 SET character_set_client = @saved_cs_client */;

--
-- Dumping data for table `ListTypes`
--

LOCK TABLES `ListTypes` WRITE;
/*!40000 ALTER TABLE `ListTypes` DISABLE KEYS */;
INSERT INTO `ListTypes` VALUES (1,NULL,NULL,'ValueTypes','Value Types',1,1,0,'2019-07-26 21:28:35','2019-07-26 21:28:35',NULL,NULL),(2,NULL,NULL,'PermissionTypes','Permission Type',1,1,0,'2019-07-26 21:28:35','2019-07-26 21:28:35',NULL,NULL),(3,NULL,NULL,'SettingCategories','Setting Categories',1,1,0,'2019-07-26 21:28:35','2019-07-26 21:28:35',NULL,NULL),(4,3,NULL,'SettingSubcategories','Setting Subcategories',1,1,0,'2019-07-26 21:28:35','2019-07-26 21:28:35',NULL,NULL),(5,NULL,NULL,'Countries','Country',1,0,0,'2019-07-26 21:28:35','2019-07-26 21:28:40',NULL,'Optional. Used for address records.'),(6,5,NULL,'States','State',1,0,0,'2019-07-26 21:28:35','2019-07-26 21:28:40',NULL,'Optional. Used for address records.'),(7,NULL,NULL,'StreetType','Street Type',1,0,0,'2019-07-26 21:28:35','2019-07-26 21:28:40',NULL,'Optional. Used for address records.'),(8,NULL,NULL,'StreetDirection','Street Direction',1,0,0,'2019-07-26 21:28:35','2019-07-26 21:28:40',NULL,'Optional. Used for address records.'),(9,NULL,NULL,'FileSystemTypes','File System Types',1,1,0,'2019-07-26 21:28:35','2019-07-26 21:28:35',NULL,NULL),(10,NULL,NULL,'UserRoles','User Role',1,1,0,'2019-07-26 21:28:36','2019-07-26 21:28:36',NULL,NULL),(11,NULL,NULL,'TokenTypes','Token Types',1,1,0,'2019-07-26 21:28:36','2019-07-26 21:28:36',NULL,NULL),(12,NULL,NULL,'Groups','Group',1,0,0,'2019-07-26 21:28:36','2019-07-26 21:28:40',NULL,'Required. Denotes user affiliation; often a discipline, location, division, department, or equivalent. \nAll users must belong to at least one group. Plan review assignments are assigned to a Group. '),(13,NULL,NULL,'Permissions','Permission',1,1,0,'2019-07-26 21:28:36','2019-07-26 21:28:36',NULL,NULL),(14,NULL,NULL,'Filters','Filter',1,1,0,'2019-07-26 21:28:36','2019-07-26 21:28:36',NULL,NULL),(15,NULL,NULL,'EventTypes','Event Type',1,1,0,'2019-07-26 21:28:36','2019-07-26 21:28:36',NULL,NULL),(16,NULL,NULL,'Sources','Source',1,0,0,'2019-07-26 21:28:36','2019-07-26 21:28:40',NULL,'Optional. Year and name of code base from which content is sourced for Standard Comments; see Comments Library.'),(17,NULL,NULL,'Categories','Category',1,0,0,'2019-07-26 21:28:36','2019-07-26 21:28:40',NULL,'Optional.  If used, sort order is important. A comment affiliation; used as the primary heading and to sort comments within Correction Reports. Ex: comments in the General Requirements category (Sort Order = 1) typically sort first on Correction Reports.'),(18,NULL,NULL,'Impacts','Impact',1,0,0,'2019-07-26 21:28:37','2019-07-26 21:28:40',NULL,'Optional. Denotes relative importance of a project comment. Using sort order is recommended.'),(19,NULL,NULL,'Subcategories','Subcategory',1,0,0,'2019-07-26 21:28:37','2019-07-26 21:28:40',NULL,'Optional. If used, sort order is important. A comment sub-affiliation; used as a secondary heading  and to sort comments within Correction Reports.  Ex: comments in the General Requirements category may have a sub-heading for \'Building Envelope Requirements\', followed by other subcategory headings.'),(20,NULL,NULL,'Partners','Partner',1,1,1,'2019-07-26 21:28:37','2019-07-26 21:28:37',NULL,NULL),(21,NULL,NULL,'ProjectPriority','Priority',1,0,0,'2019-07-26 21:28:39','2019-07-26 21:28:40',NULL,'Optional. Denotes relative urgency of a project.'),(22,NULL,NULL,'DocumentType','Document Type',1,1,0,'2019-07-26 21:28:39','2019-07-26 21:28:39',NULL,NULL),(23,NULL,NULL,'ProjectCycle','Project Cycle',1,0,0,'2019-07-26 21:28:39','2019-07-26 21:28:40',NULL,'Required. Sort Order must be incremental. Denotes the current review cycle/phase for Projects. '),(24,NULL,NULL,'ProjectOccupancy','Occupancy',1,0,0,'2019-07-26 21:28:39','2019-07-26 21:28:40',NULL,'Optional. The occupancy classification of the project\'s structures based upon expected usage and quantity of people.'),(25,NULL,NULL,'ProjectConstructionType','Construction Type',1,0,0,'2019-07-26 21:28:39','2019-07-26 21:28:40',NULL,'Optional. The classification and fire rating for the project\'s buildings or structures.'),(26,NULL,NULL,'ProjectApplicationType','Application Type',1,0,0,'2019-07-26 21:28:39','2019-07-26 21:28:39',NULL,NULL),(27,NULL,NULL,'ProjectServiceArea','Service Area',1,0,0,'2019-07-26 21:28:39','2019-07-26 21:28:40',NULL,'Optional. Regional/geographical area of a project site/address.'),(28,NULL,NULL,'ProjectContactRole','Contact Role',1,0,0,'2019-07-26 21:28:39','2019-07-26 21:28:40',NULL,'Optional. A reference person\'s association to a project.'),(29,NULL,NULL,'ProjectStatusInternal','Project Status (Internal)',1,1,0,'2019-07-26 21:28:40','2019-07-26 21:28:40',NULL,NULL),(30,29,NULL,'ProjectStatusExternal','Project Status',1,0,0,'2019-07-26 21:28:40','2019-07-26 21:28:40',NULL,'Required. Denotes the current standing or evaluation of the project record. There must be exactly one active and \'default\' record mapped to the Open and Cycle Complete Parent List Items for controlling internal workflow. Additional, non-default statuses may also be created.'),(31,NULL,NULL,'AssignmentStatusInternal','Assignment Status (Internal)',1,1,0,'2019-07-26 21:28:40','2019-07-26 21:28:40',NULL,NULL),(32,31,NULL,'AssignmentStatusExternal','Assignment Status',1,0,0,'2019-07-26 21:28:40','2019-07-26 21:28:40',NULL,'Required. Denotes the current standing of assignment records. There must be exactly one active and \'default\' record mapped to each Parent List Item for controlling internal workflow. Additional, non-default statuses may also be created.'),(33,NULL,NULL,'CommentDispositionInternal','Comment Disposition (Internal)',1,1,0,'2019-07-26 21:28:40','2019-07-26 21:28:40',NULL,NULL),(34,33,NULL,'CommentDispositionExternal','Comment Disposition',1,0,0,'2019-07-26 21:28:40','2019-07-26 21:28:40',NULL,'Required. Denotes the current standing or evaluation of the project comment record. There must be exactly one active and \'default\' Disposition record mapped to each Parent List Item for controlling internal workflow. Additional, non-default dispositions may also be created. Using sort order is recommended.'),(35,NULL,NULL,'ProjectType','Project Type',1,0,0,'2019-07-26 21:28:40','2019-07-26 21:28:40',NULL,'Required. A project classification, usually based on the type of work expected.  Automated (assignment) Distribution workflows require Project Types.'),(36,NULL,NULL,'DocumentCycle','Document Cycle',1,0,0,'2019-07-26 21:28:40','2019-07-26 21:28:40',NULL,'Required. Sort Order must be incremental. Denotes the current review cycle for the document. During intake, new versions of documents have their Cycle automatically increased by one, to the next available value based on Sort Order. If final cycle is exceeded, new cycle record will be added automatically for newer cycle.'),(37,NULL,NULL,'ReviewType','Review Type',1,0,0,'2019-07-26 21:28:40','2019-07-26 21:28:40',NULL,'Optional. Denotes a specific discipline affiliation for assignments when multiple assignments must exist within a single Group for the same document. Additionally, Distributions rely on the \'abbreviation\' to distribute plans during intake. Ex: a file named \'ELEC_WiringDiagrams.pdf\' can trigger assignments to designated groups or users when the Review Type abbreviation for \'Electrical\' = \'ELEC\'.'),(38,NULL,NULL,'ReportType','Report Type',1,0,0,'2019-07-26 21:28:40','2019-07-26 21:28:40',NULL,NULL);
/*!40000 ALTER TABLE `ListTypes` ENABLE KEYS */;
UNLOCK TABLES;

--
-- Table structure for table `MembershipMappings`
--

DROP TABLE IF EXISTS `MembershipMappings`;
/*!40101 SET @saved_cs_client     = @@character_set_client */;
/*!40101 SET character_set_client = utf8 */;
CREATE TABLE `MembershipMappings` (
  `id` int(10) unsigned NOT NULL AUTO_INCREMENT,
  `projectType_LIID` int(10) unsigned NOT NULL,
  `user_id` int(10) unsigned NOT NULL,
  `isActive` tinyint(1) NOT NULL,
  `createdAt` datetime NOT NULL DEFAULT CURRENT_TIMESTAMP,
  `updatedAt` datetime NOT NULL DEFAULT CURRENT_TIMESTAMP,
  `deletedAt` datetime DEFAULT NULL,
  PRIMARY KEY (`id`),
  UNIQUE KEY `projectType_user_UNIQUE` (`projectType_LIID`,`user_id`),
  KEY `user_id` (`user_id`),
  KEY `fk_projectType_LIID_idx` (`projectType_LIID`),
  CONSTRAINT `membershipmappings_ibfk_1` FOREIGN KEY (`projectType_LIID`) REFERENCES `ListItems` (`id`),
  CONSTRAINT `membershipmappings_ibfk_2` FOREIGN KEY (`user_id`) REFERENCES `Persons` (`id`)
) ENGINE=InnoDB DEFAULT CHARSET=latin1;
/*!40101 SET character_set_client = @saved_cs_client */;

--
-- Dumping data for table `MembershipMappings`
--

LOCK TABLES `MembershipMappings` WRITE;
/*!40000 ALTER TABLE `MembershipMappings` DISABLE KEYS */;
/*!40000 ALTER TABLE `MembershipMappings` ENABLE KEYS */;
UNLOCK TABLES;

--
-- Table structure for table `PartnerSyncJobs`
--

DROP TABLE IF EXISTS `PartnerSyncJobs`;
/*!40101 SET @saved_cs_client     = @@character_set_client */;
/*!40101 SET character_set_client = utf8 */;
CREATE TABLE `PartnerSyncJobs` (
  `id` int(10) unsigned NOT NULL AUTO_INCREMENT,
  `partner_id` int(10) unsigned NOT NULL,
  `mappingAPI` varchar(255) NOT NULL,
  `postData` text NOT NULL,
  `error` text,
  `createdAt` datetime NOT NULL DEFAULT CURRENT_TIMESTAMP,
  `updatedAt` datetime NOT NULL DEFAULT CURRENT_TIMESTAMP,
  `deletedAt` datetime DEFAULT NULL,
  `attempts` int(10) unsigned DEFAULT '1',
  PRIMARY KEY (`id`),
  KEY `fk_partner_id_idx` (`partner_id`),
  CONSTRAINT `partnersyncjobs_ibfk_1` FOREIGN KEY (`partner_id`) REFERENCES `Partners` (`id`)
) ENGINE=InnoDB DEFAULT CHARSET=latin1;
/*!40101 SET character_set_client = @saved_cs_client */;

--
-- Dumping data for table `PartnerSyncJobs`
--

LOCK TABLES `PartnerSyncJobs` WRITE;
/*!40000 ALTER TABLE `PartnerSyncJobs` DISABLE KEYS */;
/*!40000 ALTER TABLE `PartnerSyncJobs` ENABLE KEYS */;
UNLOCK TABLES;

--
-- Table structure for table `Partners`
--

DROP TABLE IF EXISTS `Partners`;
/*!40101 SET @saved_cs_client     = @@character_set_client */;
/*!40101 SET character_set_client = utf8 */;
CREATE TABLE `Partners` (
  `id` int(10) unsigned NOT NULL AUTO_INCREMENT,
  `maxAttempts` int(2) unsigned DEFAULT NULL,
  `timeoutMS` int(10) unsigned DEFAULT NULL,
  `isActive` tinyint(1) NOT NULL DEFAULT '1',
  `vendor_id` varchar(50) DEFAULT NULL,
  `name` varchar(100) NOT NULL,
  `ClientAgency` varchar(100) DEFAULT NULL,
  `incoming_username` varchar(100) DEFAULT NULL,
  `incoming_password` varchar(255) DEFAULT NULL,
  `outgoing_username` varchar(100) DEFAULT NULL,
  `outgoing_password` varchar(255) DEFAULT NULL,
  `outgoing_endpoint` varchar(255) DEFAULT NULL,
  `extended` text,
  `createdAt` datetime NOT NULL DEFAULT CURRENT_TIMESTAMP,
  `updatedAt` datetime NOT NULL DEFAULT CURRENT_TIMESTAMP,
  `deletedAt` datetime DEFAULT NULL,
  `returnComment` tinyint(1) DEFAULT '0',
  `reviewPageCheckIn` tinyint(1) DEFAULT '0',
  `custom` text,
  PRIMARY KEY (`id`),
  UNIQUE KEY `name_UNIQUE` (`name`),
  UNIQUE KEY `vendor_id_UNIQUE` (`vendor_id`),
  KEY `maxAttempts_idx` (`maxAttempts`),
  KEY `isActive_idx` (`isActive`),
  KEY `incoming_username_idx` (`incoming_username`),
  KEY `deletedAt_idx` (`deletedAt`)
) ENGINE=InnoDB DEFAULT CHARSET=latin1;
/*!40101 SET character_set_client = @saved_cs_client */;

--
-- Dumping data for table `Partners`
--

LOCK TABLES `Partners` WRITE;
/*!40000 ALTER TABLE `Partners` DISABLE KEYS */;
/*!40000 ALTER TABLE `Partners` ENABLE KEYS */;
UNLOCK TABLES;

--
-- Table structure for table `Persons`
--

DROP TABLE IF EXISTS `Persons`;
/*!40101 SET @saved_cs_client     = @@character_set_client */;
/*!40101 SET character_set_client = utf8 */;
CREATE TABLE `Persons` (
  `id` int(10) unsigned NOT NULL AUTO_INCREMENT,
  `address_id` int(10) unsigned DEFAULT NULL,
  `userRole_LIID` int(10) unsigned DEFAULT NULL,
  `licenseState_LIID` int(10) unsigned DEFAULT NULL,
  `vendor_id` varchar(50) DEFAULT NULL,
  `firm` varchar(100) DEFAULT NULL,
  `title` varchar(100) DEFAULT NULL,
  `password` varchar(128) DEFAULT NULL,
  `email` varchar(255) DEFAULT NULL,
  `firstName` varchar(50) DEFAULT NULL,
  `lastName` varchar(50) DEFAULT NULL,
  `initials` varchar(3) DEFAULT NULL,
  `reviewSettings` text,
  `licenseNumber` varchar(45) DEFAULT NULL,
  `searchSettings` text,
  `isActive` tinyint(1) NOT NULL DEFAULT '0',
  `primaryPhone` varchar(50) DEFAULT NULL,
  `secondaryPhone` varchar(50) DEFAULT NULL,
  `enableNotifications` tinyint(1) DEFAULT '1',
  `allowContributorDownloads` tinyint(1) NOT NULL DEFAULT '1',
  `createdAt` datetime NOT NULL DEFAULT CURRENT_TIMESTAMP,
  `updatedAt` datetime NOT NULL DEFAULT CURRENT_TIMESTAMP,
  `deletedAt` datetime DEFAULT NULL,
  `passwordUpdatedAt` datetime DEFAULT CURRENT_TIMESTAMP,
  `columnFilter` varchar(8000) DEFAULT NULL,
  PRIMARY KEY (`id`),
  UNIQUE KEY `email` (`email`),
  UNIQUE KEY `vendor_id_UNIQUE` (`vendor_id`),
  KEY `fk_address_id_idx` (`address_id`),
  KEY `fk_userRole_LIID_idx` (`userRole_LIID`),
  KEY `fk_licenseState_LIID_idx` (`licenseState_LIID`),
  KEY `isActive_idx` (`isActive`),
  KEY `email_idx` (`email`),
  KEY `firstName_idx` (`firstName`),
  KEY `lastName_idx` (`lastName`),
  KEY `deletedAt_idx` (`deletedAt`),
  CONSTRAINT `persons_ibfk_1` FOREIGN KEY (`address_id`) REFERENCES `Addresses` (`id`) ON DELETE SET NULL,
  CONSTRAINT `persons_ibfk_2` FOREIGN KEY (`userRole_LIID`) REFERENCES `ListItems` (`id`) ON DELETE SET NULL,
  CONSTRAINT `persons_ibfk_3` FOREIGN KEY (`licenseState_LIID`) REFERENCES `ListItems` (`id`) ON DELETE SET NULL
) ENGINE=InnoDB AUTO_INCREMENT=6 DEFAULT CHARSET=latin1;
/*!40101 SET character_set_client = @saved_cs_client */;

--
-- Dumping data for table `Persons`
--

LOCK TABLES `Persons` WRITE;
/*!40000 ALTER TABLE `Persons` DISABLE KEYS */;
INSERT INTO `Persons` VALUES (1,NULL,116,NULL,NULL,NULL,NULL,'$2a$08$MjyFEfFVpkLYL8XtGxS0Du0d.f37KVAtggyAhsSrwj1dmN.5LkNQy','admin@eplansoftreview.com','Admin','Admin','AA',NULL,NULL,NULL,1,NULL,NULL,1,1,'2019-07-26 21:28:36','2019-07-26 21:30:10',NULL,'2019-07-26 21:28:38','{\"projectsAwaitingIntake\":{\"headers\":{\"statusAbbreviation\":true,\"projectNumber\":true,\"address\":false,\"serviceArea\":true,\"name\":true,\"vendor_id\":false,\"referenceNumber\":false,\"projectType\":false,\"applicationType\":false,\"firstName\":false,\"cycle\":false,\"priority\":false,\"valuationAmount\":false,\"squareFootage\":false,\"buildingHeight\":false,\"fees\":false,\"createdAt\":false,\"startDate\":true,\"dueDate\":true,\"control\":true},\"disabled\":{\"projectNumber\":true,\"statusAbbreviation\":true},\"initialColumns\":{\"serviceArea\":true,\"projectNumber\":true,\"name\":true,\"statusAbbreviation\":true,\"startDate\":true,\"dueDate\":true,\"control\":true},\"numOfColumnsShown\":7},\"projectsInCycleComplete\":{\"headers\":{\"statusAbbreviation\":true,\"projectNumber\":true,\"address\":false,\"serviceArea\":true,\"name\":true,\"vendor_id\":false,\"referenceNumber\":false,\"projectType\":false,\"applicationType\":false,\"firstName\":false,\"cycle\":false,\"priority\":false,\"valuationAmount\":false,\"squareFootage\":false,\"buildingHeight\":false,\"fees\":false,\"createdAt\":false,\"startDate\":true,\"dueDate\":true,\"control\":true},\"disabled\":{\"projectNumber\":true,\"statusAbbreviation\":true},\"initialColumns\":{\"serviceArea\":true,\"projectNumber\":true,\"name\":true,\"statusAbbreviation\":true,\"startDate\":true,\"dueDate\":true,\"control\":true},\"numOfColumnsShown\":7},\"projectList\":{\"headers\":{\"purpose\":true,\"statusAbbreviation\":true,\"projectNumber\":true,\"address\":true,\"serviceArea\":true,\"name\":true,\"vendor_id\":false,\"referenceNumber\":false,\"projectType\":false,\"applicationType\":false,\"firstName\":false,\"cycle\":false,\"priority\":false,\"valuationAmount\":false,\"squareFootage\":false,\"buildingHeight\":false,\"fees\":false,\"createdAt\":false,\"startDate\":true,\"dueDate\":true,\"control\":true},\"disabled\":{\"statusAbbreviation\":true,\"projectNumber\":true},\"initialColumns\":{\"purpose\":true,\"statusAbbreviation\":true,\"projectNumber\":true,\"address\":true,\"name\":true,\"serviceArea\":true,\"startDate\":true,\"dueDate\":true,\"control\":true},\"numOfColumnsShown\":9},\"assignments\":{\"headers\":{\"person.fullName\":true,\"group\":true,\"status\":true,\"reviewType\":true,\"document.project.projectNumber\":true,\"vendor_id\":false,\"document.documentVersions[0].filename\":true,\"createdAt\":false,\"dateAssigned\":true,\"dateDueObject\":true,\"control\":true},\"disabled\":{\"group\":true,\"status\":true,\"document.project.projectNumber\":true},\"initialColumns\":{\"person.fullName\":true,\"group\":true,\"status\":true,\"reviewType\":true,\"document.project.projectNumber\":true,\"document.documentVersions[0].filename\":true,\"dateAssigned\":true,\"dateDueObject\":true,\"control\":true},\"numOfColumnsShown\":9}}'),(2,NULL,116,NULL,NULL,NULL,NULL,'$2a$08$MjyFEfFVpkLYL8XtGxS0Du0d.f37KVAtggyAhsSrwj1dmN.5LkNQy','partner@eplansoftreview.com','eplan','Admin','EA',NULL,NULL,NULL,0,NULL,NULL,1,1,'2019-07-26 21:28:36','2019-07-26 21:28:38',NULL,'2019-07-26 21:28:38',NULL),(3,10,116,NULL,NULL,NULL,NULL,'$2a$08$yWjwnbs2xtat28.Nu1guSurAynxmDZ0729b1YIbNPV5NFzY.usWk.','eric@eplansoft.com','eric','vu',NULL,'{\"bypassForeground\":true,\"bypassChangingOverlayOriginal\":false,\"documentColor\":{\"foreground\":\"#ff0000\",\"background\":\"#ffffff\",\"mainBackground\":\"#37474F\",\"overlayOriginal\":\"#00ffff\",\"overlay\":\"#ff00ff\"},\"mapControl\":{\"zoom\":1,\"center\":[5419243.836967918,-4423137.22235825]},\"layers\":{\"rulers\":true,\"background\":true,\"calibration\":true,\"sketches.131\":true,\"comments.131\":true,\"commentsClosed.131\":true,\"stamps.131\":true,\"measurements.131\":true,\"sketches.130\":true,\"comments.130\":true,\"commentsClosed.130\":true,\"stamps.130\":true,\"measurements.130\":true,\"sketches\":true,\"comments\":true,\"commentsClosed\":true,\"stamps\":true,\"measurements\":true},\"styleProperties\":{\"fill\":[209,58,58],\"fill-opacity\":0.6,\"stroke\":[209,58,58],\"stroke-opacity\":1,\"stroke-width\":1,\"line-dash\":[0,0]},\"leftPanelTab\":0,\"openLeftSideNav\":true,\"openRightSideNav\":true,\"toolbarPosition\":{\"x\":1074,\"y\":49,\"isVertical\":true},\"markupDetailPosition\":{\"x\":462,\"y\":10}}',NULL,NULL,1,NULL,NULL,1,1,'2019-08-01 18:15:14','2019-08-15 22:24:43',NULL,'2019-08-01 18:15:14','{\"projectsAwaitingIntake\":{\"headers\":{\"statusAbbreviation\":true,\"projectNumber\":true,\"address\":false,\"serviceArea\":true,\"name\":true,\"vendor_id\":false,\"referenceNumber\":false,\"projectType\":false,\"applicationType\":false,\"firstName\":false,\"cycle\":false,\"priority\":false,\"valuationAmount\":false,\"squareFootage\":false,\"buildingHeight\":false,\"fees\":false,\"createdAt\":false,\"startDate\":true,\"dueDate\":true,\"control\":true},\"disabled\":{\"projectNumber\":true,\"statusAbbreviation\":true},\"initialColumns\":{\"serviceArea\":true,\"projectNumber\":true,\"name\":true,\"statusAbbreviation\":true,\"startDate\":true,\"dueDate\":true,\"control\":true},\"numOfColumnsShown\":7},\"projectsInCycleComplete\":{\"headers\":{\"statusAbbreviation\":true,\"projectNumber\":true,\"address\":false,\"serviceArea\":true,\"name\":true,\"vendor_id\":false,\"referenceNumber\":false,\"projectType\":false,\"applicationType\":false,\"firstName\":false,\"cycle\":false,\"priority\":false,\"valuationAmount\":false,\"squareFootage\":false,\"buildingHeight\":false,\"fees\":false,\"createdAt\":false,\"startDate\":true,\"dueDate\":true,\"control\":true},\"disabled\":{\"projectNumber\":true,\"statusAbbreviation\":true},\"initialColumns\":{\"serviceArea\":true,\"projectNumber\":true,\"name\":true,\"statusAbbreviation\":true,\"startDate\":true,\"dueDate\":true,\"control\":true},\"numOfColumnsShown\":7},\"projectList\":{\"headers\":{\"purpose\":true,\"statusAbbreviation\":true,\"projectNumber\":true,\"address\":true,\"serviceArea\":true,\"name\":true,\"vendor_id\":false,\"referenceNumber\":false,\"projectType\":false,\"applicationType\":false,\"firstName\":false,\"cycle\":false,\"priority\":false,\"valuationAmount\":false,\"squareFootage\":false,\"buildingHeight\":false,\"fees\":false,\"createdAt\":false,\"startDate\":true,\"dueDate\":true,\"control\":true},\"disabled\":{\"statusAbbreviation\":true,\"projectNumber\":true},\"initialColumns\":{\"purpose\":true,\"statusAbbreviation\":true,\"projectNumber\":true,\"address\":true,\"name\":true,\"serviceArea\":true,\"startDate\":true,\"dueDate\":true,\"control\":true},\"numOfColumnsShown\":9},\"assignments\":{\"headers\":{\"person.fullName\":true,\"group\":true,\"status\":true,\"reviewType\":true,\"document.project.projectNumber\":true,\"vendor_id\":true,\"document.documentVersions[0].filename\":true,\"createdAt\":false,\"dateAssigned\":false,\"dateDueObject\":false,\"control\":true},\"disabled\":{\"group\":true,\"status\":true,\"document.project.projectNumber\":true},\"initialColumns\":{\"person.fullName\":true,\"group\":true,\"status\":true,\"reviewType\":true,\"document.project.projectNumber\":true,\"document.documentVersions[0].filename\":true,\"dateAssigned\":true,\"dateDueObject\":true,\"control\":true},\"numOfColumnsShown\":8}}'),(4,13,116,NULL,NULL,NULL,NULL,'$2a$08$yWjwnbs2xtat28.Nu1guSurAynxmDZ0729b1YIbNPV5NFzY.usWk.','pc@gmail.com','project','coordinator',NULL,'{\"bypassForeground\":true,\"bypassChangingOverlayOriginal\":false,\"documentColor\":{\"foreground\":\"#ff0000\",\"background\":\"#ffffff\",\"mainBackground\":\"#37474F\",\"overlayOriginal\":\"#00ffff\",\"overlay\":\"#ff00ff\"},\"mapControl\":{\"zoom\":1,\"center\":[5419243.836967918,-4423137.22235825]},\"layers\":{\"rulers\":true,\"background\":true,\"calibration\":true,\"sketches.131\":true,\"comments.131\":true,\"commentsClosed.131\":true,\"stamps.131\":true,\"measurements.131\":true,\"sketches.130\":true,\"comments.130\":true,\"commentsClosed.130\":true,\"stamps.130\":true,\"measurements.130\":true,\"sketches\":true,\"comments\":true,\"commentsClosed\":true,\"stamps\":true,\"measurements\":true},\"styleProperties\":{\"fill\":[209,58,58],\"fill-opacity\":0.6,\"stroke\":[209,58,58],\"stroke-opacity\":1,\"stroke-width\":1,\"line-dash\":[0,0]},\"leftPanelTab\":0,\"openLeftSideNav\":true,\"openRightSideNav\":true,\"toolbarPosition\":{\"x\":1074,\"y\":49,\"isVertical\":true},\"markupDetailPosition\":{\"x\":462,\"y\":10}}',NULL,NULL,1,NULL,NULL,1,1,'2019-08-12 17:43:16','2019-08-12 17:43:16',NULL,'2019-08-12 17:43:16','{\"projectsAwaitingIntake\":{\"headers\":{\"statusAbbreviation\":true,\"projectNumber\":true,\"address\":false,\"serviceArea\":true,\"name\":true,\"vendor_id\":false,\"referenceNumber\":false,\"projectType\":false,\"applicationType\":false,\"firstName\":false,\"cycle\":false,\"priority\":false,\"valuationAmount\":false,\"squareFootage\":false,\"buildingHeight\":false,\"fees\":false,\"createdAt\":false,\"startDate\":true,\"dueDate\":true,\"control\":true},\"disabled\":{\"projectNumber\":true,\"statusAbbreviation\":true},\"initialColumns\":{\"serviceArea\":true,\"projectNumber\":true,\"name\":true,\"statusAbbreviation\":true,\"startDate\":true,\"dueDate\":true,\"control\":true},\"numOfColumnsShown\":7},\"projectsInCycleComplete\":{\"headers\":{\"statusAbbreviation\":true,\"projectNumber\":true,\"address\":false,\"serviceArea\":true,\"name\":true,\"vendor_id\":false,\"referenceNumber\":false,\"projectType\":false,\"applicationType\":false,\"firstName\":false,\"cycle\":false,\"priority\":false,\"valuationAmount\":false,\"squareFootage\":false,\"buildingHeight\":false,\"fees\":false,\"createdAt\":false,\"startDate\":true,\"dueDate\":true,\"control\":true},\"disabled\":{\"projectNumber\":true,\"statusAbbreviation\":true},\"initialColumns\":{\"serviceArea\":true,\"projectNumber\":true,\"name\":true,\"statusAbbreviation\":true,\"startDate\":true,\"dueDate\":true,\"control\":true},\"numOfColumnsShown\":7},\"projectList\":{\"headers\":{\"purpose\":true,\"statusAbbreviation\":true,\"projectNumber\":true,\"address\":true,\"serviceArea\":true,\"name\":true,\"vendor_id\":false,\"referenceNumber\":false,\"projectType\":false,\"applicationType\":false,\"firstName\":false,\"cycle\":false,\"priority\":false,\"valuationAmount\":false,\"squareFootage\":false,\"buildingHeight\":false,\"fees\":false,\"createdAt\":false,\"startDate\":true,\"dueDate\":true,\"control\":true},\"disabled\":{\"statusAbbreviation\":true,\"projectNumber\":true},\"initialColumns\":{\"purpose\":true,\"statusAbbreviation\":true,\"projectNumber\":true,\"address\":true,\"name\":true,\"serviceArea\":true,\"startDate\":true,\"dueDate\":true,\"control\":true},\"numOfColumnsShown\":9},\"assignments\":{\"headers\":{\"person.fullName\":true,\"group\":true,\"status\":true,\"reviewType\":true,\"document.project.projectNumber\":true,\"vendor_id\":true,\"document.documentVersions[0].filename\":true,\"createdAt\":false,\"dateAssigned\":false,\"dateDueObject\":false,\"control\":true},\"disabled\":{\"group\":true,\"status\":true,\"document.project.projectNumber\":true},\"initialColumns\":{\"person.fullName\":true,\"group\":true,\"status\":true,\"reviewType\":true,\"document.project.projectNumber\":true,\"document.documentVersions[0].filename\":true,\"dateAssigned\":true,\"dateDueObject\":true,\"control\":true},\"numOfColumnsShown\":8}}'),(5,17,116,NULL,NULL,NULL,NULL,'$2a$08$6.KtG6Im5nx7GemPp2RYcuv8OFVXLPMrxlJMCSzcOIP7NIkI1o8y.','eric2@eplansoft.com','eric2','vu',NULL,NULL,NULL,NULL,1,NULL,NULL,1,1,'2019-08-20 18:31:44','2019-08-20 18:32:26',NULL,'2019-08-20 18:31:44','{\"projectList\":{\"headers\":{\"purpose\":true,\"statusAbbreviation\":true,\"projectNumber\":true,\"address\":true,\"serviceArea\":true,\"name\":true,\"vendor_id\":false,\"referenceNumber\":false,\"projectType\":false,\"applicationType\":false,\"firstName\":false,\"cycle\":false,\"priority\":false,\"valuationAmount\":false,\"squareFootage\":false,\"buildingHeight\":false,\"fees\":false,\"createdAt\":false,\"startDate\":true,\"dueDate\":true,\"control\":true},\"disabled\":{\"statusAbbreviation\":true,\"projectNumber\":true},\"initialColumns\":{\"purpose\":true,\"statusAbbreviation\":true,\"projectNumber\":true,\"address\":true,\"name\":true,\"serviceArea\":true,\"startDate\":true,\"dueDate\":true,\"control\":true},\"numOfColumnsShown\":9},\"assignments\":{\"headers\":{\"person.fullName\":true,\"group\":true,\"status\":true,\"reviewType\":true,\"document.project.projectNumber\":true,\"vendor_id\":false,\"document.documentVersions[0].filename\":true,\"createdAt\":false,\"dateAssigned\":true,\"dateDueObject\":true,\"control\":true},\"disabled\":{\"group\":true,\"status\":true,\"document.project.projectNumber\":true},\"initialColumns\":{\"person.fullName\":true,\"group\":true,\"status\":true,\"reviewType\":true,\"document.project.projectNumber\":true,\"document.documentVersions[0].filename\":true,\"dateAssigned\":true,\"dateDueObject\":true,\"control\":true},\"numOfColumnsShown\":9}}');
/*!40000 ALTER TABLE `Persons` ENABLE KEYS */;
UNLOCK TABLES;

--
-- Table structure for table `ProjectAttachments`
--

DROP TABLE IF EXISTS `ProjectAttachments`;
/*!40101 SET @saved_cs_client     = @@character_set_client */;
/*!40101 SET character_set_client = utf8 */;
CREATE TABLE `ProjectAttachments` (
  `id` int(10) unsigned NOT NULL AUTO_INCREMENT,
  `project_id` int(10) unsigned NOT NULL,
  `reportType_LIID` int(10) unsigned DEFAULT NULL,
  `vendor_id` varchar(50) DEFAULT NULL,
  `filename` varchar(255) NOT NULL,
  `createdAt` datetime NOT NULL DEFAULT CURRENT_TIMESTAMP,
  `updatedAt` datetime NOT NULL DEFAULT CURRENT_TIMESTAMP,
  `deletedAt` datetime DEFAULT NULL,
  PRIMARY KEY (`id`),
  UNIQUE KEY `vendor_id_UNIQUE` (`vendor_id`),
  KEY `fk_project_id_idx` (`project_id`),
  KEY `filename_idx` (`filename`),
  KEY `deletedAt_idx` (`deletedAt`),
  KEY `fk_reportType_LIID_idx` (`reportType_LIID`),
  CONSTRAINT `ProjectAttachments_reportType_LIID_foreign_idx` FOREIGN KEY (`reportType_LIID`) REFERENCES `ListItems` (`id`) ON DELETE SET NULL,
  CONSTRAINT `projectattachments_ibfk_1` FOREIGN KEY (`project_id`) REFERENCES `Projects` (`id`)
) ENGINE=InnoDB AUTO_INCREMENT=25 DEFAULT CHARSET=latin1;
/*!40101 SET character_set_client = @saved_cs_client */;

--
-- Dumping data for table `ProjectAttachments`
--

LOCK TABLES `ProjectAttachments` WRITE;
/*!40000 ALTER TABLE `ProjectAttachments` DISABLE KEYS */;
INSERT INTO `ProjectAttachments` VALUES (1,14,NULL,NULL,'Eric Report Title','2019-09-10 20:38:23','2019-09-10 20:38:23',NULL),(2,14,NULL,NULL,'jsReportTitle','2019-09-10 20:39:53','2019-09-10 20:39:53',NULL),(3,14,NULL,NULL,'Eric Report Title','2019-09-10 20:44:21','2019-09-10 20:44:21',NULL),(4,14,NULL,NULL,'jsReportTitle','2019-09-10 20:46:20','2019-09-10 20:46:20',NULL),(5,14,NULL,NULL,'EPR Corrections Report','2019-09-10 20:51:43','2019-09-10 20:51:43',NULL),(6,14,NULL,NULL,'EPR Corrections Report','2019-09-10 21:02:16','2019-09-10 21:02:16',NULL),(7,14,NULL,NULL,'EPR Corrections Report','2019-09-10 21:03:48','2019-09-10 21:03:48',NULL),(8,14,NULL,NULL,'EPR Corrections Report','2019-09-10 21:04:31','2019-09-10 21:04:31',NULL),(9,14,NULL,NULL,'EPR Corrections Report','2019-09-10 21:05:29','2019-09-10 21:05:29',NULL),(10,14,NULL,NULL,'jsReportTitle','2019-09-10 21:07:00','2019-09-10 21:07:00',NULL),(11,14,NULL,NULL,'EPR Corrections Report','2019-09-10 21:14:17','2019-09-10 21:14:17',NULL),(12,14,NULL,NULL,'EPR Corrections Report','2019-09-10 21:43:08','2019-09-10 21:43:08',NULL),(13,14,NULL,NULL,'EPR Corrections Report','2019-09-10 21:44:02','2019-09-10 21:44:02',NULL),(14,14,NULL,NULL,'EPR Corrections Report','2019-09-10 21:45:37','2019-09-10 21:45:37',NULL),(15,14,NULL,NULL,'EPR Corrections Report','2019-09-10 21:50:21','2019-09-10 21:50:21',NULL),(16,14,NULL,NULL,'EPR Corrections Report','2019-09-10 21:50:55','2019-09-10 21:50:55',NULL),(17,14,NULL,NULL,'EricTemplateV3','2019-09-10 21:51:40','2019-09-10 21:51:40',NULL),(18,14,NULL,NULL,'EricTemplateV3','2019-09-10 21:52:02','2019-09-10 21:52:02',NULL),(19,14,NULL,NULL,'EPR Corrections Report','2019-09-10 21:52:26','2019-09-10 21:52:26',NULL),(20,14,NULL,NULL,'EPR Corrections Report.pdf','2019-09-10 21:55:09','2019-09-10 21:55:09',NULL),(21,14,NULL,NULL,'Eric Report Title.pdf','2019-09-10 22:24:32','2019-09-10 22:24:32',NULL),(22,14,NULL,NULL,'EPR Corrections Report.pdf','2019-09-10 23:29:44','2019-09-10 23:29:44',NULL),(23,14,NULL,NULL,'EPR Corrections Report.pdf','2019-09-11 18:20:30','2019-09-11 18:20:30',NULL),(24,13,NULL,NULL,'The Nightmare Before Dingle.pdf','2019-09-27 21:18:06','2019-09-27 21:18:06',NULL);
/*!40000 ALTER TABLE `ProjectAttachments` ENABLE KEYS */;
UNLOCK TABLES;

--
-- Table structure for table `ProjectPersons`
--

DROP TABLE IF EXISTS `ProjectPersons`;
/*!40101 SET @saved_cs_client     = @@character_set_client */;
/*!40101 SET character_set_client = utf8 */;
CREATE TABLE `ProjectPersons` (
  `id` int(10) unsigned NOT NULL AUTO_INCREMENT,
  `project_id` int(10) unsigned NOT NULL,
  `user_id` int(10) unsigned NOT NULL,
  `projectRole_LIID` int(10) unsigned DEFAULT NULL,
  `vendor_id` varchar(50) DEFAULT NULL,
  `isActive` tinyint(1) NOT NULL DEFAULT '1',
  `isPrimary` tinyint(1) NOT NULL DEFAULT '0',
  `createdAt` datetime NOT NULL DEFAULT CURRENT_TIMESTAMP,
  `updatedAt` datetime NOT NULL DEFAULT CURRENT_TIMESTAMP,
  `deletedAt` datetime DEFAULT NULL,
  `isTeamMember` tinyint(1) DEFAULT NULL,
  PRIMARY KEY (`id`),
  UNIQUE KEY `project_user_projectRole_UNIQUE` (`project_id`,`user_id`,`projectRole_LIID`),
  UNIQUE KEY `vendor_id_UNIQUE` (`vendor_id`),
  UNIQUE KEY `project_user_teamMember_UNIQUE` (`project_id`,`user_id`,`isTeamMember`),
  KEY `fk_project_id_idx` (`project_id`),
  KEY `fk_user_id_idx` (`user_id`),
  KEY `fk_projectRole_LIID_idx` (`projectRole_LIID`),
  KEY `deletedAt_idx` (`deletedAt`),
  CONSTRAINT `projectpersons_ibfk_1` FOREIGN KEY (`project_id`) REFERENCES `Projects` (`id`),
  CONSTRAINT `projectpersons_ibfk_2` FOREIGN KEY (`user_id`) REFERENCES `Persons` (`id`),
  CONSTRAINT `projectpersons_ibfk_3` FOREIGN KEY (`projectRole_LIID`) REFERENCES `ListItems` (`id`)
) ENGINE=InnoDB AUTO_INCREMENT=17 DEFAULT CHARSET=latin1;
/*!40101 SET character_set_client = @saved_cs_client */;

--
-- Dumping data for table `ProjectPersons`
--

LOCK TABLES `ProjectPersons` WRITE;
/*!40000 ALTER TABLE `ProjectPersons` DISABLE KEYS */;
INSERT INTO `ProjectPersons` VALUES (1,1,1,NULL,NULL,1,0,'2019-07-26 21:29:35','2019-07-26 21:29:35',NULL,1),(2,2,1,NULL,NULL,1,0,'2019-07-26 22:30:53','2019-07-26 22:30:53',NULL,1),(3,3,1,NULL,NULL,1,0,'2019-07-29 18:24:38','2019-07-29 18:24:38',NULL,1),(4,4,1,NULL,NULL,1,0,'2019-07-29 21:43:01','2019-07-29 21:43:01',NULL,1),(5,5,1,NULL,NULL,1,0,'2019-07-29 23:07:30','2019-07-29 23:07:30',NULL,1),(6,6,1,NULL,NULL,1,0,'2019-07-30 17:24:19','2019-07-30 17:24:19',NULL,1),(7,7,1,NULL,NULL,1,0,'2019-07-30 17:27:45','2019-07-30 17:27:45',NULL,1),(8,8,1,NULL,NULL,1,0,'2019-07-31 20:46:30','2019-07-31 20:46:30',NULL,1),(9,9,1,NULL,NULL,1,0,'2019-08-01 03:28:49','2019-08-01 03:28:49',NULL,1),(10,10,3,NULL,NULL,1,0,'2019-08-05 16:46:44','2019-08-05 16:46:44',NULL,1),(11,11,3,NULL,NULL,1,0,'2019-08-05 19:17:16','2019-08-05 19:17:16',NULL,1),(12,12,3,NULL,NULL,1,0,'2019-08-12 23:36:38','2019-08-12 23:36:38',NULL,1),(13,13,3,NULL,NULL,1,0,'2019-08-19 17:25:42','2019-08-19 17:25:42',NULL,1),(14,14,3,NULL,NULL,1,0,'2019-08-20 15:35:28','2019-08-20 15:35:28',NULL,1),(15,14,4,NULL,NULL,1,0,'2019-08-20 18:50:21','2019-08-20 18:50:21',NULL,1),(16,15,3,NULL,NULL,1,0,'2019-08-21 15:51:08','2019-08-21 15:51:08',NULL,1);
/*!40000 ALTER TABLE `ProjectPersons` ENABLE KEYS */;
UNLOCK TABLES;

--
-- Table structure for table `Projects`
--

DROP TABLE IF EXISTS `Projects`;
/*!40101 SET @saved_cs_client     = @@character_set_client */;
/*!40101 SET character_set_client = utf8 */;
CREATE TABLE `Projects` (
  `id` int(10) unsigned NOT NULL AUTO_INCREMENT,
  `address_id` int(10) unsigned DEFAULT NULL,
  `managerUser_id` int(10) unsigned DEFAULT NULL,
  `occupancyType_LIID` int(10) unsigned DEFAULT NULL,
  `constructionType_LIID` int(10) unsigned DEFAULT NULL,
  `applicationType_LIID` int(10) unsigned DEFAULT NULL,
  `serviceArea_LIID` int(10) unsigned DEFAULT NULL,
  `code_LIID` int(10) unsigned DEFAULT NULL,
  `cycle_LIID` int(10) unsigned DEFAULT NULL,
  `status_LIID` int(10) unsigned NOT NULL,
  `priority_LIID` int(10) unsigned DEFAULT NULL,
  `projectType_LIID` int(10) unsigned DEFAULT NULL,
  `vendor_id` varchar(50) CHARACTER SET latin1 DEFAULT NULL,
  `projectNumber` varchar(255) CHARACTER SET latin1 NOT NULL,
  `name` varchar(255) CHARACTER SET latin1 DEFAULT NULL,
  `notes` text,
  `use` varchar(255) CHARACTER SET latin1 DEFAULT NULL,
  `scopeOfWork` text,
  `valuationAmount` decimal(13,2) DEFAULT NULL,
  `squareFootage` decimal(13,2) DEFAULT NULL,
  `buildingHeight` decimal(13,2) DEFAULT NULL,
  `startDate` datetime DEFAULT NULL,
  `dueDate` datetime DEFAULT NULL,
  `isContributorAccessAllowed` tinyint(1) NOT NULL DEFAULT '0',
  `referenceNumber` varchar(255) CHARACTER SET latin1 DEFAULT NULL,
  `purpose_id` int(10) unsigned NOT NULL,
  `createdAt` datetime NOT NULL DEFAULT CURRENT_TIMESTAMP,
  `updatedAt` datetime NOT NULL DEFAULT CURRENT_TIMESTAMP,
  `deletedAt` datetime DEFAULT NULL,
  `statusUpdatedAt` datetime NOT NULL DEFAULT CURRENT_TIMESTAMP,
  `fees` decimal(13,2) DEFAULT NULL,
  PRIMARY KEY (`id`),
  UNIQUE KEY `projectNumber_UNIQUE` (`projectNumber`),
  UNIQUE KEY `vendor_id_UNIQUE` (`vendor_id`),
  KEY `occupancyType_LIID` (`occupancyType_LIID`),
  KEY `constructionType_LIID` (`constructionType_LIID`),
  KEY `unitType_LIID` (`applicationType_LIID`),
  KEY `serviceArea_LIID` (`serviceArea_LIID`),
  KEY `code_LIID` (`code_LIID`),
  KEY `cycle_LIID` (`cycle_LIID`),
  KEY `status_LIID` (`status_LIID`),
  KEY `priority_LIID` (`priority_LIID`),
  KEY `idx_startDate` (`startDate`),
  KEY `idx_dueDate` (`dueDate`),
  KEY `idx_name` (`name`),
  KEY `Projects_Projects_ibfk_purpose_id_foreign_idx` (`purpose_id`),
  KEY `Projects_address_id_foreign_idx` (`address_id`),
  KEY `Projects_managerUser_id_foreign_idx` (`managerUser_id`),
  KEY `deletedAt_idx` (`deletedAt`),
  KEY `projectType_LIID` (`projectType_LIID`),
  CONSTRAINT `Projects_Projects_ibfk_purpose_id_foreign_idx` FOREIGN KEY (`purpose_id`) REFERENCES `Purposes` (`id`),
  CONSTRAINT `Projects_address_id_foreign_idx` FOREIGN KEY (`address_id`) REFERENCES `Addresses` (`id`),
  CONSTRAINT `Projects_managerUser_id_foreign_idx` FOREIGN KEY (`managerUser_id`) REFERENCES `Persons` (`id`),
  CONSTRAINT `Projects_projectType_LIID_foreign_idx` FOREIGN KEY (`projectType_LIID`) REFERENCES `ListItems` (`id`) ON DELETE SET NULL,
  CONSTRAINT `projects_ibfk_1` FOREIGN KEY (`occupancyType_LIID`) REFERENCES `ListItems` (`id`) ON DELETE SET NULL,
  CONSTRAINT `projects_ibfk_10` FOREIGN KEY (`priority_LIID`) REFERENCES `ListItems` (`id`) ON DELETE SET NULL,
  CONSTRAINT `projects_ibfk_2` FOREIGN KEY (`constructionType_LIID`) REFERENCES `ListItems` (`id`) ON DELETE SET NULL,
  CONSTRAINT `projects_ibfk_3` FOREIGN KEY (`applicationType_LIID`) REFERENCES `ListItems` (`id`) ON DELETE SET NULL,
  CONSTRAINT `projects_ibfk_4` FOREIGN KEY (`serviceArea_LIID`) REFERENCES `ListItems` (`id`) ON DELETE SET NULL,
  CONSTRAINT `projects_ibfk_5` FOREIGN KEY (`code_LIID`) REFERENCES `ListItems` (`id`) ON DELETE SET NULL,
  CONSTRAINT `projects_ibfk_6` FOREIGN KEY (`cycle_LIID`) REFERENCES `ListItems` (`id`) ON DELETE SET NULL,
  CONSTRAINT `projects_ibfk_9` FOREIGN KEY (`status_LIID`) REFERENCES `ListItems` (`id`)
) ENGINE=InnoDB AUTO_INCREMENT=16 DEFAULT CHARSET=utf8mb4;
/*!40101 SET character_set_client = @saved_cs_client */;

--
-- Dumping data for table `Projects`
--

LOCK TABLES `Projects` WRITE;
/*!40000 ALTER TABLE `Projects` DISABLE KEYS */;
INSERT INTO `Projects` VALUES (1,1,NULL,NULL,NULL,NULL,NULL,NULL,259,299,NULL,341,NULL,'test1',NULL,'',NULL,'',NULL,NULL,NULL,NULL,NULL,1,NULL,2,'2019-07-26 21:29:35','2019-07-26 21:29:35',NULL,'2019-07-26 21:29:24',NULL),(2,2,NULL,NULL,NULL,NULL,NULL,NULL,259,299,NULL,341,NULL,'test2',NULL,'',NULL,'',NULL,NULL,NULL,NULL,NULL,1,NULL,2,'2019-07-26 22:30:53','2019-07-26 22:30:53',NULL,'2019-07-26 22:30:41',NULL),(3,3,NULL,NULL,NULL,NULL,NULL,NULL,259,299,NULL,342,NULL,'multiselect',NULL,'',NULL,'',NULL,NULL,NULL,NULL,NULL,1,NULL,2,'2019-07-29 18:24:38','2019-07-29 18:24:38',NULL,'2019-07-29 18:24:23',NULL),(4,4,NULL,NULL,NULL,NULL,NULL,NULL,259,299,NULL,341,NULL,'counter',NULL,'',NULL,'',NULL,NULL,NULL,NULL,NULL,1,NULL,2,'2019-07-29 21:43:01','2019-07-29 21:43:01',NULL,'2019-07-29 21:42:35',NULL),(5,5,NULL,NULL,NULL,NULL,NULL,NULL,259,299,NULL,341,NULL,'counter-2',NULL,'',NULL,'',NULL,NULL,NULL,NULL,NULL,1,NULL,2,'2019-07-29 23:07:30','2019-07-29 23:07:30',NULL,'2019-07-29 23:07:18',NULL),(6,6,NULL,NULL,NULL,NULL,NULL,NULL,259,299,NULL,341,NULL,'counter-print',NULL,'',NULL,'',NULL,NULL,NULL,NULL,NULL,1,NULL,2,'2019-07-30 17:24:19','2019-07-30 17:24:19',NULL,'2019-07-30 17:24:06',NULL),(7,7,NULL,NULL,NULL,NULL,NULL,NULL,259,299,NULL,341,NULL,'counter-print-2',NULL,'',NULL,'',NULL,NULL,NULL,NULL,NULL,1,NULL,2,'2019-07-30 17:27:45','2019-07-30 17:27:45',NULL,'2019-07-30 17:26:32',NULL),(8,8,NULL,NULL,NULL,NULL,NULL,NULL,259,299,NULL,341,NULL,'counterversioning',NULL,'',NULL,'',NULL,NULL,NULL,NULL,NULL,1,NULL,2,'2019-07-31 20:46:30','2019-07-31 20:46:30',NULL,'2019-07-31 20:46:17',NULL),(9,9,NULL,NULL,NULL,NULL,NULL,NULL,259,299,NULL,342,NULL,'counterversioning2',NULL,'',NULL,'',NULL,NULL,NULL,NULL,NULL,1,NULL,2,'2019-08-01 03:28:49','2019-08-01 03:28:49',NULL,'2019-08-01 03:28:38',NULL),(10,11,NULL,NULL,NULL,NULL,NULL,NULL,259,299,NULL,341,NULL,'textboxprint',NULL,'',NULL,'',NULL,NULL,NULL,NULL,NULL,1,NULL,2,'2019-08-05 16:46:44','2019-08-05 16:46:44',NULL,'2019-08-05 16:46:32',NULL),(11,12,NULL,NULL,NULL,NULL,NULL,NULL,259,301,NULL,341,NULL,'textbox1page',NULL,'',NULL,'',NULL,NULL,NULL,NULL,NULL,1,NULL,2,'2019-08-05 19:17:16','2019-08-07 20:26:44',NULL,'2019-08-07 20:26:44',NULL),(12,14,NULL,NULL,NULL,NULL,NULL,NULL,259,299,NULL,341,NULL,'deliverable',NULL,'',NULL,'',NULL,NULL,NULL,NULL,NULL,1,NULL,2,'2019-08-12 23:36:38','2019-08-12 23:36:38',NULL,'2019-08-12 23:36:28',NULL),(13,15,NULL,NULL,NULL,NULL,NULL,NULL,259,299,NULL,341,NULL,'pinned-comment-select',NULL,'',NULL,'',NULL,NULL,NULL,NULL,NULL,1,NULL,2,'2019-08-19 17:25:42','2019-08-19 17:25:42',NULL,'2019-08-19 17:25:27',NULL),(14,16,3,NULL,NULL,NULL,NULL,NULL,259,299,NULL,341,NULL,'EPR-1530',NULL,'',NULL,'',NULL,NULL,NULL,NULL,NULL,1,NULL,2,'2019-08-20 15:35:28','2019-08-20 15:35:28',NULL,'2019-08-20 15:34:44',NULL),(15,18,NULL,NULL,NULL,NULL,NULL,NULL,259,299,NULL,341,NULL,'commentowner',NULL,'',NULL,'',NULL,NULL,NULL,NULL,NULL,1,NULL,2,'2019-08-21 15:51:08','2019-08-21 15:51:08',NULL,'2019-08-21 15:50:55',NULL);
/*!40000 ALTER TABLE `Projects` ENABLE KEYS */;
UNLOCK TABLES;

--
-- Table structure for table `Purposes`
--

DROP TABLE IF EXISTS `Purposes`;
/*!40101 SET @saved_cs_client     = @@character_set_client */;
/*!40101 SET character_set_client = utf8 */;
CREATE TABLE `Purposes` (
  `id` int(10) unsigned NOT NULL AUTO_INCREMENT,
  `vendor_id` varchar(50) DEFAULT NULL,
  `key` varchar(100) NOT NULL,
  `label` varchar(100) NOT NULL,
  `createdAt` datetime NOT NULL DEFAULT CURRENT_TIMESTAMP,
  `updatedAt` datetime NOT NULL DEFAULT CURRENT_TIMESTAMP,
  `deletedAt` datetime DEFAULT NULL,
  PRIMARY KEY (`id`),
  UNIQUE KEY `key` (`key`),
  UNIQUE KEY `uidx-key` (`key`),
  UNIQUE KEY `key_2` (`key`),
  UNIQUE KEY `uidx-vendor` (`vendor_id`),
  KEY `uidx-deletedAt` (`deletedAt`)
) ENGINE=InnoDB AUTO_INCREMENT=4 DEFAULT CHARSET=latin1;
/*!40101 SET character_set_client = @saved_cs_client */;

--
-- Dumping data for table `Purposes`
--

LOCK TABLES `Purposes` WRITE;
/*!40000 ALTER TABLE `Purposes` DISABLE KEYS */;
INSERT INTO `Purposes` VALUES (1,NULL,'General','General','2019-07-26 21:28:35','2019-07-26 21:28:35',NULL),(2,NULL,'ForPermitting','For Permitting','2019-07-26 21:28:35','2019-07-26 21:28:35',NULL),(3,NULL,'ForDesignReview','For Design Review','2019-07-26 21:28:35','2019-07-26 21:28:35',NULL);
/*!40000 ALTER TABLE `Purposes` ENABLE KEYS */;
UNLOCK TABLES;

--
-- Table structure for table `RenderStatus`
--

DROP TABLE IF EXISTS `RenderStatus`;
/*!40101 SET @saved_cs_client     = @@character_set_client */;
/*!40101 SET character_set_client = utf8 */;
CREATE TABLE `RenderStatus` (
  `id` int(10) unsigned NOT NULL AUTO_INCREMENT,
  `startTimeStamp` double NOT NULL,
  `status` varchar(255) NOT NULL,
  `deliverable_id` int(10) unsigned DEFAULT NULL,
  `attachment_id` int(10) unsigned DEFAULT NULL,
  `documentVersion_id` int(10) unsigned DEFAULT NULL,
  `documentPageVersion_id` int(10) unsigned DEFAULT NULL,
  `time` double DEFAULT '0',
  `note` text,
  `createdAt` datetime NOT NULL DEFAULT CURRENT_TIMESTAMP,
  `updatedAt` datetime NOT NULL DEFAULT CURRENT_TIMESTAMP,
  `deletedAt` datetime DEFAULT NULL,
  PRIMARY KEY (`id`),
  KEY `fk_documentVersion_id_idx` (`documentVersion_id`),
  KEY `fk_documentPageVersion_id_idx` (`documentPageVersion_id`),
  KEY `status_idx` (`status`(1)),
  KEY `startTimeStamp_idx` (`startTimeStamp`),
  KEY `fk_deliverable_id_idx` (`deliverable_id`),
  KEY `fk_attachment_id_idx` (`attachment_id`),
  CONSTRAINT `RenderStatus_attachment_id_foreign_idx` FOREIGN KEY (`attachment_id`) REFERENCES `ProjectAttachments` (`id`) ON DELETE SET NULL,
  CONSTRAINT `RenderStatus_deliverable_id_foreign_idx` FOREIGN KEY (`deliverable_id`) REFERENCES `Deliverables` (`id`) ON DELETE SET NULL,
  CONSTRAINT `renderstatus_ibfk_1` FOREIGN KEY (`documentVersion_id`) REFERENCES `DocumentVersions` (`id`),
  CONSTRAINT `renderstatus_ibfk_2` FOREIGN KEY (`documentPageVersion_id`) REFERENCES `DocumentPageVersions` (`id`)
) ENGINE=InnoDB AUTO_INCREMENT=201 DEFAULT CHARSET=latin1;
/*!40101 SET character_set_client = @saved_cs_client */;

--
-- Dumping data for table `RenderStatus`
--

LOCK TABLES `RenderStatus` WRITE;
/*!40000 ALTER TABLE `RenderStatus` DISABLE KEYS */;
INSERT INTO `RenderStatus` VALUES (1,1564507704538,'rendering',NULL,NULL,6,14,0,NULL,'2019-07-30 17:28:24','2019-07-30 17:28:24',NULL),(2,1564507704538,'rendering',NULL,NULL,6,15,0,NULL,'2019-07-30 17:28:24','2019-07-30 17:28:24',NULL),(3,1564507704538,'rendering',NULL,NULL,6,NULL,0,NULL,'2019-07-30 17:28:24','2019-07-30 17:28:24',NULL),(4,1564507704538,'rendering',NULL,NULL,6,16,0,NULL,'2019-07-30 17:28:24','2019-07-30 17:28:24',NULL),(5,1564507863233,'printed',NULL,NULL,6,NULL,2339,NULL,'2019-07-30 17:31:03','2019-07-30 17:31:05',NULL),(6,1564508671606,'printed',NULL,NULL,6,NULL,1908,NULL,'2019-07-30 17:44:31','2019-07-30 17:44:33',NULL),(7,1564524386857,'failedPrint',NULL,NULL,6,NULL,1111,'\"Unexpected token u in JSON at position 0\"','2019-07-30 22:06:26','2019-07-30 22:06:27',NULL),(8,1564526529494,'failedPrint',NULL,NULL,6,NULL,1002,'\"Unexpected token u in JSON at position 0\"','2019-07-30 22:42:09','2019-07-30 22:42:10',NULL),(9,1564548167935,'failedPrint',NULL,NULL,6,NULL,1744,'\"Unexpected token u in JSON at position 0\"','2019-07-31 04:42:47','2019-07-31 04:42:49',NULL),(10,1564549072628,'failedPrint',NULL,NULL,6,NULL,41,'{\"message\":\"Missing Authentication Token\"}','2019-07-31 04:57:52','2019-07-31 04:57:52',NULL),(11,1564549160799,'failedPrint',NULL,NULL,6,NULL,32,'{\"message\":\"Missing Authentication Token\"}','2019-07-31 04:59:20','2019-07-31 04:59:20',NULL),(12,1564549253735,'failedPrint',NULL,NULL,6,NULL,13156,'{\"message\":\"Internal server error\"}','2019-07-31 05:00:53','2019-07-31 05:01:06',NULL),(13,1564549429282,'failedPrint',NULL,NULL,6,NULL,4420,'{\"message\":\"Internal server error\"}','2019-07-31 05:03:49','2019-07-31 05:03:53',NULL),(14,1564549761468,'failedPrint',NULL,NULL,6,NULL,4634,'{\"message\":\"Internal server error\"}','2019-07-31 05:09:21','2019-07-31 05:09:26',NULL),(15,1564551043093,'failedPrint',NULL,NULL,6,NULL,3886,'{\"message\":\"Internal server error\"}','2019-07-31 05:30:43','2019-07-31 05:30:46',NULL),(16,1564551340691,'failedPrint',NULL,NULL,6,NULL,4489,'{\"message\":\"Internal server error\"}','2019-07-31 05:35:40','2019-07-31 05:35:45',NULL),(17,1564588157746,'failedPrint',NULL,NULL,6,NULL,5920,'{\"message\":\"Internal server error\"}','2019-07-31 15:49:17','2019-07-31 15:49:23',NULL),(18,1564589202994,'failedPrint',NULL,NULL,6,NULL,4582,'{\"message\":\"Internal server error\"}','2019-07-31 16:06:42','2019-07-31 16:06:47',NULL),(19,1564589359476,'failedPrint',NULL,NULL,6,NULL,4731,'{\"message\":\"Internal server error\"}','2019-07-31 16:09:19','2019-07-31 16:09:24',NULL),(20,1564590128288,'failedPrint',NULL,NULL,6,NULL,1154,'\"Unexpected token u in JSON at position 0\"','2019-07-31 16:22:08','2019-07-31 16:22:09',NULL),(21,1564590927638,'failedPrint',NULL,NULL,6,NULL,5727,'{\"message\":\"Internal server error\"}','2019-07-31 16:35:27','2019-07-31 16:35:33',NULL),(22,1564591153647,'failedPrint',NULL,NULL,6,NULL,5643,'{\"message\":\"Internal server error\"}','2019-07-31 16:39:13','2019-07-31 16:39:19',NULL),(23,1564591948856,'failedPrint',NULL,NULL,6,NULL,5639,'{\"message\":\"Internal server error\"}','2019-07-31 16:52:28','2019-07-31 16:52:34',NULL),(24,1564592091805,'failedPrint',NULL,NULL,6,NULL,5830,'{\"message\":\"Internal server error\"}','2019-07-31 16:54:51','2019-07-31 16:54:57',NULL),(25,1564592199739,'failedPrint',NULL,NULL,6,NULL,6079,'{\"message\":\"Internal server error\"}','2019-07-31 16:56:39','2019-07-31 16:56:45',NULL),(26,1564592241905,'failedPrint',NULL,NULL,6,NULL,8330,'{\"message\":\"Internal server error\"}','2019-07-31 16:57:21','2019-07-31 16:57:30',NULL),(27,1564594334565,'failedPrint',NULL,NULL,6,NULL,6123,'{\"message\":\"Internal server error\"}','2019-07-31 17:32:14','2019-07-31 17:32:20',NULL),(28,1564594513528,'failedPrint',NULL,NULL,6,NULL,6784,'{\"message\":\"Internal server error\"}','2019-07-31 17:35:13','2019-07-31 17:35:20',NULL),(29,1564594725073,'failedPrint',NULL,NULL,6,NULL,6449,'{\"message\":\"Internal server error\"}','2019-07-31 17:38:45','2019-07-31 17:38:51',NULL),(30,1564596310432,'failedPrint',NULL,NULL,6,NULL,6734,'{\"message\":\"Internal server error\"}','2019-07-31 18:05:10','2019-07-31 18:05:17',NULL),(31,1564596366354,'failedPrint',NULL,NULL,6,NULL,6573,'{\"message\":\"Internal server error\"}','2019-07-31 18:06:06','2019-07-31 18:06:12',NULL),(32,1564596427606,'failedPrint',NULL,NULL,6,NULL,8301,'{\"message\":\"Internal server error\"}','2019-07-31 18:07:07','2019-07-31 18:07:15',NULL),(33,1564596965819,'failedPrint',NULL,NULL,6,NULL,5683,'{\"message\":\"Internal server error\"}','2019-07-31 18:16:05','2019-07-31 18:16:11',NULL),(34,1564597007375,'failedPrint',NULL,NULL,6,NULL,6337,'{\"message\":\"Internal server error\"}','2019-07-31 18:16:47','2019-07-31 18:16:53',NULL),(35,1564597095233,'failedPrint',NULL,NULL,6,NULL,12635,'\"Unexpected token u in JSON at position 0\"','2019-07-31 18:18:15','2019-07-31 18:18:27',NULL),(36,1564597279296,'failedPrint',NULL,NULL,6,NULL,12605,'\"Unexpected token u in JSON at position 0\"','2019-07-31 18:21:19','2019-07-31 18:21:31',NULL),(37,1564597430097,'failedPrint',NULL,NULL,6,NULL,12597,'\"Unexpected token u in JSON at position 0\"','2019-07-31 18:23:50','2019-07-31 18:24:02',NULL),(38,1564597559759,'failedPrint',NULL,NULL,6,NULL,12224,'\"Unexpected token u in JSON at position 0\"','2019-07-31 18:25:59','2019-07-31 18:26:11',NULL),(39,1564597612171,'printed',NULL,NULL,6,NULL,8078,NULL,'2019-07-31 18:26:52','2019-07-31 18:27:00',NULL),(40,1564597907696,'printed',NULL,NULL,6,NULL,12686,NULL,'2019-07-31 18:31:47','2019-07-31 18:32:00',NULL),(41,1564598245314,'printed',NULL,NULL,6,NULL,12615,NULL,'2019-07-31 18:37:25','2019-07-31 18:37:37',NULL),(42,1564598335206,'printed',NULL,NULL,6,NULL,12351,NULL,'2019-07-31 18:38:55','2019-07-31 18:39:07',NULL),(43,1564598400827,'printed',NULL,NULL,6,NULL,12341,NULL,'2019-07-31 18:40:00','2019-07-31 18:40:13',NULL),(44,1564604251444,'printed',NULL,NULL,6,NULL,11853,NULL,'2019-07-31 20:17:31','2019-07-31 20:17:43',NULL),(45,1564604303069,'printed',NULL,NULL,6,NULL,11715,NULL,'2019-07-31 20:18:23','2019-07-31 20:18:34',NULL),(46,1564604435694,'printed',NULL,NULL,6,NULL,11898,NULL,'2019-07-31 20:20:35','2019-07-31 20:20:47',NULL),(47,1564604533945,'printed',NULL,NULL,6,NULL,11743,NULL,'2019-07-31 20:22:13','2019-07-31 20:22:25',NULL),(48,1564604597442,'printed',NULL,NULL,6,NULL,11573,NULL,'2019-07-31 20:23:17','2019-07-31 20:23:29',NULL),(49,1564604687867,'printed',NULL,NULL,6,NULL,10541,NULL,'2019-07-31 20:24:47','2019-07-31 20:24:58',NULL),(50,1564604941420,'printed',NULL,NULL,6,NULL,12158,NULL,'2019-07-31 20:29:01','2019-07-31 20:29:13',NULL),(51,1564605017603,'printed',NULL,NULL,6,NULL,11849,NULL,'2019-07-31 20:30:17','2019-07-31 20:30:29',NULL),(52,1564605142002,'printed',NULL,NULL,6,NULL,12956,NULL,'2019-07-31 20:32:22','2019-07-31 20:32:34',NULL),(53,1564605249060,'printed',NULL,NULL,6,NULL,11669,NULL,'2019-07-31 20:34:09','2019-07-31 20:34:20',NULL),(54,1564605279543,'printed',NULL,NULL,6,NULL,11822,NULL,'2019-07-31 20:34:39','2019-07-31 20:34:51',NULL),(55,1564605329914,'printed',NULL,NULL,6,NULL,12156,NULL,'2019-07-31 20:35:29','2019-07-31 20:35:42',NULL),(56,1564605370870,'printed',NULL,NULL,6,NULL,9007,NULL,'2019-07-31 20:36:10','2019-07-31 20:36:19',NULL),(57,1564605441942,'printed',NULL,NULL,6,NULL,12846,NULL,'2019-07-31 20:37:21','2019-07-31 20:37:34',NULL),(58,1564605494784,'printed',NULL,NULL,6,NULL,11699,NULL,'2019-07-31 20:38:14','2019-07-31 20:38:26',NULL),(59,1564605570996,'printed',NULL,NULL,6,NULL,12449,NULL,'2019-07-31 20:39:30','2019-07-31 20:39:43',NULL),(60,1564606051266,'rendering',NULL,NULL,7,NULL,0,NULL,'2019-07-31 20:47:31','2019-07-31 20:47:31',NULL),(61,1564606051266,'rendering',NULL,NULL,7,17,0,NULL,'2019-07-31 20:47:31','2019-07-31 20:47:31',NULL),(62,1564606051266,'rendering',NULL,NULL,7,18,0,NULL,'2019-07-31 20:47:31','2019-07-31 20:47:31',NULL),(63,1564606051266,'rendering',NULL,NULL,7,19,0,NULL,'2019-07-31 20:47:31','2019-07-31 20:47:31',NULL),(64,1564606208221,'rendering',NULL,NULL,8,NULL,0,NULL,'2019-07-31 20:50:08','2019-07-31 20:50:08',NULL),(65,1564606208221,'rendering',NULL,NULL,8,20,0,NULL,'2019-07-31 20:50:08','2019-07-31 20:50:08',NULL),(66,1564606717924,'rendering',NULL,NULL,9,21,0,NULL,'2019-07-31 20:58:37','2019-07-31 20:58:37',NULL),(67,1564606717924,'rendering',NULL,NULL,9,NULL,0,NULL,'2019-07-31 20:58:37','2019-07-31 20:58:37',NULL),(68,1564606717924,'rendering',NULL,NULL,9,22,0,NULL,'2019-07-31 20:58:37','2019-07-31 20:58:37',NULL),(69,1564630162421,'rendering',NULL,NULL,10,NULL,0,NULL,'2019-08-01 03:29:22','2019-08-01 03:29:22',NULL),(70,1564630162421,'rendering',NULL,NULL,10,23,0,NULL,'2019-08-01 03:29:22','2019-08-01 03:29:22',NULL),(71,1564630162421,'rendering',NULL,NULL,10,24,0,NULL,'2019-08-01 03:29:22','2019-08-01 03:29:22',NULL),(72,1564630162421,'rendering',NULL,NULL,10,25,0,NULL,'2019-08-01 03:29:22','2019-08-01 03:29:22',NULL),(73,1564630350201,'rendering',NULL,NULL,11,NULL,0,NULL,'2019-08-01 03:32:30','2019-08-01 03:32:30',NULL),(74,1564630350201,'rendering',NULL,NULL,11,26,0,NULL,'2019-08-01 03:32:30','2019-08-01 03:32:30',NULL),(75,1564635068698,'failedPrint',NULL,NULL,11,NULL,5747,'{\"message\":\"Internal server error\"}','2019-08-01 04:51:08','2019-08-01 04:51:14',NULL),(76,1564635092817,'printed',NULL,NULL,11,NULL,13463,NULL,'2019-08-01 04:51:32','2019-08-01 04:51:46',NULL),(77,1564635182977,'printed',NULL,NULL,11,NULL,18223,NULL,'2019-08-01 04:53:02','2019-08-01 04:53:21',NULL),(78,1564635273684,'printed',NULL,NULL,11,NULL,16082,NULL,'2019-08-01 04:54:33','2019-08-01 04:54:49',NULL),(79,1564635399841,'printed',NULL,NULL,11,NULL,13159,NULL,'2019-08-01 04:56:39','2019-08-01 04:56:53',NULL),(80,1564635556913,'printed',NULL,NULL,11,NULL,17844,NULL,'2019-08-01 04:59:16','2019-08-01 04:59:34',NULL),(81,1564638228633,'printed',1,NULL,11,NULL,16199,NULL,'2019-08-01 05:43:49','2019-08-01 05:44:06',NULL),(82,1564638228633,'zipped',1,NULL,NULL,NULL,18726,NULL,'2019-08-01 05:44:06','2019-08-01 05:44:07',NULL),(83,1564638438629,'printed',NULL,NULL,11,NULL,14954,NULL,'2019-08-01 05:47:18','2019-08-01 05:47:33',NULL),(84,1565023656419,'rendering',NULL,NULL,12,NULL,0,NULL,'2019-08-05 16:47:36','2019-08-05 16:47:36',NULL),(85,1565023656419,'rendering',NULL,NULL,12,28,0,NULL,'2019-08-05 16:47:36','2019-08-05 16:47:36',NULL),(86,1565023656419,'rendering',NULL,NULL,12,27,0,NULL,'2019-08-05 16:47:36','2019-08-05 16:47:36',NULL),(87,1565023656419,'rendering',NULL,NULL,12,29,0,NULL,'2019-08-05 16:47:36','2019-08-05 16:47:36',NULL),(88,1565023789463,'printed',NULL,NULL,12,NULL,15265,NULL,'2019-08-05 16:49:49','2019-08-05 16:50:04',NULL),(89,1565023841477,'printed',NULL,NULL,12,NULL,12545,NULL,'2019-08-05 16:50:41','2019-08-05 16:50:54',NULL),(90,1565028041538,'printed',NULL,NULL,12,NULL,13458,NULL,'2019-08-05 18:00:41','2019-08-05 18:00:54',NULL),(91,1565028114632,'printed',NULL,NULL,12,NULL,14308,NULL,'2019-08-05 18:01:54','2019-08-05 18:02:08',NULL),(92,1565029230513,'printed',NULL,NULL,12,NULL,12102,NULL,'2019-08-05 18:20:30','2019-08-05 18:20:42',NULL),(93,1565029582843,'printed',NULL,NULL,12,NULL,12434,NULL,'2019-08-05 18:26:22','2019-08-05 18:26:35',NULL),(94,1565029647687,'printed',NULL,NULL,12,NULL,11262,NULL,'2019-08-05 18:27:27','2019-08-05 18:27:38',NULL),(95,1565029958673,'printed',NULL,NULL,12,NULL,12085,NULL,'2019-08-05 18:32:38','2019-08-05 18:32:50',NULL),(96,1565030270412,'printed',NULL,NULL,12,NULL,12498,NULL,'2019-08-05 18:37:50','2019-08-05 18:38:02',NULL),(97,1565030419456,'printed',NULL,NULL,12,NULL,7772,NULL,'2019-08-05 18:40:19','2019-08-05 18:40:27',NULL),(98,1565030583085,'printed',NULL,NULL,12,NULL,12074,NULL,'2019-08-05 18:43:03','2019-08-05 18:43:15',NULL),(99,1565032700951,'rendering',NULL,NULL,13,NULL,0,NULL,'2019-08-05 19:18:20','2019-08-05 19:18:20',NULL),(100,1565032700951,'rendering',NULL,NULL,13,30,0,NULL,'2019-08-05 19:18:20','2019-08-05 19:18:20',NULL),(101,1565032757240,'printed',NULL,NULL,13,NULL,11613,NULL,'2019-08-05 19:19:17','2019-08-05 19:19:28',NULL),(102,1565032811916,'printed',NULL,NULL,13,NULL,11447,NULL,'2019-08-05 19:20:11','2019-08-05 19:20:23',NULL),(103,1565032980227,'printed',NULL,NULL,13,NULL,12085,NULL,'2019-08-05 19:23:00','2019-08-05 19:23:12',NULL),(104,1565033128756,'printed',NULL,NULL,13,NULL,11800,NULL,'2019-08-05 19:25:28','2019-08-05 19:25:40',NULL),(105,1565033214754,'printed',NULL,NULL,13,NULL,12754,NULL,'2019-08-05 19:26:54','2019-08-05 19:27:07',NULL),(106,1565033771433,'printed',NULL,NULL,13,NULL,10700,NULL,'2019-08-05 19:36:11','2019-08-05 19:36:22',NULL),(107,1565035015152,'printed',NULL,NULL,13,NULL,11737,NULL,'2019-08-05 19:56:55','2019-08-05 19:57:06',NULL),(108,1565035688961,'failedPrint',NULL,NULL,13,NULL,34,'{\"Type\":\"LocalService\",\"Message\":\"PathNotFoundException\"}','2019-08-05 20:08:08','2019-08-05 20:08:08',NULL),(109,1565037526857,'printed',NULL,NULL,13,NULL,12648,NULL,'2019-08-05 20:38:46','2019-08-05 20:38:59',NULL),(110,1565038304226,'printed',NULL,NULL,13,NULL,11947,NULL,'2019-08-05 20:51:44','2019-08-05 20:51:56',NULL),(111,1565038379216,'printed',NULL,NULL,13,NULL,11143,NULL,'2019-08-05 20:52:59','2019-08-05 20:53:10',NULL),(112,1565038495361,'printed',NULL,NULL,13,NULL,11818,NULL,'2019-08-05 20:54:55','2019-08-05 20:55:07',NULL),(113,1565038594058,'printed',NULL,NULL,13,NULL,11265,NULL,'2019-08-05 20:56:34','2019-08-05 20:56:45',NULL),(114,1565038829152,'printed',NULL,NULL,13,NULL,10930,NULL,'2019-08-05 21:00:29','2019-08-05 21:00:40',NULL),(115,1565039254334,'printed',NULL,NULL,13,NULL,12492,NULL,'2019-08-05 21:07:34','2019-08-05 21:07:46',NULL),(116,1565039311128,'printed',NULL,NULL,13,NULL,19924,NULL,'2019-08-05 21:08:31','2019-08-05 21:08:51',NULL),(117,1565039362256,'printed',NULL,NULL,13,NULL,11089,NULL,'2019-08-05 21:09:22','2019-08-05 21:09:33',NULL),(118,1565039404522,'printed',NULL,NULL,13,NULL,13056,NULL,'2019-08-05 21:10:04','2019-08-05 21:10:17',NULL),(119,1565110359722,'printed',NULL,NULL,13,NULL,9854,NULL,'2019-08-06 16:52:39','2019-08-06 16:52:49',NULL),(120,1565110457496,'printed',NULL,NULL,13,NULL,13716,NULL,'2019-08-06 16:54:17','2019-08-06 16:54:31',NULL),(121,1565110520244,'printed',NULL,NULL,13,NULL,12501,NULL,'2019-08-06 16:55:20','2019-08-06 16:55:32',NULL),(122,1565110643089,'printed',NULL,NULL,13,NULL,13753,NULL,'2019-08-06 16:57:23','2019-08-06 16:57:36',NULL),(123,1565110708537,'printed',NULL,NULL,13,NULL,13206,NULL,'2019-08-06 16:58:28','2019-08-06 16:58:41',NULL),(124,1565110915684,'printed',NULL,NULL,13,NULL,14146,NULL,'2019-08-06 17:01:55','2019-08-06 17:02:09',NULL),(125,1565110960327,'printed',NULL,NULL,13,NULL,13452,NULL,'2019-08-06 17:02:40','2019-08-06 17:02:53',NULL),(126,1565111009686,'printed',NULL,NULL,13,NULL,12991,NULL,'2019-08-06 17:03:29','2019-08-06 17:03:42',NULL),(127,1565112650229,'printed',NULL,NULL,13,NULL,12195,NULL,'2019-08-06 17:30:50','2019-08-06 17:31:02',NULL),(128,1565112692219,'printed',NULL,NULL,13,NULL,13053,NULL,'2019-08-06 17:31:32','2019-08-06 17:31:45',NULL),(129,1565135540378,'failedPrint',NULL,NULL,13,NULL,7640,'{\"message\":\"Internal server error\"}','2019-08-06 23:52:20','2019-08-06 23:52:28',NULL),(130,1565135654179,'failedPrint',NULL,NULL,13,NULL,10680,'{\"message\":\"Internal server error\"}','2019-08-06 23:54:14','2019-08-06 23:54:24',NULL),(131,1565135713071,'failedPrint',NULL,NULL,13,NULL,13385,'{\"message\":\"Internal server error\"}','2019-08-06 23:55:13','2019-08-06 23:55:26',NULL),(132,1565135817045,'failedPrint',NULL,NULL,13,NULL,13279,'{\"message\":\"Internal server error\"}','2019-08-06 23:56:57','2019-08-06 23:57:10',NULL),(133,1565136493698,'printed',NULL,NULL,13,NULL,14135,NULL,'2019-08-07 00:08:13','2019-08-07 00:08:27',NULL),(134,1565653051911,'rendering',NULL,NULL,14,31,0,NULL,'2019-08-12 23:37:31','2019-08-12 23:37:31',NULL),(135,1565653051911,'rendering',NULL,NULL,14,32,0,NULL,'2019-08-12 23:37:31','2019-08-12 23:37:31',NULL),(136,1565653051911,'rendering',NULL,NULL,14,NULL,0,NULL,'2019-08-12 23:37:31','2019-08-12 23:37:31',NULL),(137,1565653618372,'printed',5,NULL,14,NULL,2393,NULL,'2019-08-12 23:46:59','2019-08-12 23:47:01',NULL),(138,1565653618372,'zipped',5,NULL,NULL,NULL,4342,NULL,'2019-08-12 23:47:01','2019-08-12 23:47:02',NULL),(139,1565654535601,'printed',6,NULL,14,NULL,1979,NULL,'2019-08-13 00:02:16','2019-08-13 00:02:18',NULL),(140,1565654535601,'zipped',6,NULL,NULL,NULL,3832,NULL,'2019-08-13 00:02:18','2019-08-13 00:02:19',NULL),(141,1565655517179,'printed',7,NULL,14,NULL,2009,NULL,'2019-08-13 00:18:37','2019-08-13 00:18:39',NULL),(142,1565655517179,'zipped',7,NULL,NULL,NULL,3972,NULL,'2019-08-13 00:18:39','2019-08-13 00:18:41',NULL),(143,1565655783347,'printed',8,NULL,14,NULL,786,NULL,'2019-08-13 00:23:04','2019-08-13 00:23:04',NULL),(144,1565655783347,'zipped',8,NULL,NULL,NULL,2803,NULL,'2019-08-13 00:23:04','2019-08-13 00:23:06',NULL),(145,1566235619762,'rendering',NULL,NULL,15,NULL,0,NULL,'2019-08-19 17:26:59','2019-08-19 17:26:59',NULL),(146,1566235619762,'rendering',NULL,NULL,15,33,0,NULL,'2019-08-19 17:26:59','2019-08-19 17:26:59',NULL),(147,1566235619762,'rendering',NULL,NULL,15,34,0,NULL,'2019-08-19 17:26:59','2019-08-19 17:26:59',NULL),(148,1566240903973,'printed',9,NULL,15,NULL,2196,NULL,'2019-08-19 18:55:06','2019-08-19 18:55:08',NULL),(149,1566240903973,'zipped',9,NULL,NULL,NULL,5577,NULL,'2019-08-19 18:55:08','2019-08-19 18:55:09',NULL),(150,1566257099891,'printed',10,NULL,15,NULL,1888,NULL,'2019-08-19 23:25:00','2019-08-19 23:25:02',NULL),(151,1566257099891,'zipped',10,NULL,NULL,NULL,3903,NULL,'2019-08-19 23:25:02','2019-08-19 23:25:03',NULL),(152,1566260391359,'failedPrint',11,NULL,15,NULL,55795,'\"Inaccessible host: `lambda.us-west-2.amazonaws.com\'. This service may not be available in the `us-west-2\' region.\"','2019-08-20 00:19:52','2019-08-20 00:20:47',NULL),(153,1566260638977,'printed',13,NULL,15,NULL,718,NULL,'2019-08-20 00:24:00','2019-08-20 00:24:01',NULL),(154,1566260638977,'zipped',13,NULL,NULL,NULL,3349,NULL,'2019-08-20 00:24:01','2019-08-20 00:24:02',NULL),(155,1566261009917,'printed',14,NULL,15,NULL,758,NULL,'2019-08-20 00:30:10','2019-08-20 00:30:11',NULL),(156,1566261009917,'zipped',14,NULL,NULL,NULL,2893,NULL,'2019-08-20 00:30:11','2019-08-20 00:30:12',NULL),(157,1566315353416,'rendering',NULL,NULL,16,NULL,0,NULL,'2019-08-20 15:35:53','2019-08-20 15:35:53',NULL),(158,1566315353416,'rendering',NULL,NULL,16,35,0,NULL,'2019-08-20 15:35:53','2019-08-20 15:35:53',NULL),(159,1566315353416,'rendering',NULL,NULL,16,36,0,NULL,'2019-08-20 15:35:53','2019-08-20 15:35:53',NULL),(160,1566325336428,'rendering',NULL,NULL,17,37,0,NULL,'2019-08-20 18:22:16','2019-08-20 18:22:16',NULL),(161,1566325336428,'rendering',NULL,NULL,17,NULL,0,NULL,'2019-08-20 18:22:16','2019-08-20 18:22:16',NULL),(162,1566326805347,'printed',15,NULL,16,NULL,1929,NULL,'2019-08-20 18:46:46','2019-08-20 18:46:48',NULL),(163,1566326805347,'zipped',15,NULL,NULL,NULL,4426,NULL,'2019-08-20 18:46:48','2019-08-20 18:46:49',NULL),(164,1566327866677,'printed',16,NULL,17,NULL,1667,NULL,'2019-08-20 19:04:27','2019-08-20 19:04:29',NULL),(165,1566327866677,'printed',16,NULL,16,NULL,1733,NULL,'2019-08-20 19:04:27','2019-08-20 19:04:29',NULL),(166,1566327866677,'zipped',16,NULL,NULL,NULL,3972,NULL,'2019-08-20 19:04:29','2019-08-20 19:04:30',NULL),(167,1566402743400,'rendering',NULL,NULL,18,38,0,NULL,'2019-08-21 15:52:23','2019-08-21 15:52:23',NULL),(168,1566402743400,'rendering',NULL,NULL,18,39,0,NULL,'2019-08-21 15:52:23','2019-08-21 15:52:23',NULL),(169,1566402743400,'rendering',NULL,NULL,18,NULL,0,NULL,'2019-08-21 15:52:23','2019-08-21 15:52:23',NULL),(170,1566430394680,'rendering',NULL,NULL,19,NULL,0,NULL,'2019-08-21 23:33:14','2019-08-21 23:33:14',NULL),(171,1566430394680,'rendering',NULL,NULL,19,40,0,NULL,'2019-08-21 23:33:14','2019-08-21 23:33:14',NULL),(172,1566501045438,'rendering',NULL,NULL,20,NULL,0,NULL,'2019-08-22 19:10:45','2019-08-22 19:10:45',NULL),(173,1566501045438,'rendering',NULL,NULL,20,41,0,NULL,'2019-08-22 19:10:45','2019-08-22 19:10:45',NULL),(174,1566501137317,'rendering',NULL,NULL,21,NULL,0,NULL,'2019-08-22 19:12:17','2019-08-22 19:12:17',NULL),(175,1566501137317,'rendering',NULL,NULL,21,42,0,NULL,'2019-08-22 19:12:17','2019-08-22 19:12:17',NULL),(176,1566501137317,'rendering',NULL,NULL,21,43,0,NULL,'2019-08-22 19:12:17','2019-08-22 19:12:17',NULL),(177,1566501137317,'rendering',NULL,NULL,21,44,0,NULL,'2019-08-22 19:12:17','2019-08-22 19:12:17',NULL),(178,1566501137317,'rendering',NULL,NULL,21,47,0,NULL,'2019-08-22 19:12:17','2019-08-22 19:12:17',NULL),(179,1566501137317,'rendering',NULL,NULL,21,46,0,NULL,'2019-08-22 19:12:17','2019-08-22 19:12:17',NULL),(180,1566501137317,'rendering',NULL,NULL,21,48,0,NULL,'2019-08-22 19:12:17','2019-08-22 19:12:17',NULL),(181,1566501137317,'rendering',NULL,NULL,21,45,0,NULL,'2019-08-22 19:12:17','2019-08-22 19:12:17',NULL),(182,1566501137317,'rendering',NULL,NULL,21,49,0,NULL,'2019-08-22 19:12:17','2019-08-22 19:12:17',NULL),(183,1566513762581,'rendering',NULL,NULL,22,50,0,NULL,'2019-08-22 22:42:42','2019-08-22 22:42:42',NULL),(184,1566513762581,'rendering',NULL,NULL,22,NULL,0,NULL,'2019-08-22 22:42:42','2019-08-22 22:42:42',NULL),(185,1566579810102,'rendering',NULL,NULL,23,NULL,0,NULL,'2019-08-23 17:03:30','2019-08-23 17:03:30',NULL),(186,1566579810102,'rendering',NULL,NULL,23,51,0,NULL,'2019-08-23 17:03:30','2019-08-23 17:03:30',NULL),(187,1566579859976,'rendering',NULL,NULL,24,52,0,NULL,'2019-08-23 17:04:19','2019-08-23 17:04:19',NULL),(188,1566579859976,'rendering',NULL,NULL,24,53,0,NULL,'2019-08-23 17:04:19','2019-08-23 17:04:19',NULL),(189,1566579859976,'rendering',NULL,NULL,24,57,0,NULL,'2019-08-23 17:04:19','2019-08-23 17:04:19',NULL),(190,1566579859976,'rendering',NULL,NULL,24,56,0,NULL,'2019-08-23 17:04:19','2019-08-23 17:04:19',NULL),(191,1566579859976,'rendering',NULL,NULL,24,58,0,NULL,'2019-08-23 17:04:19','2019-08-23 17:04:19',NULL),(192,1566579859976,'rendering',NULL,NULL,24,54,0,NULL,'2019-08-23 17:04:19','2019-08-23 17:04:19',NULL),(193,1566579859976,'rendering',NULL,NULL,24,NULL,0,NULL,'2019-08-23 17:04:19','2019-08-23 17:04:19',NULL),(194,1566579859976,'rendering',NULL,NULL,24,61,0,NULL,'2019-08-23 17:04:19','2019-08-23 17:04:19',NULL),(195,1566579859976,'rendering',NULL,NULL,24,62,0,NULL,'2019-08-23 17:04:19','2019-08-23 17:04:19',NULL),(196,1566579859976,'rendering',NULL,NULL,24,55,0,NULL,'2019-08-23 17:04:19','2019-08-23 17:04:19',NULL),(197,1566579859976,'rendering',NULL,NULL,24,63,0,NULL,'2019-08-23 17:04:19','2019-08-23 17:04:19',NULL),(198,1566579859976,'rendering',NULL,NULL,24,59,0,NULL,'2019-08-23 17:04:19','2019-08-23 17:04:19',NULL),(199,1566579859976,'rendering',NULL,NULL,24,60,0,NULL,'2019-08-23 17:04:19','2019-08-23 17:04:19',NULL),(200,1566579859976,'rendering',NULL,NULL,24,64,0,NULL,'2019-08-23 17:04:19','2019-08-23 17:04:19',NULL);
/*!40000 ALTER TABLE `RenderStatus` ENABLE KEYS */;
UNLOCK TABLES;

--
-- Table structure for table `ReportTemplates`
--

DROP TABLE IF EXISTS `ReportTemplates`;
/*!40101 SET @saved_cs_client     = @@character_set_client */;
/*!40101 SET character_set_client = utf8 */;
CREATE TABLE `ReportTemplates` (
  `id` int(10) unsigned NOT NULL AUTO_INCREMENT,
  `purpose_id` int(10) unsigned NOT NULL,
  `reportType_LIID` int(10) unsigned DEFAULT NULL,
  `key` varchar(100) NOT NULL,
  `label` varchar(100) NOT NULL,
  `body` text NOT NULL,
  `expectedParameterMap` varchar(8000) NOT NULL DEFAULT '{}',
  `isActive` tinyint(1) NOT NULL DEFAULT '1',
  `vendor_id` varchar(50) DEFAULT NULL,
  `createdAt` datetime NOT NULL DEFAULT CURRENT_TIMESTAMP,
  `updatedAt` datetime NOT NULL DEFAULT CURRENT_TIMESTAMP,
  `deletedAt` datetime DEFAULT NULL,
  `reportHTML` text,
  PRIMARY KEY (`id`),
  UNIQUE KEY `key_UNIQUE` (`key`),
  UNIQUE KEY `vendor_id_UNIQUE` (`vendor_id`),
  KEY `idx-deletedAt` (`deletedAt`),
  KEY `fk_purpose_id_idx` (`purpose_id`),
  KEY `fk_reportType_LIID_idx` (`reportType_LIID`),
  CONSTRAINT `ReportTemplates_reportType_LIID_foreign_idx` FOREIGN KEY (`reportType_LIID`) REFERENCES `ListItems` (`id`) ON DELETE SET NULL,
  CONSTRAINT `reporttemplates_ibfk_1` FOREIGN KEY (`purpose_id`) REFERENCES `Purposes` (`id`)
) ENGINE=InnoDB AUTO_INCREMENT=17 DEFAULT CHARSET=latin1;
/*!40101 SET character_set_client = @saved_cs_client */;

--
-- Dumping data for table `ReportTemplates`
--

LOCK TABLES `ReportTemplates` WRITE;
/*!40000 ALTER TABLE `ReportTemplates` DISABLE KEYS */;
INSERT INTO `ReportTemplates` VALUES (1,2,375,'ForPermitting_corrections_by_group','Alhambra Corrections Report','{\"label\":\"New Report\",\"sortOption\":1,\"pageSize\":{\"size\":{\"height\":\"11.0in\",\"width\":\"8.5in\"},\"margin\":{\"top\":\"0.65in\",\"right\":\"0.65in\",\"bottom\":\"0.69in\",\"left\":\"0.65in\"}},\"reportHeader\":{\"headerSectionData\":{\"reportHeaderLogo\":{\"src\":\"assets/img/ePlanSoft_LeafLogo.png\"},\"reportHeaderClientInfo\":{\"clientData\":{\"clientAgency\":\"Client Agency\",\"clientName\":\"client name\",\"clientAddress\":\"address line 1\",\"clientAddress2\":\"address line 2\",\"clientCity\":\"client city\",\"clientState\":\"client state\",\"clientPostal\":\"zip code\",\"clientPhone\":\"555-555-5555\"}},\"reportHeaderTextBox\":{\"textBoxValues\":{\"textBox1\":\"text box 1 text\",\"textBox2\":\"text box 2 text\"}}},\"reportHeaderBody\":{\"projectData\":{\"managerUsers\":[{\"firstName\":\"example\",\"lastName\":\"user\"}],\"projectType\":{\"label\":\"the project type\"},\"projectType_LIID\":\"213\",\"projectNumber\":\"project number\",\"projectName\":\"project name\",\"address\":{\"streetNumber\":\"St. number\",\"direction\":\"1\",\"streetName\":\"St. name\",\"streetName2\":\"St. name 2\",\"streetType\":\"2\",\"unit\":\"unit\",\"city\":\"city\",\"state\":\"1\",\"zipCode\":\"zip code\",\"country\":\"2\",\"parcel\":\"parcel\",\"lotNumber\":\"lot number\",\"tractNumber\":\"tract number\"},\"persons\":[{\"id\":\"id\",\"firstName\":\"first name\",\"lastName\":\"last name\",\"fullName\":\"first name last name\",\"ProjectPerson\":{\"isPrimary\":true}}],\"referenceNumber\":\"123423141234\",\"serviceArea\":{\"label\":\"the service area\"},\"serviceArea_LIID\":\"203\"}}},\"reportInstructions\":{\"projectInstructions\":[\"Report instructions go here.\"]},\"reportDocumentList\":{\"documentListData\":[{\"filename\":\"document name\",\"cycle\":{\"label\":\"document label\"},\"cycle_LIID\":603,\"version\":\"000234\"}],\"documentCycle\":\"document cycle\"},\"reportCommentList\":{\"commentListData\":[{\"group\":{\"label\":\"Fire\",\"sortOrder\":2},\"group_LIID\":131,\"documentComments\":[{\"documentEntity\":{\"versionAdded\":{\"documentVersion\":{\"filename\":\"filename\"},\"pageNumber\":1}}}],\"owner_id\":\"1\",\"owner\":{\"firstName\":\"first name\",\"lastName\":\"last name\",\"email\":\"email address\",\"primaryPhone\":\"555-555-5555\"},\"reviewer\":\"fName lName\",\"reviewType\":{\"label\":\"Civil\",\"sortOrder\":1},\"reviewType_LIID\":349,\"category\":{\"label\":\"General\",\"sortOrder\":1},\"category_LIID\":220,\"subcategory\":{\"label\":\"Grading\",\"sortOrder\":1},\"subcategory_LIID\":465,\"content\":\"comment content\",\"commentNumber\":\"00010\"},{\"group\":{\"label\":\"Fire\",\"sortOrder\":2},\"group_LIID\":131,\"documentComments\":[{\"documentEntity\":{\"versionAdded\":{\"documentVersion\":{\"filename\":\"filename\"},\"pageNumber\":1}}}],\"owner_id\":\"1\",\"owner\":{\"firstName\":\"first name\",\"lastName\":\"last name\",\"email\":\"email address\",\"primaryPhone\":\"555-555-5555\"},\"reviewer\":\"fName lName\",\"reviewType\":{\"label\":\"Civil\",\"sortOrder\":1},\"reviewType_LIID\":349,\"category\":{\"label\":\"General\",\"sortOrder\":1},\"category_LIID\":220,\"subcategory\":{\"label\":\"Grading\",\"sortOrder\":1},\"subcategory_LIID\":465,\"content\":\"comment content\",\"commentNumber\":\"00011\"},{\"group\":{\"label\":\"Planning\",\"sortOrder\":5},\"group_LIID\":132,\"documentComments\":[{\"documentEntity\":{\"versionAdded\":{\"documentVersion\":{\"filename\":\"filename\"},\"pageNumber\":1}}}],\"owner_id\":\"1\",\"owner\":{\"firstName\":\"first name\",\"lastName\":\"last name\",\"email\":\"email address\",\"primaryPhone\":\"555-555-5555\"},\"reviewer\":\"fName lName\",\"reviewType\":{\"label\":\"Civil\",\"sortOrder\":1},\"reviewType_LIID\":349,\"category\":{\"label\":\"General\",\"sortOrder\":1},\"category_LIID\":220,\"subcategory\":{\"label\":\"Grading\",\"sortOrder\":1},\"subcategory_LIID\":465,\"content\":\"comment content\",\"commentNumber\":\"00009\"},{\"group\":{\"label\":\"Public Works\",\"sortOrder\":4},\"group_LIID\":133,\"documentComments\":[{\"documentEntity\":{\"versionAdded\":{\"documentVersion\":{\"filename\":\"filename\"},\"pageNumber\":1}}}],\"owner_id\":\"1\",\"owner\":{\"firstName\":\"first name\",\"lastName\":\"last name\",\"email\":\"email address\",\"primaryPhone\":\"555-555-5555\"},\"reviewer\":\"fName lName\",\"reviewType\":{\"label\":\"Civil\",\"sortOrder\":1},\"reviewType_LIID\":349,\"category\":{\"label\":\"General\",\"sortOrder\":1},\"category_LIID\":220,\"subcategory\":{\"label\":\"Grading\",\"sortOrder\":1},\"subcategory_LIID\":465,\"content\":\"comment content\",\"commentNumber\":\"00009\"}]},\"reportFooter\":{\"clientData\":{\"clientName\":\"client name\",\"clientAddress\":\"address ln. 1\",\"clientAddress2\":\"address ln. 2\",\"clientCity\":\"client city\",\"clientState\":\"client state\",\"clientPostal\":\"zip code\",\"clientPhone\":\"555-555-5555\",\"currentPage\":\"#\",\"totalPages\":\"#\"}}}','{\"logo\": \"https://www.governmentjobs.com/AgencyPages/cityofalhambra/agencyImages/download/Alhambra.jpg?upscale=True\"}',1,NULL,'2019-07-26 21:28:40','2019-09-17 18:32:46',NULL,NULL),(2,2,375,'ForPermitting_corrections_by_category','Arcadia','{\"label\":\"New Report\",\"sortOption\":2,\"pageSize\":{\"size\":{\"height\":\"11.0in\",\"width\":\"8.5in\"},\"margin\":{\"top\":\"0.65in\",\"right\":\"0.65in\",\"bottom\":\"0.69in\",\"left\":\"0.65in\"}},\"reportHeader\":{\"headerSectionData\":{\"reportHeaderLogo\":{\"src\":\"assets/img/ePlanSoft_LeafLogo.png\"},\"reportHeaderClientInfo\":{\"clientData\":{\"clientAgency\":\"CLIENT_NAME\",\"clientAddress\":null,\"clientAddress2\":null,\"clientCity\":null,\"clientCounty\":null,\"clientPostal\":null,\"clientCountry\":null,\"clientState\":null,\"clientPhone\":null,\"portalName\":\"CLIENT_PORTAL_NAME\"}},\"reportHeaderTextBox\":{\"textBoxValues\":{\"textBox1\":\"text box 1 text\",\"textBox2\":\"text box 2 text\"}}},\"reportHeaderBody\":{\"projectData\":{\"managerUsers\":[{\"firstName\":\"example\",\"lastName\":\"user\"}],\"projectType\":{\"label\":\"the project type\"},\"projectType_LIID\":\"213\",\"projectNumber\":\"project number\",\"projectName\":\"project name\",\"address\":{\"streetNumber\":\"St. number\",\"direction\":\"1\",\"streetName\":\"St. name\",\"streetName2\":\"St. name 2\",\"streetType\":\"2\",\"unit\":\"unit\",\"city\":\"city\",\"state\":\"1\",\"zipCode\":\"zip code\",\"country\":\"2\",\"parcel\":\"parcel\",\"lotNumber\":\"lot number\",\"tractNumber\":\"tract number\"},\"persons\":[{\"id\":\"id\",\"firstName\":\"first name\",\"lastName\":\"last name\",\"fullName\":\"first name last name\",\"ProjectPerson\":{\"isPrimary\":true}}],\"referenceNumber\":\"123423141234\",\"serviceArea\":{\"label\":\"the service area\"},\"serviceArea_LIID\":\"203\"}},\"reportTitle\":\"Corrections Report by Category\"},\"reportInstructions\":{\"projectInstructions\":[\"Report instructions go here.\"]},\"reportDocumentList\":{\"documentListData\":[{\"filename\":\"document name\",\"cycle\":{\"label\":\"document label\"},\"cycle_LIID\":603,\"version\":\"000234\"}],\"documentCycle\":\"document cycle\"},\"reportCommentList\":{\"commentListData\":[{\"comments\":[{\"group\":{\"label\":\"Planning\",\"sortOrder\":5},\"group_LIID\":132,\"documentComments\":[{\"documentEntity\":{\"versionAdded\":{\"documentVersion\":{\"filename\":\"filename\"},\"pageNumber\":1}}}],\"owner_id\":\"1\",\"owner\":{\"firstName\":\"first name\",\"lastName\":\"last name\",\"email\":\"email address\",\"primaryPhone\":\"555-555-5555\"},\"reviewer\":\"fName lName\",\"reviewType\":{\"label\":\"Civil\",\"sortOrder\":1},\"reviewType_LIID\":349,\"category\":{\"label\":\"General\",\"sortOrder\":1},\"category_LIID\":220,\"subcategory\":{\"label\":\"Grading\",\"sortOrder\":1},\"subcategory_LIID\":465,\"content\":\"comment content\",\"commentNumber\":\"00009\"},{\"group\":{\"label\":\"Public Works\",\"sortOrder\":4},\"group_LIID\":133,\"documentComments\":[{\"documentEntity\":{\"versionAdded\":{\"documentVersion\":{\"filename\":\"filename\"},\"pageNumber\":1}}}],\"owner_id\":\"1\",\"owner\":{\"firstName\":\"first name\",\"lastName\":\"last name\",\"email\":\"email address\",\"primaryPhone\":\"555-555-5555\"},\"reviewer\":\"fName lName\",\"reviewType\":{\"label\":\"Civil\",\"sortOrder\":1},\"reviewType_LIID\":349,\"category\":{\"label\":\"General\",\"sortOrder\":1},\"category_LIID\":220,\"subcategory\":{\"label\":\"Grading\",\"sortOrder\":1},\"subcategory_LIID\":465,\"content\":\"comment content\",\"commentNumber\":\"00009\"},{\"group\":{\"label\":\"Fire\",\"sortOrder\":2},\"group_LIID\":131,\"documentComments\":[{\"documentEntity\":{\"versionAdded\":{\"documentVersion\":{\"filename\":\"filename\"},\"pageNumber\":1}}}],\"owner_id\":\"1\",\"owner\":{\"firstName\":\"first name\",\"lastName\":\"last name\",\"email\":\"email address\",\"primaryPhone\":\"555-555-5555\"},\"reviewer\":\"fName lName\",\"reviewType\":{\"label\":\"Civil\",\"sortOrder\":1},\"reviewType_LIID\":349,\"category\":{\"label\":\"General\",\"sortOrder\":1},\"category_LIID\":220,\"subcategory\":{\"label\":\"Grading\",\"sortOrder\":1},\"subcategory_LIID\":465,\"content\":\"comment content\",\"commentNumber\":\"00010\"},{\"group\":{\"label\":\"Fire\",\"sortOrder\":2},\"group_LIID\":131,\"documentComments\":[{\"documentEntity\":{\"versionAdded\":{\"documentVersion\":{\"filename\":\"filename\"},\"pageNumber\":1}}}],\"owner_id\":\"1\",\"owner\":{\"firstName\":\"first name\",\"lastName\":\"last name\",\"email\":\"email address\",\"primaryPhone\":\"555-555-5555\"},\"reviewer\":\"fName lName\",\"reviewType\":{\"label\":\"Civil\",\"sortOrder\":1},\"reviewType_LIID\":349,\"category\":{\"label\":\"General\",\"sortOrder\":1},\"category_LIID\":220,\"subcategory\":{\"label\":\"Grading\",\"sortOrder\":1},\"subcategory_LIID\":465,\"content\":\"comment content\",\"commentNumber\":\"00011\"}],\"documentVersionFileName\":\"filename\",\"label\":\"General\",\"group_LIID\":132,\"reviewer\":{\"email\":\"email address\",\"phone\":\"555-555-5555\"},\"subheadings\":[{\"label\":\"Grading\",\"LIID\":465}]}]},\"reportFooter\":{\"clientData\":{\"clientAgency\":\"CLIENT_NAME\",\"clientAddress\":null,\"clientAddress2\":null,\"clientCity\":null,\"clientCounty\":null,\"clientPostal\":null,\"clientCountry\":null,\"clientState\":null,\"clientPhone\":null,\"portalName\":\"CLIENT_PORTAL_NAME\"}},\"GridComponentList\":[{\"name\":\"Report Logo\",\"isDefault\":true,\"defaultOrder\":0,\"key\":\"reportLogo\",\"props\":{\"layout\":{\"w\":3,\"h\":3,\"x\":0,\"y\":0,\"i\":\"grid-item-0\",\"moved\":false,\"static\":false,\"isDraggable\":true,\"isResizable\":true},\"gridComponentId\":0}},{\"name\":\"Report Client Info\",\"isDefault\":true,\"defaultOrder\":1,\"key\":\"reportClientInfo\",\"props\":{\"layout\":{\"w\":6,\"h\":4,\"x\":3,\"y\":0,\"i\":\"grid-item-1\",\"moved\":false,\"static\":false,\"isDraggable\":true,\"isResizable\":true},\"width\":\"100%\",\"gridComponentId\":1,\"clientData\":{\"clientAgency\":\"CLIENT_NAME\",\"clientAddress\":null,\"clientAddress2\":null,\"clientCity\":null,\"clientCounty\":null,\"clientPostal\":null,\"clientCountry\":null,\"clientState\":null,\"clientPhone\":null,\"portalName\":\"CLIENT_PORTAL_NAME\"}},\"gridComponentId\":1},{\"name\":\"Header Text Box\",\"isDefault\":true,\"defaultOrder\":2,\"key\":\"TextComponent\",\"locationKey\":\"TextComponent\",\"props\":{\"layout\":{\"w\":3,\"h\":3,\"x\":9,\"y\":0,\"i\":\"grid-item-2\",\"moved\":false,\"static\":false,\"isDraggable\":true,\"isResizable\":true},\"draftEditors\":[{\"props\":{\"locationKey\":\"TextComponent\"}}]}},{\"name\":\"Report Title\",\"isDefault\":true,\"defaultOrder\":3,\"key\":\"reportTitle\",\"props\":{\"layout\":{\"w\":8,\"h\":2,\"x\":2,\"y\":4,\"i\":\"grid-item-3\",\"minW\":4,\"minH\":1,\"moved\":false,\"static\":false,\"isDraggable\":true,\"isResizable\":true},\"gridComponentId\":3,\"title\":\"Corrections Report by Category\"},\"gridComponentId\":3},{\"name\":\"Editable Project Info\",\"isDefault\":true,\"defaultOrder\":4,\"key\":\"editableProjectInfo\",\"props\":{\"align\":\"row\",\"layout\":{\"w\":12,\"h\":8,\"x\":0,\"y\":6,\"i\":\"grid-item-4\",\"minW\":4,\"minH\":1,\"moved\":false,\"static\":false,\"isDraggable\":true,\"isResizable\":true},\"tableData\":{\"styles\":{\"fontSize\":\"16\",\"showTableBorder\":true},\"columns\":[{\"label\":\"column 1\",\"style\":{\"bold\":true,\"fontSize\":16}},{\"label\":\"column 2\",\"style\":{\"bold\":true,\"fontSize\":16}},{\"label\":\"column 3\",\"style\":{\"bold\":true,\"fontSize\":16}},{\"label\":\"column 4\",\"style\":{\"bold\":true,\"fontSize\":16}}],\"rows\":[[{\"style\":{\"bold\":false,\"fontSize\":16},\"position\":0,\"value\":\"info 1\"},{\"style\":{\"bold\":false,\"fontSize\":16},\"position\":1,\"value\":\"info 2\"},{\"style\":{\"bold\":false,\"fontSize\":16},\"position\":2,\"value\":\"info 3\"},{\"style\":{\"bold\":false,\"fontSize\":16},\"position\":3,\"value\":\"info 4\"}],[{\"style\":{\"bold\":false,\"fontSize\":16},\"position\":0,\"value\":\"info 1\"},{\"style\":{\"bold\":false,\"fontSize\":16},\"position\":1,\"value\":\"info 2\"},{\"style\":{\"bold\":false,\"fontSize\":16},\"position\":2,\"value\":\"info 3\"},{\"style\":{\"bold\":false,\"fontSize\":16},\"position\":3,\"value\":\"info 4\"}],[{\"style\":{\"bold\":false,\"fontSize\":16},\"position\":0,\"value\":\"info 1\"},{\"style\":{\"bold\":false,\"fontSize\":16},\"position\":1,\"value\":\"info 2\"},{\"style\":{\"bold\":false,\"fontSize\":16},\"position\":2,\"value\":\"info 3\"},{\"style\":{\"bold\":false,\"fontSize\":16},\"position\":3,\"value\":\"info 4\"}],[{\"style\":{\"bold\":false,\"fontSize\":16},\"position\":0,\"value\":\"info 1\"},{\"style\":{\"bold\":false,\"fontSize\":16},\"position\":1,\"value\":\"info 2\"},{\"style\":{\"bold\":false,\"fontSize\":16},\"position\":2,\"value\":\"info 3\"},{\"style\":{\"bold\":false,\"fontSize\":16},\"position\":3,\"value\":\"info 4\"}]]},\"gridComponentId\":4,\"projectData\":{\"managerUsers\":[{\"firstName\":\"example\",\"lastName\":\"user\"}],\"projectType\":{\"label\":\"the project type\"},\"projectType_LIID\":\"213\",\"projectNumber\":\"project number\",\"projectName\":\"project name\",\"address\":{\"streetNumber\":\"St. number\",\"direction\":\"1\",\"streetName\":\"St. name\",\"streetName2\":\"St. name 2\",\"streetType\":\"2\",\"unit\":\"unit\",\"city\":\"city\",\"state\":\"1\",\"zipCode\":\"zip code\",\"country\":\"2\",\"parcel\":\"parcel\",\"lotNumber\":\"lot number\",\"tractNumber\":\"tract number\"},\"persons\":[{\"id\":\"id\",\"firstName\":\"first name\",\"lastName\":\"last name\",\"fullName\":\"first name last name\",\"ProjectPerson\":{\"isPrimary\":true}}],\"referenceNumber\":\"123423141234\",\"serviceArea\":{\"label\":\"the service area\"},\"serviceArea_LIID\":\"203\"}},\"gridComponentId\":4},{\"name\":\"Report Instructions\",\"isDefault\":true,\"defaultOrder\":5,\"key\":\"reportInstructions\",\"props\":{\"layout\":{\"w\":12,\"h\":3,\"x\":0,\"y\":14,\"i\":\"grid-item-5\",\"minW\":5,\"minH\":2,\"moved\":false,\"static\":false,\"isDraggable\":true,\"isResizable\":true},\"draftEditors\":[{\"props\":{\"locationKey\":\"ReportInstructions\"}}],\"reportInstructions\":{\"projectInstructions\":[\"Report instructions go here.\"]},\"gridComponentId\":5},\"gridComponentId\":5},{\"name\":\"Report Document List\",\"isDefault\":true,\"defaultOrder\":6,\"key\":\"reportDocumentList\",\"props\":{\"layout\":{\"w\":12,\"h\":4,\"x\":0,\"y\":17,\"i\":\"grid-item-6\",\"minW\":6,\"minH\":4,\"moved\":false,\"static\":false,\"isDraggable\":true,\"isResizable\":true},\"reportDocumentList\":{\"documentListData\":[{\"filename\":\"document name\",\"cycle\":{\"label\":\"document label\"},\"cycle_LIID\":603,\"version\":\"000234\"}],\"documentCycle\":\"document cycle\"},\"gridComponentId\":6},\"gridComponentId\":6},{\"name\":\"Report CommentList\",\"isDefault\":true,\"defaultOrder\":7,\"key\":\"reportCommentList\",\"props\":{\"layout\":{\"w\":12,\"h\":12,\"x\":0,\"y\":21,\"i\":\"grid-item-7\",\"minW\":12,\"maxW\":12,\"moved\":false,\"static\":false,\"isDraggable\":true,\"isResizable\":true},\"reportCommentList\":{\"commentListData\":[{\"comments\":[{\"group\":{\"label\":\"Planning\",\"sortOrder\":5},\"group_LIID\":132,\"documentComments\":[{\"documentEntity\":{\"versionAdded\":{\"documentVersion\":{\"filename\":\"filename\"},\"pageNumber\":1}}}],\"owner_id\":\"1\",\"owner\":{\"firstName\":\"first name\",\"lastName\":\"last name\",\"email\":\"email address\",\"primaryPhone\":\"555-555-5555\"},\"reviewer\":\"fName lName\",\"reviewType\":{\"label\":\"Civil\",\"sortOrder\":1},\"reviewType_LIID\":349,\"category\":{\"label\":\"General\",\"sortOrder\":1},\"category_LIID\":220,\"subcategory\":{\"label\":\"Grading\",\"sortOrder\":1},\"subcategory_LIID\":465,\"content\":\"comment content\",\"commentNumber\":\"00009\"},{\"group\":{\"label\":\"Public Works\",\"sortOrder\":4},\"group_LIID\":133,\"documentComments\":[{\"documentEntity\":{\"versionAdded\":{\"documentVersion\":{\"filename\":\"filename\"},\"pageNumber\":1}}}],\"owner_id\":\"1\",\"owner\":{\"firstName\":\"first name\",\"lastName\":\"last name\",\"email\":\"email address\",\"primaryPhone\":\"555-555-5555\"},\"reviewer\":\"fName lName\",\"reviewType\":{\"label\":\"Civil\",\"sortOrder\":1},\"reviewType_LIID\":349,\"category\":{\"label\":\"General\",\"sortOrder\":1},\"category_LIID\":220,\"subcategory\":{\"label\":\"Grading\",\"sortOrder\":1},\"subcategory_LIID\":465,\"content\":\"comment content\",\"commentNumber\":\"00009\"},{\"group\":{\"label\":\"Fire\",\"sortOrder\":2},\"group_LIID\":131,\"documentComments\":[{\"documentEntity\":{\"versionAdded\":{\"documentVersion\":{\"filename\":\"filename\"},\"pageNumber\":1}}}],\"owner_id\":\"1\",\"owner\":{\"firstName\":\"first name\",\"lastName\":\"last name\",\"email\":\"email address\",\"primaryPhone\":\"555-555-5555\"},\"reviewer\":\"fName lName\",\"reviewType\":{\"label\":\"Civil\",\"sortOrder\":1},\"reviewType_LIID\":349,\"category\":{\"label\":\"General\",\"sortOrder\":1},\"category_LIID\":220,\"subcategory\":{\"label\":\"Grading\",\"sortOrder\":1},\"subcategory_LIID\":465,\"content\":\"comment content\",\"commentNumber\":\"00010\"},{\"group\":{\"label\":\"Fire\",\"sortOrder\":2},\"group_LIID\":131,\"documentComments\":[{\"documentEntity\":{\"versionAdded\":{\"documentVersion\":{\"filename\":\"filename\"},\"pageNumber\":1}}}],\"owner_id\":\"1\",\"owner\":{\"firstName\":\"first name\",\"lastName\":\"last name\",\"email\":\"email address\",\"primaryPhone\":\"555-555-5555\"},\"reviewer\":\"fName lName\",\"reviewType\":{\"label\":\"Civil\",\"sortOrder\":1},\"reviewType_LIID\":349,\"category\":{\"label\":\"General\",\"sortOrder\":1},\"category_LIID\":220,\"subcategory\":{\"label\":\"Grading\",\"sortOrder\":1},\"subcategory_LIID\":465,\"content\":\"comment content\",\"commentNumber\":\"00011\"}],\"documentVersionFileName\":\"filename\",\"label\":\"General\",\"group_LIID\":132,\"reviewer\":{\"email\":\"email address\",\"phone\":\"555-555-5555\"},\"subheadings\":[{\"label\":\"Grading\",\"LIID\":465}]}]},\"gridComponentId\":7,\"sortOption\":2},\"gridComponentId\":7},{\"name\":\"Report Footer\",\"isDefault\":true,\"defaultOrder\":8,\"key\":\"reportFooter\",\"props\":{\"layout\":{\"w\":12,\"h\":2,\"x\":0,\"y\":33,\"i\":\"grid-item-8\",\"moved\":false,\"static\":false,\"isDraggable\":true,\"isResizable\":true},\"reportFooter\":{\"clientData\":{\"clientAgency\":\"CLIENT_NAME\",\"clientAddress\":null,\"clientAddress2\":null,\"clientCity\":null,\"clientCounty\":null,\"clientPostal\":null,\"clientCountry\":null,\"clientState\":null,\"clientPhone\":null,\"portalName\":\"CLIENT_PORTAL_NAME\"}},\"gridComponentId\":8},\"gridComponentId\":8}]}','{\"logo\": \"https://images-na.ssl-images-amazon.com/images/I/511on-H216L._SX425_.jpg\"}',1,NULL,'2019-07-26 21:28:40','2019-08-27 15:30:56',NULL,'<div id=\"report-preview-page\" class=\"report-preview-page\" style=\"position: absolute; display: flex; flex-direction: column; z-index: 901; left: 50%; top: 10%; margin-top: 20px; transform: translate(-50%); border-radius: 2px; background-color: white; font-family: Roboto, &quot;Century Gothic&quot;, Tahoma, Geneva, Georgia, sans-serif; font-size: 14px;\"><div id=\"report-preview-page-container\" class=\"report-preview-page-container\" style=\"width: 8.5in;\"><div class=\"report-preview-page-container-inner\" style=\"position: relative; margin: 0.65in 0.65in 0.69in;\"><div class=\"report-preview-inner-wrapper\" style=\"background-color: white; padding-bottom: 30px;\"><div class=\"react-grid-layout layout\" style=\"height: 1410px;\"><div id=\"reportLogo0\" data-grid=\"[object Object]\" class=\"react-grid-item react-draggable cssTransforms react-resizable\" style=\"border: 1px solid lightgray; border-radius: 4px; padding: 10px; width: 160px; height: 110px; position: absolute; touch-action: none; transform: translate(10px, 10px);\">{{reportLogo0}}</div><div id=\"reportClientInfo1\" data-grid=\"[object Object]\" class=\"react-grid-item react-draggable cssTransforms react-resizable\" style=\"border: 1px solid lightgray; border-radius: 4px; padding: 10px; width: 331px; height: 150px; position: absolute; touch-action: none; transform: translate(180px, 10px);\">{{reportClientInfo1}}</div><div id=\"TextComponent2\" data-grid=\"[object Object]\" class=\"react-grid-item react-draggable cssTransforms react-resizable\" style=\"border: 1px solid lightgray; border-radius: 4px; padding: 10px; width: 160px; height: 110px; position: absolute; touch-action: none; transform: translate(521px, 10px);\">{{TextComponent2}}</div><div id=\"reportTitle3\" data-grid=\"[object Object]\" class=\"react-grid-item react-draggable cssTransforms react-resizable\" style=\"border: 1px solid lightgray; border-radius: 4px; padding: 10px; width: 444px; height: 70px; position: absolute; touch-action: none; transform: translate(124px, 170px);\">{{reportTitle3}}</div><div id=\"editableProjectInfo4\" data-grid=\"[object Object]\" class=\"react-grid-item react-draggable cssTransforms react-resizable\" style=\"border: 1px solid lightgray; border-radius: 4px; padding: 10px; width: 671px; height: 310px; position: absolute; touch-action: none; transform: translate(10px, 250px);\">{{editableProjectInfo4}}</div><div id=\"reportInstructions5\" data-grid=\"[object Object]\" class=\"react-grid-item react-draggable cssTransforms react-resizable\" style=\"border: 1px solid lightgray; border-radius: 4px; padding: 10px; width: 671px; height: 110px; position: absolute; touch-action: none; transform: translate(10px, 570px);\">{{reportInstructions5}}</div><div id=\"reportDocumentList6\" data-grid=\"[object Object]\" class=\"react-grid-item react-draggable cssTransforms react-resizable\" style=\"border: 1px solid lightgray; border-radius: 4px; padding: 10px; width: 671px; height: 150px; position: absolute; touch-action: none; transform: translate(10px, 690px);\">{{reportDocumentList6}}</div><div id=\"reportCommentList7\" data-grid=\"[object Object]\" class=\"react-grid-item react-draggable cssTransforms react-resizable\" style=\"border: 1px solid lightgray; border-radius: 4px; padding: 10px; width: 671px; height: 470px; position: absolute; touch-action: none; transform: translate(10px, 850px);\">{{reportCommentList7}}</div><div id=\"reportFooter8\" data-grid=\"[object Object]\" class=\"react-grid-item react-draggable cssTransforms react-resizable\" style=\"border: 1px solid lightgray; border-radius: 4px; padding: 10px; width: 671px; height: 70px; position: absolute; touch-action: none; transform: translate(10px, 1330px);\">{{reportFooter8}}</div></div></div></div></div></div>'),(3,2,375,'ForPermitting_corrections','City of Industry','<!-- report container -->\n<div style=\"padding-left: 10pt; padding-right: 10pt; padding-bottom: 50pt; max-width:1000pt; margin: 0 auto;\">\n<!-- main content container -->\n<div style=\"width: calc(100% - 10pt); margin: 5pt;\" ecr-report-data rd-resource=\"\'comments\'\" rd-bind=\"\'comments\'\"\n    rd-parameters=\"{project_id:incoming.project_id,owner_id:incoming.owner_id,group_LIID:incoming.group_LIID,disposition_LIID:incoming.disposition_LIID,reviewType_LIID:incoming.reviewType_LIID,category_LIID:incoming.category_LIID,subcategory_LIID:incoming.subcategory_LIID,impact_LIID:incoming.impact_LIID,id:incoming.id}\">\n    <!-- first page -->\n    <div class=\"firstPageContainer\" style=\"page-break-after: always; width:100%;\">\n        <!-- first row of corrections report -->\n        <div class=\"correctionsReportHeaderRow\" style=\"overflow:auto;\">\n            <!-- general client info container -->\n            <div id=\"clientAddressInfoContainer\" style=\"float:left; display:inline-block;\">\n                <div>\n                    <h2 ecr-report-data rd-resource=\"\'settings\'\" rd-bind=\"\'clientAgency\'\" rd-parameters=\"{key:\'clientAgency\'}\">{{clientAgency[0].value}}</h2>\n                </div>\n                <div>\n                    <span ecr-report-data rd-resource=\"\'settings\'\" rd-bind=\"\'clientAddress\'\" rd-parameters=\"{key:\'clientAddress\'}\">{{clientAddress[0].value}}</span>\n                    <span ecr-report-data rd-resource=\"\'settings\'\" rd-bind=\"\'clientAddress2\'\" rd-parameters=\"{key:\'clientAddress2\'}\"\n                        ng-hide=\"clientAddress2.length==0 || clientAddress2[0].value == null || clientAddress2.value.length < 1\">{{\', \' + clientAddress2[0].value}}\n                    </span>\n                </div>\n                <div>\n                    <span ecr-report-data rd-resource=\"\'settings\'\" rd-bind=\"\'clientCity\'\" rd-parameters=\"{key:\'clientCity\'}\">\n                        {{clientCity[0].value}}<span ng-show=\"!clientCity || clientCity.length == 0 || !clientCity[0].value\" ecr-report-data rd-resource=\"\'settings\'\" rd-bind=\"\'clientCounty\'\" rd-parameters=\"{key:\'clientCounty\'}\">{{clientCounty[0].value}}</span>\n                    </span>\n                    <span ecr-report-data rd-resource=\"\'settings\'\" rd-bind=\"\'clientState\'\" rd-parameters=\"{key:\'clientState\'}\">\n                        <ecr-report-data rd-resource=\"\'listTypes\'\" rd-bind=\"\'statesListType\'\" rd-parameters=\"{key:\'States\'}\">\n                            <span ng-if=\"!!clientState[0].value && !!statesListType[0].id\" ecr-report-data\n                                rd-resource=\"\'listTypes/\'+statesListType[0].id+\'/listItems/\'+clientState[0].value\" rd-bind=\"\'clientStateListItem\'\">\n                                {{\', \' + clientStateListItem.label}}\n                            </span>\n                        </ecr-report-data>\n                    </span>\n                </div>\n                <div>\n                    <span ecr-report-data rd-resource=\"\'settings\'\" rd-bind=\"\'clientPhone\'\" rd-parameters=\"{key:\'clientPhone\'}\">{{clientPhone[0].value}}</span>\n                </div>\n            </div>\n            <!-- logo container -->\n            <div ng-if=\"!!incoming.logoSrc\" class=\"correctionsReportLogoContainer\" style=\"float:right; display:inline-block; padding-top: 10pt; padding-right: 10pt; overflow:hidden;\">\n                <img ng-src=\"{{incoming.logoSrc}}\" cross-origin=\"Anonymous\" style=\"max-width: 100pt; max-height: 100pt;\">\n            </div>\n        </div>\n        <div>\n            <h2 style=\"text-align:center;\"><u>PLAN CHECK CORRECTIONS LIST</u></h2>\n        </div>\n        <!-- project info container -->\n        <div>\n            <table style=\"margin-top: 25pt;\" ng-if=\"!!incoming.project_id\" ecr-report-data rd-resource=\"\'projects/\'+incoming.project_id\" rd-bind=\"\'project\'\">\n                <tbody style=\"font-size: 1.1em;\">\n                    <tr>\n                        <td style=\"white-space:nowrap; vertical-align:top; padding-bottom: 10pt;\">Date: </td>\n                        <td style=\"padding-left: 15pt; padding-bottom: 10pt;\">{{DateReference.now() | date: \'MMMM dd, yyyy\'}}</td>\n                    </tr>\n                    <tr>\n                        <td style=\"white-space:nowrap; vertical-align:top; padding-bottom: 10pt;\">Printed by: </td>\n                        <td style=\"padding-left: 15pt; padding-bottom: 10pt;\">\n                            {{(AuthenticatedUser.firstName && AuthenticatedUser.lastName) ? (AuthenticatedUser.firstName + \' \' + AuthenticatedUser.lastName) : AuthenticatedUser.initials}}\n                        </td>\n                    </tr>\n                    <tr>\n                        <td style=\"white-space:nowrap; vertical-align:top; padding-bottom: 10pt;\">Project Manager: </td>\n                        <td style=\"padding-left: 15pt; padding-bottom: 10pt;\">\n                            <span ng-if=\"!!project.managerUser_id\" ecr-report-data rd-resource=\"\'persons/\'+project.managerUser_id\" rd-bind=\"\'projectManager\'\">\n                                {{projectManager.fullName}}\n                            </span>\n                        </td>\n                    </tr>\n                    <tr>\n                        <td style=\"white-space:nowrap; vertical-align:top; padding-bottom: 10pt;\">Project Number: </td>\n                        <td style=\"padding-left: 15pt; padding-bottom: 10pt;\">{{project.projectNumber}}</td>\n                    </tr>\n                    <tr>\n                        <td style=\"white-space:nowrap; vertical-align:top; padding-bottom: 10pt;\">Project Address: </td>\n                        <td style=\"padding-left: 15pt; padding-bottom: 10pt;\">\n                            <!-- collect project address data -->\n                            <span ng-if=\"!!project.address_id\" ecr-report-data rd-resource=\"\'projects/\'+project.id+\'/addresses/\'+project.address_id\" rd-bind=\"\'projectAddress\'\">\n                                {{\n                                    (projectAddress.streetNumber ? projectAddress.streetNumber + \' \' : \'\') +\n                                    (projectAddress.direction_LIID ? projectAddress.direction.abbreviation + \' \' : \'\') +\n                                    (projectAddress.streetName ? projectAddress.streetName + \' \' : \'\') +\n                                    (projectAddress.streetName2 ? projectAddress.streetName2 + \' \' : \'\') +\n                                    (projectAddress.streetType_LIID ? projectAddress.streetType.abbreviation + \' \' : \'\') +\n                                    (projectAddress.unit ? \'Unit \' + projectAddress.unit + \' \' : \'\') +\n                                    (projectAddress.lotNumber ? \'Lot \' + projectAddress.lotNumber + \' \' : \'\') +\n                                    (projectAddress.tractNumber ? \'Tract \' +projectAddress.tractNumber + \' \' : \'\') +\n                                    (projectAddress.parcel ? \'Parcel \' + projectAddress.parcel + \' \' : \'\') +\n                                    (projectAddress.city ? projectAddress.city + \', \' : (projectAddress.county ? projectAddress.county + \', \' : \'\')) +\n                                    (projectAddress.state_LIID ? projectAddress.state.label + \' \' : (projectAddress.country_LIID ? projectAddress.country.label + \' \' : \'\')) +\n                                    (projectAddress.zipCode ? projectAddress.zipCode : \'\')\n                                }}\n                            </span>\n                        </td>\n                    </tr>\n                    <tr>\n                        <td style=\"white-space:nowrap; vertical-align:top; padding-bottom: 10pt;\">Project Description: </td>\n                        <td style=\"padding-left: 15pt; padding-bottom: 10pt;\"><p>{{project.scopeOfWork}}</p></td>\n                    </tr>\n                </tbody>\n            </table>\n        </div>\n        <!-- instructions for corrections reviewing -->\n        <div>\n            <p>The items noted below require correction or clarification before this Plan Check submittal can be approved for permit issuance.</p>\n            <p>Each line item includes a comment number and a sheet number, if applicable, for easy reference to the reviewed plans.</p>\n            <h6 style=\"margin-top: 5pt; margin-bottom: 5pt;\">Plan Check Expiration Date and Extensions:</h6>\n            <p>Respond to the corrections/comments by directly writing on the marked-up review prints. If responses are not received within one calendar year (365 days), submitted plans will be discarded.</p>\n        </div>\n        <!-- files section -->\n        <div layout=\"column\" style=\"margin:40pt 20pt; width: 100%;\">\n            <ecr-report-data ng-repeat=\"comment in comments | filter:{documentComments:{documentEntity:{versionAdded:{documentVersion:{id:\'!!\'}}}}}\"\n                rd-resource=\"\'documentVersions/between\'\" rd-bind=\"\'documentVersions\'\" rd-bind-to-parent=\"{{true}}\" rd-allow-fail=\"{{true}}\"\n                rd-parameters=\"{startId:comment.documentComments[0].documentEntity.versionAdded.documentVersion.id, endId:comment.documentComments[0].documentEntity.versionClosed.documentVersion.id}\"\n            ></ecr-report-data>\n            <table>\n                <tr>\n                    <th style=\"text-align:left; padding-bottom: 6pt; padding-right: 50pt; vertical-align:top;\"><u>File Name</u></th>\n                    <th style=\"text-align:left; padding-right: 50pt; vertical-align:top;\"><u>Version</u></th>\n                    <th style=\"text-align:left; vertical-align:top;\"><u>Submittal</u></th>\n                </tr>\n                <tr layout=\"row\" ng-repeat=\"documentVersion in (filteredDocumentVersions = (documentVersions | unique:\'id\' | orderBy:\'document_id\':true | orderBy:\'filename\')) track by $index\">\n                    <td style=\"padding-bottom: 3pt; padding-right: 50pt;\">{{documentVersion.filename}}</td>\n                    <td style=\"padding-right: 50pt;\">{{documentVersion.version}}</td>\n                    <td>{{documentVersion.cycle.label}}</td>\n                </tr>\n            </table>\n        </div>\n    </div>\n    <!-- comments section -->\n    <div ng-if=\"!!comments\">\n        <!-- Get Groups ListType-->\n        <ecr-report-data rd-resource=\"\'listTypes\'\" rd-bind=\"\'groupsListTypes\'\" rd-parameters=\"{key:\'Groups\'}\" rd-bind-to-parent=\"{{true}}\">\n        </ecr-report-data>\n        <!-- Get ReviewTypes ListType-->\n        <ecr-report-data rd-resource=\"\'listTypes\'\" rd-bind=\"\'reviewTypeListTypes\'\" rd-parameters=\"{key:\'ReviewType\'}\" rd-bind-to-parent=\"{{true}}\">\n        </ecr-report-data>\n        <!-- Get the relevant ListItems based on ListType id-->\n        <div ecr-report-data ng-repeat=\"groupsListType in groupsListTypes\" rd-resource=\"\'listTypes/\'+groupsListType.id+\'/listItems\'\" rd-bind=\"\'groups\'\" rd-bind-to-parent=\"{{true}}\">\n            <div ecr-report-data ng-repeat=\"reviewTypeListType in reviewTypeListTypes\" rd-resource=\"\'listTypes/\'+reviewTypeListType.id+\'/listItems\'\" rd-bind=\"\'reviewTypes\'\" rd-bind-to-parent=\"{{true}}\">\n                <!-- handle null group, hide if no comments for null group -->\n                <div ng-if=\"customFunctions.filterLists(comments, null)\" style=\"padding-bottom: 10pt\";>\n                    <div>\n                        <h2>No Group</h2>\n                    </div>\n                    <!-- Handle null reviewType, hide if no comments -->\n                    <div ng-if=\"customFunctions.filterLists(comments,null,null)\">\n                        <h4 style=\"margin-top: 9pt;\"><u>Requirements</u></h4>\n                        <div>\n                            <!-- display comments, filtered by group and reviewType.  order by owner -->\n                            <div ng-repeat=\"comment in (filteredComments = (comments | filter:{group_LIID:null, reviewType_LIID:null} | orderBy: \'owner.fullName\')) track by $index\" style=\"width: 100%; padding: 5pt;\">\n                                <div style=\"padding-left:20pt; padding-top: 2pt; padding-bottom: 10pt; padding-right: 10pt;\">\n                                    <!-- if new section of owner\'s comments, display owner data -->\n                                    <div ng-if=\"$index == 0 || filteredComments[$index].owner.id != filteredComments[$index-1].owner.id\" style=\"width:100%;\">\n                                        <div style=\"text-align:right; padding-bottom:3pt;\">{{\'Prepared by: \' + comment.owner.fullName}}</div>\n                                        <div style=\"text-align:right; padding-bottom:5pt;\">{{comment.owner.email}}    {{comment.owner.primaryPhone}}</div>\n                                    </div>\n                                    <!-- display comment -->\n                                    <div style=\"width: 100%;\"><!--\n                                        --><div style=\"vertical-align: top; width:7%; display:inline-block;\">{{comment.commentNumber + \'. \'}}</div><!--\n                                        --><div class=\"rd-vertical-align-child\" style=\"display:inline-block; width:93%;\" ng-bind-html=\"comment.content\"></div><!--\n                                    --></div>\n                                </div>\n                                <table style=\"width: 100%;\">\n                                   <tbody style=\"border-bottom: solid #ccc 0.5pt\">\n                                   <tr>\n                                       <td></td>\n                                   </tr>\n                                   </tbody>\n                               </table>\n                            </div>\n                        </div>\n                    </div>\n                    <!-- handle reviewTypes, hide if no applicable comments -->\n                    <div ng-repeat=\"reviewType in reviewTypes\" ng-if=\"customFunctions.filterLists(comments,null,reviewType.id)\" style=\"padding-bottom: 10pt\";>\n                        <h4 style=\"margin-top: 9pt;\"><u>{{reviewType.label + \' Requirements\'}}</u></h4>\n                        <div>\n                            <!-- display comments, filtered by group and reviewType.  order by owner -->\n                            <div ng-repeat=\"comment in (filteredComments = (comments | filter:{group_LIID:null, reviewType_LIID:reviewType.id} | orderBy: \'owner.fullName\')) track by $index\" style=\"width: 100%; padding: 5pt;\">\n                                <div style=\"padding-left:20pt; padding-top: 2pt; padding-bottom: 10pt; padding-right: 10pt;\">\n                                <!-- if new section of owner\'s comments, display owner data -->\n                                    <div ng-if=\"$index == 0 || filteredComments[$index].owner.id != filteredComments[$index-1].owner.id\" style=\"width:100%;\">\n                                        <div style=\"text-align:right; padding-bottom:3pt;\">{{\'Prepared by: \' + comment.owner.fullName}}</div>\n                                        <div style=\"text-align:right; padding-bottom:5pt;\">{{comment.owner.email}}    {{comment.owner.primaryPhone}}</div>\n                                    </div>\n                                    <!-- display comment -->\n                                    <div style=\"width: 100%;\"><!--\n                                        --><div style=\"vertical-align: top; width:7%; display:inline-block;\">{{comment.commentNumber + \'. \'}}</div><!--\n                                        --><div class=\"rd-vertical-align-child\" style=\"display:inline-block; width:93%;\" ng-bind-html=\"comment.content\"></div><!--\n                                    --></div>\n                                </div>\n                                <table style=\"width: 100%;\">\n                                   <tbody style=\"border-bottom: solid #ccc 0.5pt\">\n                                   <tr>\n                                       <td></td>\n                                   </tr>\n                                   </tbody>\n                               </table>\n                            </div>\n                        </div>\n                    </div>\n                </div>\n                <!-- handle groups, hide if no comments applicable -->\n                <div ng-repeat=\"group in groups\" ng-if=\"customFunctions.filterLists(comments, group.id)\" style=\"padding-bottom: 10pt\";>\n                    <div>\n                        <h2>{{group.label}}</h2>\n                    </div>\n                    <!-- Handle null reviewType with same reviewType logic -->\n                    <div ng-if=\"customFunctions.filterLists(comments,group.id,null)\">\n                        <h4 style=\"margin-top: 9pt;\"><u>Requirements</u></h4>\n                        <div>\n                            <!-- display comments, filtered by group and reviewType.  order by owner -->\n                            <div ng-repeat=\"comment in (filteredComments = (comments | filter:{group_LIID:group.id, reviewType_LIID:null} | orderBy: \'owner.fullName\')) track by $index\" style=\"width: 100%; padding: 5pt;\">\n                                <div style=\"padding-left:20pt; padding-top: 2pt; padding-bottom: 10pt; padding-right: 10pt;\">\n                                    <!-- if new section of owner\'s comments, display owner data -->\n                                    <div ng-if=\"$index == 0 || filteredComments[$index].owner.id != filteredComments[$index-1].owner.id\" style=\"width:100%;\">\n                                        <div style=\"text-align:right; padding-bottom:3pt;\">{{\'Prepared by: \' + comment.owner.fullName}}</div>\n                                        <div style=\"text-align:right; padding-bottom:5pt;\">{{comment.owner.email}}    {{comment.owner.primaryPhone}}</div>\n                                    </div>\n                                    <!-- display comment -->\n                                    <div style=\"width: 100%;\"><!--\n                                        --><div style=\"vertical-align: top; width:7%; display:inline-block;\">{{comment.commentNumber + \'. \'}}</div><!--\n                                        --><div class=\"rd-vertical-align-child\" style=\"display:inline-block; width:93%;\" ng-bind-html=\"comment.content\"></div><!--\n                                    --></div>\n                                </div>\n                                <table style=\"width: 100%;\">\n                                   <tbody style=\"border-bottom: solid #ccc 0.5pt\">\n                                   <tr>\n                                       <td></td>\n                                   </tr>\n                                   </tbody>\n                               </table>\n                            </div>\n                        </div>\n                    </div>\n                    <!-- handle reviewType, hide if no applicable comments -->\n                    <div ng-repeat=\"reviewType in reviewTypes\" ng-if=\"customFunctions.filterLists(comments,group.id,reviewType.id)\" style=\"padding-bottom: 10pt\";>\n                        <h4 style=\"margin-top: 9pt;\"><u>{{reviewType.label + \' Requirements\'}}</u></h4>\n                        <div>\n                            <!-- display comments, filtered by group and reviewType.  order by owner -->\n                            <div ng-repeat=\"comment in (filteredComments = (comments | filter:{group_LIID:group.id, reviewType_LIID:reviewType.id} | orderBy: \'owner.fullName\')) track by $index\" style=\"width: 100%; padding: 5pt;\">\n                                <div style=\"padding-left:20pt; padding-top: 2pt; padding-bottom: 10pt; padding-right: 10pt;\">\n                                    <!-- if new section of owner\'s comments, display owner data -->\n                                    <div ng-if=\"$index == 0 || filteredComments[$index].owner.id != filteredComments[$index-1].owner.id\" style=\"width:100%;\">\n                                        <div style=\"text-align:right; padding-bottom:3pt;\">{{\'Prepared by: \' + comment.owner.fullName}}</div>\n                                        <div style=\"text-align:right; padding-bottom:5pt;\">{{comment.owner.email}}    {{comment.owner.primaryPhone}}</div>\n                                    </div>\n                                    <!-- display comment -->\n                                    <div style=\"width: 100%;\"><!--\n                                        --><div style=\"vertical-align: top; width:7%; display:inline-block;\">{{comment.commentNumber + \'. \'}}</div><!--\n                                        --><div class=\"rd-vertical-align-child\" style=\"display:inline-block; width:93%;\" ng-bind-html=\"comment.content\"></div><!--\n                                    --></div>\n                                </div>\n                                <table style=\"width: 100%;\">\n                                   <tbody style=\"border-bottom: solid #ccc 0.5pt\">\n                                   <tr>\n                                       <td></td>\n                                   </tr>\n                                   </tbody>\n                               </table>\n                            </div>\n                        </div>\n                    </div>\n                </div>\n            </div>\n        </div>\n    </div>\n</div>\n</div>','{\"logo\": \"http://civicpubs.com/img/logos/City_of_Industry_Logo_Black.jpg\",\"incoming\":{\"reviewType_LIID\":{\"type\":\"integer\",\"required\":\"no\"},\"category_LIID\":{\"type\":\"integer\",\"required\":\"no\"},\"subcategory_LIID\":{\"type\":\"integer\",\"required\":\"no\"},\"project_id\":{\"type\":\"integer\",\"required\":\"no\"},\"owner_id\":{\"type\":\"integer\",\"required\":\"no\"},\"disposition_LIID\":{\"type\":\"integer\",\"required\":\"no\"},\"impact_LIID\":{\"type\":\"integer\",\"required\":\"no\"},\"group_LIID\":{\"type\":\"integer\",\"required\":\"no\"},\"id\":{\"type\":\"array\",\"required\":\"no\"},\"backgroundColor\":{\"type\":\"string\",\"required\":\"no\"},\"_orient\":{\"type\":\"string\",\"required\":\"no\",\"default\":\"portrait\"},\"logoSrc\":{\"type\":\"string\",\"required\":\"no\",\"default\":\"/files/logo\"}},\"styling\":{\".rd-vertical-align-child > *:first-child\":{\"padding-top\":\"0\",\"margin-top\":\"0\"}},\"customFunctions\":{\"filterLists\":{\"params\":[\"comments\",\"group_LIID\",\"reviewType_LIID\"],\"function\":\"return comments.some(function(comment){return comment.group_LIID==group_LIID && (reviewType_LIID===undefined || comment.reviewType_LIID==reviewType_LIID);});\"}}}',1,NULL,'2019-07-26 21:28:40','2019-07-26 21:28:40',NULL,NULL),(4,2,376,'ForPermitting_SubmittalRecommendation','Commerce','<p><span style=\"font-family:Calibri, Candara, Segoe, \'Segoe UI\', Optima, Arial, sans-serif\"><img alt=\"\" src=\"/files/logo\" style=\"max-height: 125px; max-width: 167px;\" /></span></p>\n        \n        <p style=\"text-align:center\"><span style=\"font-family:Calibri, Candara, Segoe, \'Segoe UI\', Optima, Arial, sans-serif\"><span style=\"font-size:18px\"><strong>ELECTRONIC SUBMITTAL RECOMMENDATIONS FOR PERMITTING</strong></span></span></p>\n        \n        <p><span style=\"font-family:Calibri, Candara, Segoe, \'Segoe UI\', Optima, Arial, sans-serif\"><span style=\"font-size:14px\">Please use the following instructions to prepare your documents for electronic plan submittal. Note that<em> plan review files (&ldquo;plans&rdquo;)</em> have different submittal recommendations than supporting documents.</span></span></p>\n        \n        <p><span style=\"font-family:Calibri, Candara, Segoe, \'Segoe UI\', Optima, Arial, sans-serif\"><span style=\"font-size:14px\"><strong>A. PREPARING PLAN REVIEW FILES (&ldquo;PLANS&rdquo;) FOR SUBMITTAL</strong></span></span></p>\n        \n        <ol>\n            <li><span style=\"font-family:Calibri, Candara, Segoe, \'Segoe UI\', Optima, Arial, sans-serif\"><span style=\"font-size:14px\"><strong>File Drawing Style:</strong> Plans should be plotted/drawn using a <u>black and white</u> plot style. Colored pens are not encouraged because plan review markups will be drawn using colored sketches (and reduces the file size).</span></span></li>\n            <li><span style=\"font-family:Calibri, Candara, Segoe, \'Segoe UI\', Optima, Arial, sans-serif\"><span style=\"font-size:14px\"><strong>File Scale:</strong> Plans must be drawn and saved &ldquo;To Scale&rdquo; to ensure proper measuring of lines and areas electronically. Include a scale on each sheet or include the measurements for each object.</span></span></li>\n            <li><span style=\"font-family:Calibri, Candara, Segoe, \'Segoe UI\', Optima, Arial, sans-serif\"><span style=\"font-size:14px\"><strong>File Type:</strong> Files intended for plan review must be saved in PDF 1.4 format or greater.</span></span></li>\n            <li><span style=\"font-family:Calibri, Candara, Segoe, \'Segoe UI\', Optima, Arial, sans-serif\"><span style=\"font-size:14px\"><strong>File Sizes:</strong> The maximum upload size is 300 MB at a time.</span></span></li>\n            <li><span style=\"font-family:Calibri, Candara, Segoe, \'Segoe UI\', Optima, Arial, sans-serif\"><span style=\"font-size:14px\"><strong>File Orientation:</strong> <u>All pages must be properly oriented</u>, meaning upright, not sideways or upside down, so that the document can be viewed without rotation. Failure to submit correctly oriented plans may result in a &lsquo;Hold&rsquo; being placed on a submittal, which will delay plan review.</span></span></li>\n            <li><span style=\"font-family:Calibri, Candara, Segoe, \'Segoe UI\', Optima, Arial, sans-serif\"><span style=\"font-size:14px\"><strong>File Content:</strong> Files should be <em>flattened and/or optimized</em> PDFs. </span></span>\n            <ul>\n                <li><span style=\"font-family:Calibri, Candara, Segoe, \'Segoe UI\', Optima, Arial, sans-serif\"><span style=\"font-size:14px\">Either flatten drawing layers when creating PDFs from CAD, or flatten them after-the-fact by using the &ldquo;Save As/Flattened&rdquo; or &ldquo;Optimize PDF&rdquo; option within a PDF editor. (Adobe Pro is recommended.)</span></span></li>\n                <li><span style=\"font-family:Calibri, Candara, Segoe, \'Segoe UI\', Optima, Arial, sans-serif\"><span style=\"font-size:14px\">After saving files to PDF format, view them in Adobe to <u>ensure that no <strong>comments</strong>, <strong>stamps</strong>, or other &lsquo;editable content&rsquo; appear in the &lsquo;Comment&rsquo; panel of your PDF tool.</u> Files with editable content will be rejected.</span></span></li>\n                <li><span style=\"font-family:Calibri, Candara, Segoe, \'Segoe UI\', Optima, Arial, sans-serif\"><span style=\"font-size:14px\">Do not submit files that Adobe reports as damaged or that Adobe cannot open.</span></span></li>\n            </ul>\n            </li>\n            <li><span style=\"font-family:Calibri, Candara, Segoe, \'Segoe UI\', Optima, Arial, sans-serif\"><span style=\"font-size:14px\"><strong>File Encryption:</strong> Do not submit password protected or encrypted (locked) documents, they will be rejected.</span></span></li>\n            <li><span style=\"font-family:Calibri, Candara, Segoe, \'Segoe UI\', Optima, Arial, sans-serif\"><span style=\"font-size:14px\"><strong>File Scanning:</strong> Scanned files are acceptable, but must meet all other submittal requirements listed above. When scanning, be sure to properly align page edges on scanning bed so the pages are not skewed.</span></span></li>\n            <li><span style=\"font-family:Calibri, Candara, Segoe, \'Segoe UI\', Optima, Arial, sans-serif\"><span style=\"font-size:14px\"><strong>Preparing File Sets: </strong>Grouping and submitting plans in logical sub-sets, such as separating plans by discipline, is strongly encouraged because plans are typically distributed to reviewers by discipline.</span></span></li>\n            <li><span style=\"font-family:Calibri, Candara, Segoe, \'Segoe UI\', Optima, Arial, sans-serif\"><span style=\"font-size:14px\"><strong>File Naming:</strong> Name each PDF using the appropriate filename prefix from the table below, followed by an underscore character ( _ ) and a description. For example: </span>&nbsp;<span style=\"font-size:14px\">ELEC_Wiring Diagrams.pdf</span></span></li>\n            <li><span style=\"font-family:Calibri, Candara, Segoe, \'Segoe UI\', Optima, Arial, sans-serif\"><span style=\"font-size:14px\"><strong>File Naming:</strong> Filenames should not exceed 140 characters in length. Do not include the pound (#), plus (+) or ampersand (&) characters in the filename.</span></li>    \n        </ol>\n                \n        {{ReviewTypeTable}}\n\n        <p>&nbsp;</p>\n        \n        <p><span style=\"font-family:Calibri, Candara, Segoe, \'Segoe UI\', Optima, Arial, sans-serif\"><span style=\"font-size:14px\"><strong>B. PREPARING SUPPORTING DOCUMENT FILES (&ldquo;ATTACHMENTS&rdquo;) </strong></span></span></p>\n        \n        <p><span style=\"font-family:Calibri, Candara, Segoe, \'Segoe UI\', Optima, Arial, sans-serif\"><span style=\"font-size:14px\"><em>Supporting documents (&ldquo;attachments&rdquo;)</em> include application documents, calculations, soils reports, etc. in any format. Attachment files do not require special naming, except as noted below.&nbsp; </span></span></p>\n        \n        <ol>\n            <li><span style=\"font-family:Calibri, Candara, Segoe, \'Segoe UI\', Optima, Arial, sans-serif\"><span style=\"font-size:14px\"><strong>File Types:</strong> PDF, XLS, DOC, TXT, JPG, etc.</span></span></li>\n            <li><span style=\"font-family:Calibri, Candara, Segoe, \'Segoe UI\', Optima, Arial, sans-serif\"><span style=\"font-size:14px\"><strong>File Sizes:</strong> The maximum upload size is 300 MB at a time.</span></span></li>\n            <li><span style=\"font-family:Calibri, Candara, Segoe, \'Segoe UI\', Optima, Arial, sans-serif\"><span style=\"font-size:14px\"><strong>File Orientation:</strong> <u>All pages must be properly oriented</u>, meaning <em>upright, not sideways or upside down</em>, so that the document can be viewed without rotation.</span></span></li>\n            <li><span style=\"font-family:Calibri, Candara, Segoe, \'Segoe UI\', Optima, Arial, sans-serif\"><span style=\"font-size:14px\"><strong>File Content:</strong> Do not submit PDFs that Adobe reports as damaged or that Adobe cannot open.</span></span></li>\n            <li><span style=\"font-family:Calibri, Candara, Segoe, \'Segoe UI\', Optima, Arial, sans-serif\"><span style=\"font-size:14px\"><strong>File Encryption:</strong> Do not submit password protected or encrypted (locked) documents.</span></span></li>\n            <li><span style=\"font-family:Calibri, Candara, Segoe, \'Segoe UI\', Optima, Arial, sans-serif\"><span style=\"font-size:14px\"><strong>File Scanning:</strong> Scanned files are acceptable but must meet all other submittal requirements. When scanning, be sure to properly align page edges on scanning bed.</span></span></li>\n            <li><span style=\"font-family:Calibri, Candara, Segoe, \'Segoe UI\', Optima, Arial, sans-serif\"><span style=\"font-size:14px\"><strong>File Naming:</strong> Provide a unique descriptive filename, <em>not to exceed 140 characters</em> in length. Do not use the file name prefixes (these are for plan files only), nor pound (#), plus (+) or ampersand (&amp;) characters in the filename.</span></span></li>\n        </ol>\n        \n        <p>&nbsp;</p>\n        \n        <p><span style=\"font-family:Calibri, Candara, Segoe, \'Segoe UI\', Optima, Arial, sans-serif\"><span style=\"font-size:14px\"><strong>C. SUBMITTING CORRECTED PLANS AND REVISIONS</strong></span></span></p>\n        \n        <p style=\"margin-left:13.5pt\"><span style=\"font-family:Calibri, Candara, Segoe, \'Segoe UI\', Optima, Arial, sans-serif\"><span style=\"font-size:14px\">Revised files are typically one of two types: (A) <em>required resubmittals</em>, or (B) <em>revisions</em> to previously approved documents. </span></span></p>\n        \n        <p style=\"margin-left:13.5pt\"><span style=\"font-family:Calibri, Candara, Segoe, \'Segoe UI\', Optima, Arial, sans-serif\"><span style=\"font-size:14px\">Each has different file naming recommendations, as noted below.</span></span></p>\n        \n        <p style=\"margin-left:40px\"><span style=\"font-family:Calibri, Candara, Segoe, \'Segoe UI\', Optima, Arial, sans-serif\"><span style=\"font-size:14px\">A. <em>For required resubmittals:</em> <u>Use the EXACT same filename as the original submittal cycle.</u> Do not modify the filename when submitting a new &lsquo;version&rsquo; of your plans or supporting documents &ndash; the system will manage versioning automatically. See the chart below.</span></span></p>\n        \n        <p style=\"margin-left:31.5pt\">&nbsp;</p>\n        \n        <div style=\"padding-left: 40px\">\n            <table border=\"1\" cellpadding=\"0\" cellspacing=\"0\">\n                <tbody>\n                    <tr>\n                        <td style=\"width:163px\">\n                        <p><span style=\"font-family:Calibri, Candara, Segoe, \'Segoe UI\', Optima, Arial, sans-serif\"><span style=\"font-size:14px\"><strong>Cycle</strong</span></span></p>\n                        </td>\n                        <td style=\"width:283px\">\n                        <p><span style=\"font-family:Calibri, Candara, Segoe, \'Segoe UI\', Optima, Arial, sans-serif\"><span style=\"font-size:14px\"><strong>Filename</strong</span></span></p>\n                        </td>\n                        <td style=\"width:78px\">\n                        <p><span style=\"font-family:Calibri, Candara, Segoe, \'Segoe UI\', Optima, Arial, sans-serif\"><span style=\"font-size:14px\"><strong>Pages</strong></span></span></p>\n                        </td>\n                    </tr>\n                    <tr>\n                        <td style=\"width:163px\">\n                        <p><span style=\"font-family:Calibri, Candara, Segoe, \'Segoe UI\', Optima, Arial, sans-serif\"><span style=\"font-size:14px\">1<sup>st </sup>Submittal</span></span></p>\n                        </td>\n                        <td style=\"width:283px\">\n                        <p><span style=\"font-family:Calibri, Candara, Segoe, \'Segoe UI\', Optima, Arial, sans-serif\"><span style=\"font-size:14px\">FIRE_Sprinkler Diagrams.pdf</span></span></p>\n                        </td>\n                        <td style=\"width:78px\">\n                        <p><span style=\"font-family:Calibri, Candara, Segoe, \'Segoe UI\', Optima, Arial, sans-serif\"><span style=\"font-size:14px\">10</span></span></p>\n                        </td>\n                    </tr>\n                    <tr>\n                        <td style=\"width:163px\">\n                        <p><span style=\"font-family:Calibri, Candara, Segoe, \'Segoe UI\', Optima, Arial, sans-serif\"><span style=\"font-size:14px\">2<sup>nd </sup>Submittal</span></span></p>\n                        </td>\n                        <td style=\"width:283px\">\n                        <p><span style=\"font-family:Calibri, Candara, Segoe, \'Segoe UI\', Optima, Arial, sans-serif\"><span style=\"font-size:14px\">FIRE_Sprinkler Diagrams.pdf</span></span></p>\n                        </td>\n                        <td style=\"width:78px\">\n                        <p><span style=\"font-family:Calibri, Candara, Segoe, \'Segoe UI\', Optima, Arial, sans-serif\"><span style=\"font-size:14px\">10</span></span></p>\n                        </td>\n                    </tr>\n                    <tr>\n                        <td style=\"width:163px\">\n                        <p><span style=\"font-family:Calibri, Candara, Segoe, \'Segoe UI\', Optima, Arial, sans-serif\"><span style=\"font-size:14px\">3<sup>rd </sup>Submittal</span></span></p>\n                        </td>\n                        <td style=\"width:283px\">\n                        <p><span style=\"font-family:Calibri, Candara, Segoe, \'Segoe UI\', Optima, Arial, sans-serif\"><span style=\"font-size:14px\">FIRE_Sprinkler Diagrams.pdf</span></span></p>\n                        </td>\n                        <td style=\"width:78px\">\n                        <p><span style=\"font-family:Calibri, Candara, Segoe, \'Segoe UI\', Optima, Arial, sans-serif\"><span style=\"font-size:14px\">10</span></span></p>\n                        </td>\n                    </tr>\n                </tbody>\n            </table>\n        </div>\n        \n        <p>&nbsp;</p>\n        \n        <p style=\"margin-left:40px\"><span style=\"font-family:Calibri, Candara, Segoe, \'Segoe UI\', Optima, Arial, sans-serif\"><span style=\"font-size:14px\">B<em>. For revisions to previously approved documents:</em><em> </em><strong>Provide a revised file name</strong> instead of reusing the original filename. If resubmittals are required for revisions, continue to use this revised file name for subsequent resubmittal cycles. See the chart below.</span></span></p>\n        \n        <p style=\"margin-left:.5in\">&nbsp;</p>\n        \n        <div style=\"padding-left: 40px\">\n            <table border=\"1\" cellpadding=\"0\" cellspacing=\"0\">\n                <tbody>\n                    <tr>\n                        <td style=\"width:163px\">\n                        <p><span style=\"font-family:Calibri, Candara, Segoe, \'Segoe UI\', Optima, Arial, sans-serif\"><span style=\"font-size:14px\"><strong>Cycle</strong</span></span></p>\n                        </td>\n                        <td style=\"width:328px\">\n                        <p><span style=\"font-family:Calibri, Candara, Segoe, \'Segoe UI\', Optima, Arial, sans-serif\"><span style=\"font-size:14px\"><strong>Filename</strong</span></span></p>\n                        </td>\n                        <td style=\"width:77px\">\n                        <p><span style=\"font-family:Calibri, Candara, Segoe, \'Segoe UI\', Optima, Arial, sans-serif\"><span style=\"font-size:14px\"><strong>Pages</strong></span></span></p>\n                        </td>\n                    </tr>\n                    <tr>\n                        <td style=\"width:163px\">\n                        <p><span style=\"font-family:Calibri, Candara, Segoe, \'Segoe UI\', Optima, Arial, sans-serif\"><span style=\"font-size:14px\">&nbsp;3<sup>rd</sup> Submittal</span></span></p>\n                        </td>\n                        <td style=\"width:328px\">\n                        <p><span style=\"font-family:Calibri, Candara, Segoe, \'Segoe UI\', Optima, Arial, sans-serif\"><span style=\"font-size:14px\">FIRE_Sprinkler Diagrams.pdf</span></span></p>\n                        </td>\n                        <td style=\"width:77px\">\n                        <p><span style=\"font-family:Calibri, Candara, Segoe, \'Segoe UI\', Optima, Arial, sans-serif\"><span style=\"font-size:14px\">3</span></span></p>\n                        </td>\n                    </tr>\n                    <tr>\n                        <td style=\"width:163px\">\n                        <p><span style=\"font-family:Calibri, Candara, Segoe, \'Segoe UI\', Optima, Arial, sans-serif\"><span style=\"font-size:14px\">&nbsp;1<sup>st</sup> Revision</span></span></p>\n                        </td>\n                        <td style=\"width:328px\">\n                        <p><span style=\"font-family:Calibri, Candara, Segoe, \'Segoe UI\', Optima, Arial, sans-serif\"><span style=\"font-size:14px\">FIRE_Sprinkler Diagrams <strong>REV</strong>.pdf</span></span></p>\n                        </td>\n                        <td style=\"width:77px\">\n                        <p><span style=\"font-family:Calibri, Candara, Segoe, \'Segoe UI\', Optima, Arial, sans-serif\"><span style=\"font-size:14px\">3</span></span></p>\n                        </td>\n                    </tr>\n                    <tr>\n                        <td style=\"width:163px\">\n                        <p><span style=\"font-family:Calibri, Candara, Segoe, \'Segoe UI\', Optima, Arial, sans-serif\"><span style=\"font-size:14px\">&nbsp;2<sup>nd</sup> Revision</span></span></p>\n                        </td>\n                        <td style=\"width:328px\">\n                        <p><span style=\"font-family:Calibri, Candara, Segoe, \'Segoe UI\', Optima, Arial, sans-serif\"><span style=\"font-size:14px\">FIRE_Sprinkler Diagrams <strong>REV</strong>.pdf</span></span></p>\n                        </td>\n                        <td style=\"width:77px\">\n                        <p><span style=\"font-family:Calibri, Candara, Segoe, \'Segoe UI\', Optima, Arial, sans-serif\"><span style=\"font-size:14px\">3</span></span></p>\n                        </td>\n                    </tr>\n                </tbody>\n            </table>\n        </div>\n        \n        <p>&nbsp;</p>\n        \n        <p style=\"margin-left:13.5pt\"><span style=\"font-family:Calibri, Candara, Segoe, \'Segoe UI\', Optima, Arial, sans-serif\"><span style=\"font-size:14px\">If you have been asked to resubmit corrected plans, do not reorder, extract or insert pages in the middle of your corrected plan sets. </span></span></p>\n        \n        <ul>\n            <li><span style=\"font-family:Calibri, Candara, Segoe, \'Segoe UI\', Optima, Arial, sans-serif\"><span style=\"font-size:14px\">Place <strong><u>new</u></strong><u> pages at the end</u> of the corrected plan set document. </span></span></li>\n            <li><span style=\"font-family:Calibri, Candara, Segoe, \'Segoe UI\', Optima, Arial, sans-serif\"><span style=\"font-size:14px\">Do not insert new pages in the middle or beginning of the document. </span></span></li>\n            <li><span style=\"font-family:Calibri, Candara, Segoe, \'Segoe UI\', Optima, Arial, sans-serif\"><span style=\"font-size:14px\">Do not reorder pages within the document.</span></span></li>\n            <li><span style=\"font-family:Calibri, Candara, Segoe, \'Segoe UI\', Optima, Arial, sans-serif\"><span style=\"font-size:14px\">When removing a page, replace it with a blank page and indicate that the page was &lsquo;deleted&rsquo; or moved. </span></span></li>\n            <li><span style=\"font-family:Calibri, Candara, Segoe, \'Segoe UI\', Optima, Arial, sans-serif\"><span style=\"font-size:14px\">Rearranging, extracting or inserting pages out of order will result in delays for completing your plan review.</span></span></li>\n        </ul>\n        \n        <p style=\"margin-left:.5in\">&nbsp;</p>\n        \n        <p><span style=\"font-family:Calibri, Candara, Segoe, \'Segoe UI\', Optima, Arial, sans-serif\"><span style=\"font-size:14px\"><strong>Why is page order important? </strong></span></span></p>\n        \n        <p><span style=\"font-family:Calibri, Candara, Segoe, \'Segoe UI\', Optima, Arial, sans-serif\"><span style=\"font-size:14px\">Resubmitting plans with the pages in the <u>original order</u> ensures that the plan review comments and sketches are properly carried forward to the newer submittal/version by the electronic plan review software. This allows for more accurate, expedited document reviews.</span></span></p>\n        ','{\"logo\": \"https://pbs.twimg.com/profile_images/464918885834043392/a3s3lhTm_400x400.png\"}',1,NULL,'2019-07-26 21:28:40','2019-07-26 21:28:40',NULL,NULL),(5,3,378,'ForDesignReview_SubmittalRecommendation','El Monte','<p><span style=\"font-family:Calibri, Candara, Segoe, \'Segoe UI\', Optima, Arial, sans-serif\"><img alt=\"\" src=\"/files/logo\" style=\"max-height: 125px; max-width: 167px;\" /></span></p>\n        \n        <p style=\"text-align:center\"><span style=\"font-family:Calibri, Candara, Segoe, \'Segoe UI\', Optima, Arial, sans-serif\"><span style=\"font-size:1px\"><strong>ELECTRONIC SUBMITTAL RECOMMENDATIONS FOR DESIGN REVIEW</strong></span></span></p>\n        \n        <p><span style=\"font-family:Calibri, Candara, Segoe, \'Segoe UI\', Optima, Arial, sans-serif\"><span style=\"font-size:14px\">Please use the following instructions to prepare your documents for electronic plan submittal. Note that<em> plan review files (&ldquo;plans&rdquo;)</em> have different submittal recommendations than supporting documents.</span></span></p>\n        \n        <p><span style=\"font-family:Calibri, Candara, Segoe, \'Segoe UI\', Optima, Arial, sans-serif\"><span style=\"font-size:14px\"><strong>A. PREPARING PLAN REVIEW FILES (&ldquo;PLANS&rdquo;) FOR SUBMITTAL</strong></span></span></p>\n        \n        <ol>\n            <li><span style=\"font-family:Calibri, Candara, Segoe, \'Segoe UI\', Optima, Arial, sans-serif\"><span style=\"font-size:14px\"><strong>File Drawing Style:</strong> Plans should be plotted/drawn using a <u>black and white</u> plot style. Colored pens are not encouraged because plan review markups will be drawn using colored sketches (and reduces the file size).</span></span></li>\n            <li><span style=\"font-family:Calibri, Candara, Segoe, \'Segoe UI\', Optima, Arial, sans-serif\"><span style=\"font-size:14px\"><strong>File Scale:</strong> Plans must be drawn and saved &ldquo;To Scale&rdquo; to ensure proper measuring of lines and areas electronically. Include a scale on each sheet or include the measurements for each object.</span></span></li>\n            <li><span style=\"font-family:Calibri, Candara, Segoe, \'Segoe UI\', Optima, Arial, sans-serif\"><span style=\"font-size:14px\"><strong>File Type:</strong> Files intended for plan review must be saved in PDF 1.4 format or greater.</span></span></li>\n            <li><span style=\"font-family:Calibri, Candara, Segoe, \'Segoe UI\', Optima, Arial, sans-serif\"><span style=\"font-size:14px\"><strong>File Sizes:</strong> The maximum upload size is 300 MB at a time.</span></span></li>\n            <li><span style=\"font-family:Calibri, Candara, Segoe, \'Segoe UI\', Optima, Arial, sans-serif\"><span style=\"font-size:14px\"><strong>File Orientation:</strong> <u>All pages must be properly oriented</u>, meaning upright, not sideways or upside down, so that the document can be viewed without rotation. Failure to submit correctly oriented plans may result in a &lsquo;Hold&rsquo; being placed on a submittal, which will delay plan review.</span></span></li>\n            <li><span style=\"font-family:Calibri, Candara, Segoe, \'Segoe UI\', Optima, Arial, sans-serif\"><span style=\"font-size:14px\"><strong>File Content:</strong> Files should be <em>flattened and/or optimized</em> PDFs. </span></span>\n            <ul>\n                <li><span style=\"font-family:Calibri, Candara, Segoe, \'Segoe UI\', Optima, Arial, sans-serif\"><span style=\"font-size:14px\">Either flatten drawing layers when creating PDFs from CAD, or flatten them after-the-fact by using the &ldquo;Save As/Flattened&rdquo; or &ldquo;Optimize PDF&rdquo; option within a PDF editor. (Adobe Pro is recommended.)</span></span></li>\n                <li><span style=\"font-family:Calibri, Candara, Segoe, \'Segoe UI\', Optima, Arial, sans-serif\"><span style=\"font-size:14px\">After saving files to PDF format, view them in Adobe to <u>ensure that no <strong>comments</strong>, <strong>stamps</strong>, or other &lsquo;editable content&rsquo; appear in the &lsquo;Comment&rsquo; panel of your PDF tool.</u> Files with editable content will be rejected.</span></span></li>\n                <li><span style=\"font-family:Calibri, Candara, Segoe, \'Segoe UI\', Optima, Arial, sans-serif\"><span style=\"font-size:14px\">Do not submit files that Adobe reports as damaged or that Adobe cannot open.</span></span></li>\n            </ul>\n            </li>\n            <li><span style=\"font-family:Calibri, Candara, Segoe, \'Segoe UI\', Optima, Arial, sans-serif\"><span style=\"font-size:14px\"><strong>File Encryption:</strong> Do not submit password protected or encrypted (locked) documents, they will be rejected.</span></span></li>\n            <li><span style=\"font-family:Calibri, Candara, Segoe, \'Segoe UI\', Optima, Arial, sans-serif\"><span style=\"font-size:14px\"><strong>File Scanning:</strong> Scanned files are acceptable, but must meet all other submittal requirements listed above. When scanning, be sure to properly align page edges on scanning bed so the pages are not skewed.</span></span></li>\n            <li><span style=\"font-family:Calibri, Candara, Segoe, \'Segoe UI\', Optima, Arial, sans-serif\"><span style=\"font-size:14px\"><strong>Preparing File Sets: </strong>Grouping and submitting plans in logical sub-sets, such as separating plans by discipline, is strongly encouraged because plans are typically distributed to reviewers by discipline.</span></span></li>\n            <li><span style=\"font-family:Calibri, Candara, Segoe, \'Segoe UI\', Optima, Arial, sans-serif\"><span style=\"font-size:14px\"><strong>File Naming:</strong> Name each PDF using the appropriate filename prefix from the table below, followed by an underscore character ( _ ) and a description. For example: </span>&nbsp;<span style=\"font-size:14px\">ELEC_Wiring Diagrams.pdf</span></span></li>\n            <li><span style=\"font-family:Calibri, Candara, Segoe, \'Segoe UI\', Optima, Arial, sans-serif\"><span style=\"font-size:14px\"><strong>File Naming:</strong> Filenames should not exceed 140 characters in length. Do not include the pound (#), plus (+) or ampersand (&) characters in the filename.</span></li>\n        </ol>\n                        \n        {{ReviewTypeTable}}\n\n        <p>&nbsp;</p>\n        \n        <p><span style=\"font-family:Calibri, Candara, Segoe, \'Segoe UI\', Optima, Arial, sans-serif\"><span style=\"font-size:14px\"><strong>B. PREPARING SUPPORTING DOCUMENT FILES (&ldquo;ATTACHMENTS&rdquo;) </strong></span></span></p>\n        \n        <p><span style=\"font-family:Calibri, Candara, Segoe, \'Segoe UI\', Optima, Arial, sans-serif\"><span style=\"font-size:14px\"><em>Supporting documents (&ldquo;attachments&rdquo;)</em> include application documents, calculations, soils reports, etc. in any format. Attachment files do not require special naming, except as noted below.&nbsp; </span></span></p>\n        \n        <ol>\n            <li><span style=\"font-family:Calibri, Candara, Segoe, \'Segoe UI\', Optima, Arial, sans-serif\"><span style=\"font-size:14px\"><strong>File Types:</strong> PDF, XLS, DOC, TXT, JPG, etc.</span></span></li>\n            <li><span style=\"font-family:Calibri, Candara, Segoe, \'Segoe UI\', Optima, Arial, sans-serif\"><span style=\"font-size:14px\"><strong>File Sizes:</strong> The maximum upload size is 300 MB at a time.</span></span></li>\n            <li><span style=\"font-family:Calibri, Candara, Segoe, \'Segoe UI\', Optima, Arial, sans-serif\"><span style=\"font-size:14px\"><strong>File Orientation:</strong> <u>All pages must be properly oriented</u>, meaning <em>upright, not sideways or upside down</em>, so that the document can be viewed without rotation.</span></span></li>\n            <li><span style=\"font-family:Calibri, Candara, Segoe, \'Segoe UI\', Optima, Arial, sans-serif\"><span style=\"font-size:14px\"><strong>File Content:</strong> Do not submit PDFs that Adobe reports as damaged or that Adobe cannot open.</span></span></li>\n            <li><span style=\"font-family:Calibri, Candara, Segoe, \'Segoe UI\', Optima, Arial, sans-serif\"><span style=\"font-size:14px\"><strong>File Encryption:</strong> Do not submit password protected or encrypted (locked) documents.</span></span></li>\n            <li><span style=\"font-family:Calibri, Candara, Segoe, \'Segoe UI\', Optima, Arial, sans-serif\"><span style=\"font-size:14px\"><strong>File Scanning:</strong> Scanned files are acceptable but must meet all other submittal requirements. When scanning, be sure to properly align page edges on scanning bed.</span></span></li>\n            <li><span style=\"font-family:Calibri, Candara, Segoe, \'Segoe UI\', Optima, Arial, sans-serif\"><span style=\"font-size:14px\"><strong>File Naming:</strong> Provide a unique descriptive filename, <em>not to exceed 140 characters</em> in length. Do not use the file name prefixes (these are for plan files only), nor pound (#), plus (+) or ampersand (&amp;) characters in the filename.</span></span></li>\n        </ol>\n        \n        <p>&nbsp;</p>\n        \n        <p><span style=\"font-family:Calibri, Candara, Segoe, \'Segoe UI\', Optima, Arial, sans-serif\"><span style=\"font-size:14px\"><strong>C. SUBMITTING CORRECTED PLANS AND REVISIONS</strong></span></span></p>\n        \n        <p style=\"margin-left:13.5pt\"><span style=\"font-family:Calibri, Candara, Segoe, \'Segoe UI\', Optima, Arial, sans-serif\"><span style=\"font-size:14px\">Revised files are typically one of two types: (A) <em>required resubmittals</em>, or (B) <em>revisions</em> to previously approved documents. </span></span></p>\n        \n        <p style=\"margin-left:13.5pt\"><span style=\"font-family:Calibri, Candara, Segoe, \'Segoe UI\', Optima, Arial, sans-serif\"><span style=\"font-size:14px\">Each has different file naming recommendations, as noted below.</span></span></p>\n        \n        <p style=\"margin-left:40px\"><span style=\"font-family:Calibri, Candara, Segoe, \'Segoe UI\', Optima, Arial, sans-serif\"><span style=\"font-size:14px\">A. <em>For required resubmittals:</em> <u>Use the EXACT same filename as the original submittal cycle.</u> Do not modify the filename when submitting a new &lsquo;version&rsquo; of your plans or supporting documents &ndash; the system will manage versioning automatically. See the chart below.</span></span></p>\n        \n        <p style=\"margin-left:31.5pt\">&nbsp;</p>\n        \n        <div style=\"padding-left: 40px\">\n            <table border=\"1\" cellpadding=\"0\" cellspacing=\"0\">\n                <tbody>\n                    <tr>\n                        <td style=\"width:163px\">\n                        <p><span style=\"font-family:Calibri, Candara, Segoe, \'Segoe UI\', Optima, Arial, sans-serif\"><span style=\"font-size:14px\"><strong>Cycle</strong</span></span></p>\n                        </td>\n                        <td style=\"width:283px\">\n                        <p><span style=\"font-family:Calibri, Candara, Segoe, \'Segoe UI\', Optima, Arial, sans-serif\"><span style=\"font-size:14px\"><strong>Filename</strong</span></span></p>\n                        </td>\n                        <td style=\"width:78px\">\n                        <p><span style=\"font-family:Calibri, Candara, Segoe, \'Segoe UI\', Optima, Arial, sans-serif\"><span style=\"font-size:14px\"><strong>Pages</strong></span></span></p>\n                        </td>\n                    </tr>\n                    <tr>\n                        <td style=\"width:163px\">\n                        <p><span style=\"font-family:Calibri, Candara, Segoe, \'Segoe UI\', Optima, Arial, sans-serif\"><span style=\"font-size:14px\">1<sup>st </sup>Submittal</span></span></p>\n                        </td>\n                        <td style=\"width:283px\">\n                        <p><span style=\"font-family:Calibri, Candara, Segoe, \'Segoe UI\', Optima, Arial, sans-serif\"><span style=\"font-size:14px\">FIRE_Sprinkler Diagrams.pdf</span></span></p>\n                        </td>\n                        <td style=\"width:78px\">\n                        <p><span style=\"font-family:Calibri, Candara, Segoe, \'Segoe UI\', Optima, Arial, sans-serif\"><span style=\"font-size:14px\">10</span></span></p>\n                        </td>\n                    </tr>\n                    <tr>\n                        <td style=\"width:163px\">\n                        <p><span style=\"font-family:Calibri, Candara, Segoe, \'Segoe UI\', Optima, Arial, sans-serif\"><span style=\"font-size:14px\">2<sup>nd </sup>Submittal</span></span></p>\n                        </td>\n                        <td style=\"width:283px\">\n                        <p><span style=\"font-family:Calibri, Candara, Segoe, \'Segoe UI\', Optima, Arial, sans-serif\"><span style=\"font-size:14px\">FIRE_Sprinkler Diagrams.pdf</span></span></p>\n                        </td>\n                        <td style=\"width:78px\">\n                        <p><span style=\"font-family:Calibri, Candara, Segoe, \'Segoe UI\', Optima, Arial, sans-serif\"><span style=\"font-size:14px\">10</span></span></p>\n                        </td>\n                    </tr>\n                    <tr>\n                        <td style=\"width:163px\">\n                        <p><span style=\"font-family:Calibri, Candara, Segoe, \'Segoe UI\', Optima, Arial, sans-serif\"><span style=\"font-size:14px\">3<sup>rd </sup>Submittal</span></span></p>\n                        </td>\n                        <td style=\"width:283px\">\n                        <p><span style=\"font-family:Calibri, Candara, Segoe, \'Segoe UI\', Optima, Arial, sans-serif\"><span style=\"font-size:14px\">FIRE_Sprinkler Diagrams.pdf</span></span></p>\n                        </td>\n                        <td style=\"width:78px\">\n                        <p><span style=\"font-family:Calibri, Candara, Segoe, \'Segoe UI\', Optima, Arial, sans-serif\"><span style=\"font-size:14px\">10</span></span></p>\n                        </td>\n                    </tr>\n                </tbody>\n            </table>\n        </div>\n        \n        <p>&nbsp;</p>\n        \n        <p style=\"margin-left:40px\"><span style=\"font-family:Calibri, Candara, Segoe, \'Segoe UI\', Optima, Arial, sans-serif\"><span style=\"font-size:14px\">B<em>. For revisions to previously approved documents:</em><em> </em><strong>Provide a revised file name</strong> instead of reusing the original filename. If resubmittals are required for revisions, continue to use this revised file name for subsequent resubmittal cycles. See the chart below.</span></span></p>\n        \n        <p style=\"margin-left:.5in\">&nbsp;</p>\n        \n        <div style=\"padding-left: 40px\">\n            <table border=\"1\" cellpadding=\"0\" cellspacing=\"0\">\n                <tbody>\n                    <tr>\n                        <td style=\"width:163px\">\n                        <p><span style=\"font-family:Calibri, Candara, Segoe, \'Segoe UI\', Optima, Arial, sans-serif\"><span style=\"font-size:14px\"><strong>Cycle</strong</span></span></p>\n                        </td>\n                        <td style=\"width:328px\">\n                        <p><span style=\"font-family:Calibri, Candara, Segoe, \'Segoe UI\', Optima, Arial, sans-serif\"><span style=\"font-size:14px\"><strong>Filename</strong</span></span></p>\n                        </td>\n                        <td style=\"width:77px\">\n                        <p><span style=\"font-family:Calibri, Candara, Segoe, \'Segoe UI\', Optima, Arial, sans-serif\"><span style=\"font-size:14px\"><strong>Pages</strong></span></span></p>\n                        </td>\n                    </tr>\n                    <tr>\n                        <td style=\"width:163px\">\n                        <p><span style=\"font-family:Calibri, Candara, Segoe, \'Segoe UI\', Optima, Arial, sans-serif\"><span style=\"font-size:14px\">&nbsp;3<sup>rd</sup> Submittal</span></span></p>\n                        </td>\n                        <td style=\"width:328px\">\n                        <p><span style=\"font-family:Calibri, Candara, Segoe, \'Segoe UI\', Optima, Arial, sans-serif\"><span style=\"font-size:14px\">FIRE_Sprinkler Diagrams.pdf</span></span></p>\n                        </td>\n                        <td style=\"width:77px\">\n                        <p><span style=\"font-family:Calibri, Candara, Segoe, \'Segoe UI\', Optima, Arial, sans-serif\"><span style=\"font-size:14px\">3</span></span></p>\n                        </td>\n                    </tr>\n                    <tr>\n                        <td style=\"width:163px\">\n                        <p><span style=\"font-family:Calibri, Candara, Segoe, \'Segoe UI\', Optima, Arial, sans-serif\"><span style=\"font-size:14px\">&nbsp;1<sup>st</sup> Revision</span></span></p>\n                        </td>\n                        <td style=\"width:328px\">\n                        <p><span style=\"font-family:Calibri, Candara, Segoe, \'Segoe UI\', Optima, Arial, sans-serif\"><span style=\"font-size:14px\">FIRE_Sprinkler Diagrams <strong>REV</strong>.pdf</span></span></p>\n                        </td>\n                        <td style=\"width:77px\">\n                        <p><span style=\"font-family:Calibri, Candara, Segoe, \'Segoe UI\', Optima, Arial, sans-serif\"><span style=\"font-size:14px\">3</span></span></p>\n                        </td>\n                    </tr>\n                    <tr>\n                        <td style=\"width:163px\">\n                        <p><span style=\"font-family:Calibri, Candara, Segoe, \'Segoe UI\', Optima, Arial, sans-serif\"><span style=\"font-size:14px\">&nbsp;2<sup>nd</sup> Revision</span></span></p>\n                        </td>\n                        <td style=\"width:328px\">\n                        <p><span style=\"font-family:Calibri, Candara, Segoe, \'Segoe UI\', Optima, Arial, sans-serif\"><span style=\"font-size:14px\">FIRE_Sprinkler Diagrams <strong>REV</strong>.pdf</span></span></p>\n                        </td>\n                        <td style=\"width:77px\">\n                        <p><span style=\"font-family:Calibri, Candara, Segoe, \'Segoe UI\', Optima, Arial, sans-serif\"><span style=\"font-size:14px\">3</span></span></p>\n                        </td>\n                    </tr>\n                </tbody>\n            </table>\n        </div>\n\n        <p>&nbsp;</p>\n        \n        <p style=\"margin-left:13.5pt\"><span style=\"font-family:Calibri, Candara, Segoe, \'Segoe UI\', Optima, Arial, sans-serif\"><span style=\"font-size:14px\">If you have been asked to resubmit corrected plans, do not reorder, extract or insert pages in the middle of your corrected plan sets. </span></span></p>\n        \n        <ul>\n            <li><span style=\"font-family:Calibri, Candara, Segoe, \'Segoe UI\', Optima, Arial, sans-serif\"><span style=\"font-size:14px\">Place <strong><u>new</u></strong><u> pages at the end</u> of the corrected plan set document. </span></span></li>\n            <li><span style=\"font-family:Calibri, Candara, Segoe, \'Segoe UI\', Optima, Arial, sans-serif\"><span style=\"font-size:14px\">Do not insert new pages in the middle or beginning of the document. </span></span></li>\n            <li><span style=\"font-family:Calibri, Candara, Segoe, \'Segoe UI\', Optima, Arial, sans-serif\"><span style=\"font-size:14px\">Do not reorder pages within the document.</span></span></li>\n            <li><span style=\"font-family:Calibri, Candara, Segoe, \'Segoe UI\', Optima, Arial, sans-serif\"><span style=\"font-size:14px\">When removing a page, replace it with a blank page and indicate that the page was &lsquo;deleted&rsquo; or moved. </span></span></li>\n            <li><span style=\"font-family:Calibri, Candara, Segoe, \'Segoe UI\', Optima, Arial, sans-serif\"><span style=\"font-size:14px\">Rearranging, extracting or inserting pages out of order will result in delays for completing your plan review.</span></span></li>\n        </ul>\n        \n        <p style=\"margin-left:.5in\">&nbsp;</p>\n        \n        <p><span style=\"font-family:Calibri, Candara, Segoe, \'Segoe UI\', Optima, Arial, sans-serif\"><span style=\"font-size:14px\"><strong>Why is page order important? </strong></span></span></p>\n        \n        <p><span style=\"font-family:Calibri, Candara, Segoe, \'Segoe UI\', Optima, Arial, sans-serif\"><span style=\"font-size:14px\">Resubmitting plans with the pages in the <u>original order</u> ensures that the plan review comments and sketches are properly carried forward to the newer submittal/version by the electronic plan review software. This allows for more accurate, expedited document reviews.</span></span></p>\n        ','{\"logo\": \"https://www.kcet.org/sites/kl/files/atoms/article_atoms/www.kcet.org/socal/departures/columns/South%2520El%2520Monte%2520Seal.jpg\"}',1,NULL,'2019-07-26 21:28:40','2019-07-26 21:28:40',NULL,NULL),(6,3,379,'ForDesignReview_corrections_by_group','San Gabriel','{\"label\":\"New Report\",\"sortOption\":1,\"pageSize\":{\"size\":{\"height\":\"11.0in\",\"width\":\"8.5in\"},\"margin\":{\"top\":\"0.65in\",\"right\":\"0.65in\",\"bottom\":\"0.69in\",\"left\":\"0.65in\"}},\"reportHeader\":{\"headerSectionData\":{\"reportHeaderLogo\":{\"src\":\"assets/img/ePlanSoft_LeafLogo.png\"},\"reportHeaderClientInfo\":{\"clientData\":{\"clientAgency\":\"Client Agency\",\"clientName\":\"client name\",\"clientAddress\":\"address line 1\",\"clientAddress2\":\"address line 2\",\"clientCity\":\"client city\",\"clientState\":\"client state\",\"clientPostal\":\"zip code\",\"clientPhone\":\"555-555-5555\"}},\"reportHeaderTextBox\":{\"textBoxValues\":{\"textBox1\":\"text box 1 text\",\"textBox2\":\"text box 2 text\"}}},\"reportHeaderBody\":{\"projectData\":{\"managerUsers\":[{\"firstName\":\"example\",\"lastName\":\"user\"}],\"projectType\":{\"label\":\"the project type\"},\"projectType_LIID\":\"213\",\"projectNumber\":\"project number\",\"projectName\":\"project name\",\"address\":{\"streetNumber\":\"St. number\",\"direction\":\"1\",\"streetName\":\"St. name\",\"streetName2\":\"St. name 2\",\"streetType\":\"2\",\"unit\":\"unit\",\"city\":\"city\",\"state\":\"1\",\"zipCode\":\"zip code\",\"country\":\"2\",\"parcel\":\"parcel\",\"lotNumber\":\"lot number\",\"tractNumber\":\"tract number\"},\"persons\":[{\"id\":\"id\",\"firstName\":\"first name\",\"lastName\":\"last name\",\"fullName\":\"first name last name\",\"ProjectPerson\":{\"isPrimary\":true}}],\"referenceNumber\":\"123423141234\",\"serviceArea\":{\"label\":\"the service area\"},\"serviceArea_LIID\":\"203\"}}},\"reportInstructions\":{\"projectInstructions\":[\"Report instructions go here.\"]},\"reportDocumentList\":{\"documentListData\":[{\"filename\":\"document name\",\"cycle\":{\"label\":\"document label\"},\"cycle_LIID\":603,\"version\":\"000234\"}],\"documentCycle\":\"document cycle\"},\"reportCommentList\":{\"commentListData\":[{\"group\":{\"label\":\"Fire\",\"sortOrder\":2},\"group_LIID\":131,\"documentComments\":[{\"documentEntity\":{\"versionAdded\":{\"documentVersion\":{\"filename\":\"filename\"},\"pageNumber\":1}}}],\"owner_id\":\"1\",\"owner\":{\"firstName\":\"first name\",\"lastName\":\"last name\",\"email\":\"email address\",\"primaryPhone\":\"555-555-5555\"},\"reviewer\":\"fName lName\",\"reviewType\":{\"label\":\"Civil\",\"sortOrder\":1},\"reviewType_LIID\":349,\"category\":{\"label\":\"General\",\"sortOrder\":1},\"category_LIID\":220,\"subcategory\":{\"label\":\"Grading\",\"sortOrder\":1},\"subcategory_LIID\":465,\"content\":\"comment content\",\"commentNumber\":\"00010\"},{\"group\":{\"label\":\"Fire\",\"sortOrder\":2},\"group_LIID\":131,\"documentComments\":[{\"documentEntity\":{\"versionAdded\":{\"documentVersion\":{\"filename\":\"filename\"},\"pageNumber\":1}}}],\"owner_id\":\"1\",\"owner\":{\"firstName\":\"first name\",\"lastName\":\"last name\",\"email\":\"email address\",\"primaryPhone\":\"555-555-5555\"},\"reviewer\":\"fName lName\",\"reviewType\":{\"label\":\"Civil\",\"sortOrder\":1},\"reviewType_LIID\":349,\"category\":{\"label\":\"General\",\"sortOrder\":1},\"category_LIID\":220,\"subcategory\":{\"label\":\"Grading\",\"sortOrder\":1},\"subcategory_LIID\":465,\"content\":\"comment content\",\"commentNumber\":\"00011\"},{\"group\":{\"label\":\"Planning\",\"sortOrder\":5},\"group_LIID\":132,\"documentComments\":[{\"documentEntity\":{\"versionAdded\":{\"documentVersion\":{\"filename\":\"filename\"},\"pageNumber\":1}}}],\"owner_id\":\"1\",\"owner\":{\"firstName\":\"first name\",\"lastName\":\"last name\",\"email\":\"email address\",\"primaryPhone\":\"555-555-5555\"},\"reviewer\":\"fName lName\",\"reviewType\":{\"label\":\"Civil\",\"sortOrder\":1},\"reviewType_LIID\":349,\"category\":{\"label\":\"General\",\"sortOrder\":1},\"category_LIID\":220,\"subcategory\":{\"label\":\"Grading\",\"sortOrder\":1},\"subcategory_LIID\":465,\"content\":\"comment content\",\"commentNumber\":\"00009\"},{\"group\":{\"label\":\"Public Works\",\"sortOrder\":4},\"group_LIID\":133,\"documentComments\":[{\"documentEntity\":{\"versionAdded\":{\"documentVersion\":{\"filename\":\"filename\"},\"pageNumber\":1}}}],\"owner_id\":\"1\",\"owner\":{\"firstName\":\"first name\",\"lastName\":\"last name\",\"email\":\"email address\",\"primaryPhone\":\"555-555-5555\"},\"reviewer\":\"fName lName\",\"reviewType\":{\"label\":\"Civil\",\"sortOrder\":1},\"reviewType_LIID\":349,\"category\":{\"label\":\"General\",\"sortOrder\":1},\"category_LIID\":220,\"subcategory\":{\"label\":\"Grading\",\"sortOrder\":1},\"subcategory_LIID\":465,\"content\":\"comment content\",\"commentNumber\":\"00009\"}]},\"reportFooter\":{\"clientData\":{\"clientName\":\"client name\",\"clientAddress\":\"address ln. 1\",\"clientAddress2\":\"address ln. 2\",\"clientCity\":\"client city\",\"clientState\":\"client state\",\"clientPostal\":\"zip code\",\"clientPhone\":\"555-555-5555\",\"currentPage\":\"#\",\"totalPages\":\"#\"}}}','{\"logo\":\"https://pbs.twimg.com/profile_images/883392405067583488/OdeZoozB_400x400.jpg\"}',1,NULL,'2019-07-26 21:28:40','2019-07-26 21:28:40',NULL,NULL),(7,3,379,'ForDesignReview_corrections_by_category','City of Irvine','{\"label\":\"New Report\",\"sortOption\":2,\"pageSize\":{\"size\":{\"height\":\"11.0in\",\"width\":\"8.5in\"},\"margin\":{\"top\":\"0.65in\",\"right\":\"0.65in\",\"bottom\":\"0.69in\",\"left\":\"0.65in\"}},\"reportHeader\":{\"headerSectionData\":{\"reportHeaderLogo\":{\"src\":\"assets/img/ePlanSoft_LeafLogo.png\"},\"reportHeaderClientInfo\":{\"clientData\":{\"clientAgency\":\"Client Agency\",\"clientName\":\"client name\",\"clientAddress\":\"address line 1\",\"clientAddress2\":\"address line 2\",\"clientCity\":\"client city\",\"clientState\":\"client state\",\"clientPostal\":\"zip code\",\"clientPhone\":\"555-555-5555\"}},\"reportHeaderTextBox\":{\"textBoxValues\":{\"textBox1\":\"text box 1 text\",\"textBox2\":\"text box 2 text\"}}},\"reportHeaderBody\":{\"projectData\":{\"managerUsers\":[{\"firstName\":\"example\",\"lastName\":\"user\"}],\"projectType\":{\"label\":\"the project type\"},\"projectType_LIID\":\"213\",\"projectNumber\":\"project number\",\"projectName\":\"project name\",\"address\":{\"streetNumber\":\"St. number\",\"direction\":\"1\",\"streetName\":\"St. name\",\"streetName2\":\"St. name 2\",\"streetType\":\"2\",\"unit\":\"unit\",\"city\":\"city\",\"state\":\"1\",\"zipCode\":\"zip code\",\"country\":\"2\",\"parcel\":\"parcel\",\"lotNumber\":\"lot number\",\"tractNumber\":\"tract number\"},\"persons\":[{\"id\":\"id\",\"firstName\":\"first name\",\"lastName\":\"last name\",\"fullName\":\"first name last name\",\"ProjectPerson\":{\"isPrimary\":true}}],\"referenceNumber\":\"123423141234\",\"serviceArea\":{\"label\":\"the service area\"},\"serviceArea_LIID\":\"203\"}}},\"reportInstructions\":{\"projectInstructions\":[\"Report instructions go here.\"]},\"reportDocumentList\":{\"documentListData\":[{\"filename\":\"document name\",\"cycle\":{\"label\":\"document label\"},\"cycle_LIID\":603,\"version\":\"000234\"}],\"documentCycle\":\"document cycle\"},\"reportCommentList\":{\"commentListData\":[{\"group\":{\"label\":\"Fire\",\"sortOrder\":2},\"group_LIID\":131,\"documentComments\":[{\"documentEntity\":{\"versionAdded\":{\"documentVersion\":{\"filename\":\"filename\"},\"pageNumber\":1}}}],\"owner_id\":\"1\",\"owner\":{\"firstName\":\"first name\",\"lastName\":\"last name\",\"email\":\"email address\",\"primaryPhone\":\"555-555-5555\"},\"reviewer\":\"fName lName\",\"reviewType\":{\"label\":\"Civil\",\"sortOrder\":1},\"reviewType_LIID\":349,\"category\":{\"label\":\"General\",\"sortOrder\":1},\"category_LIID\":220,\"subcategory\":{\"label\":\"Grading\",\"sortOrder\":1},\"subcategory_LIID\":465,\"content\":\"comment content\",\"commentNumber\":\"00010\"},{\"group\":{\"label\":\"Fire\",\"sortOrder\":2},\"group_LIID\":131,\"documentComments\":[{\"documentEntity\":{\"versionAdded\":{\"documentVersion\":{\"filename\":\"filename\"},\"pageNumber\":1}}}],\"owner_id\":\"1\",\"owner\":{\"firstName\":\"first name\",\"lastName\":\"last name\",\"email\":\"email address\",\"primaryPhone\":\"555-555-5555\"},\"reviewer\":\"fName lName\",\"reviewType\":{\"label\":\"Civil\",\"sortOrder\":1},\"reviewType_LIID\":349,\"category\":{\"label\":\"General\",\"sortOrder\":1},\"category_LIID\":220,\"subcategory\":{\"label\":\"Grading\",\"sortOrder\":1},\"subcategory_LIID\":465,\"content\":\"comment content\",\"commentNumber\":\"00011\"},{\"group\":{\"label\":\"Planning\",\"sortOrder\":5},\"group_LIID\":132,\"documentComments\":[{\"documentEntity\":{\"versionAdded\":{\"documentVersion\":{\"filename\":\"filename\"},\"pageNumber\":1}}}],\"owner_id\":\"1\",\"owner\":{\"firstName\":\"first name\",\"lastName\":\"last name\",\"email\":\"email address\",\"primaryPhone\":\"555-555-5555\"},\"reviewer\":\"fName lName\",\"reviewType\":{\"label\":\"Civil\",\"sortOrder\":1},\"reviewType_LIID\":349,\"category\":{\"label\":\"General\",\"sortOrder\":1},\"category_LIID\":220,\"subcategory\":{\"label\":\"Grading\",\"sortOrder\":1},\"subcategory_LIID\":465,\"content\":\"comment content\",\"commentNumber\":\"00009\"},{\"group\":{\"label\":\"Public Works\",\"sortOrder\":4},\"group_LIID\":133,\"documentComments\":[{\"documentEntity\":{\"versionAdded\":{\"documentVersion\":{\"filename\":\"filename\"},\"pageNumber\":1}}}],\"owner_id\":\"1\",\"owner\":{\"firstName\":\"first name\",\"lastName\":\"last name\",\"email\":\"email address\",\"primaryPhone\":\"555-555-5555\"},\"reviewer\":\"fName lName\",\"reviewType\":{\"label\":\"Civil\",\"sortOrder\":1},\"reviewType_LIID\":349,\"category\":{\"label\":\"General\",\"sortOrder\":1},\"category_LIID\":220,\"subcategory\":{\"label\":\"Grading\",\"sortOrder\":1},\"subcategory_LIID\":465,\"content\":\"comment content\",\"commentNumber\":\"00009\"}]},\"reportFooter\":{\"clientData\":{\"clientName\":\"client name\",\"clientAddress\":\"address ln. 1\",\"clientAddress2\":\"address ln. 2\",\"clientCity\":\"client city\",\"clientState\":\"client state\",\"clientPostal\":\"zip code\",\"clientPhone\":\"555-555-5555\",\"currentPage\":\"#\",\"totalPages\":\"#\"}}}','{\"logo\": \"https://melissafoxblog.files.wordpress.com/2013/08/city-of-irvine-logo.jpg\"}',1,NULL,'2019-07-26 21:28:40','2019-07-26 21:28:40',NULL,NULL),(8,2,NULL,'Erics Template','Erics Template','{}','{\n	\"file\" : \"edit test.pdf\",\n	\"instructions\" : \"Report instructions go here.\",\n	\"logo\": \"https://images.freecreatives.com/wp-content/uploads/2016/04/San-Francisco-City-Logo-Design.jpg\",\n	\"title\" : \"jsReportTitle\"\n}',1,NULL,'2019-08-29 23:28:56','2019-08-29 23:28:56',NULL,NULL),(10,2,NULL,'1567206694835Erics Template','Erics TemplateV4','{}','{\"title\":\"Eric Report Title 2\",\"instructions\":\"Lorem ipsum dolor sit amet, consectetur adipiscing elit, sed do eiusmod tempor incididunt ut labore et dolore magna aliqua. Ut enim ad minim veniam, quis nostrud exercitation ullamco laboris nisi ut aliquip ex ea commodo consequat. Duis aute irure dolor in reprehenderit in voluptate velit esse cillum dolore eu fugiat nulla pariatur. Excepteur sint occaecat cupidatat non proident, sunt in culpa qui officia deserunt mollit anim id est laborum.\"}',1,NULL,'2019-08-30 23:11:37','2019-09-16 20:34:36',NULL,NULL),(11,2,NULL,'TemplateFromUI','TemplateFromUI7','','{\"title\":\"EricTemplateV7\",\"instructions\":\"The items noted below require correction or clarification before this Plan Check submittal can be approved for permit issuance. Each line item includes a comment number and a sheet number, if applicable, for easy reference to the reviewed plans. Please resubmit all your revised plans, using the same filename, page order and sheet description provided in the original submittal. Place new sheets at the bottom of the file. If sheets have been removed, place an empty page in their place.\",\"logo\":\"https://epr-eric.s3.us-west-2.amazonaws.com/attachments/TemplateFromUI/sample-attachment-2.png\"}',1,NULL,'2019-09-04 20:40:14','2019-09-16 22:12:12',NULL,NULL),(12,2,NULL,'New Template 01','New Template 01','','{\"title\":\"Dingleberry Christmas\",\"logo\":\"https://epr-eric.s3.us-west-2.amazonaws.com/reportLogo/New%20Template%2001/sign1.png\",\"instructions\":\"Hello world\"}',1,NULL,'2019-09-16 22:03:36','2019-09-16 22:03:36',NULL,NULL),(13,2,NULL,'New Template 02','New Template 02','','{\"title\":\"Dingleberry 2\",\"logo\":\"https://epr-eric.s3.us-west-2.amazonaws.com/reportLogo/New%20Template%2002/logo.png\",\"instructions\":\"report instructions test \"}',1,NULL,'2019-09-16 22:07:48','2019-09-16 22:07:48',NULL,NULL),(14,2,NULL,'New Template 03','New Template 03','','{\"title\":\"abc123\",\"logo\":\"https://epr-eric.s3.us-west-2.amazonaws.com/reportLogo/New%20Template%2003/logo.png\",\"instructions\":\"asdsa\"}',1,NULL,'2019-09-16 22:09:57','2019-09-16 22:09:57',NULL,NULL),(15,2,NULL,'New Template 04','New Template 04','','{\"title\":\"Dingleberry christmas\",\"logo\":\"https://epr-eric.s3.us-west-2.amazonaws.com/reportLogo/New%20Template%2004/logo.png\",\"instructions\":\"wedasda\"}',1,NULL,'2019-09-16 22:13:59','2019-09-16 22:13:59',NULL,NULL),(16,2,NULL,'Arcadia','Arcadia','','{\"title\":\"Report TItle 2\",\"logo\":\"https://epr-eric.s3.us-west-2.amazonaws.com/reportLogo/Arcadia/logo.png\",\"instructions\":\"xcvxcvxc\"}',1,NULL,'2019-09-16 22:44:50','2019-09-16 22:44:50',NULL,NULL);
/*!40000 ALTER TABLE `ReportTemplates` ENABLE KEYS */;
UNLOCK TABLES;

--
-- Table structure for table `Reports`
--

DROP TABLE IF EXISTS `Reports`;
/*!40101 SET @saved_cs_client     = @@character_set_client */;
/*!40101 SET character_set_client = utf8 */;
CREATE TABLE `Reports` (
  `id` int(10) unsigned NOT NULL AUTO_INCREMENT,
  `jsReport_id` varchar(24) NOT NULL,
  `name` varchar(50) NOT NULL,
  `title` varchar(50) NOT NULL,
  `logo` varchar(255) NOT NULL,
  `instructions` text,
  `options` text,
  `createdAt` datetime NOT NULL DEFAULT CURRENT_TIMESTAMP,
  `updatedAt` datetime NOT NULL DEFAULT CURRENT_TIMESTAMP,
  `deletedAt` datetime DEFAULT NULL,
  PRIMARY KEY (`id`),
  UNIQUE KEY `report_name_UNIQUE` (`name`)
) ENGINE=InnoDB AUTO_INCREMENT=34 DEFAULT CHARSET=latin1;
/*!40101 SET character_set_client = @saved_cs_client */;

--
-- Dumping data for table `Reports`
--

LOCK TABLES `Reports` WRITE;
/*!40000 ALTER TABLE `Reports` DISABLE KEYS */;
INSERT INTO `Reports` VALUES (1,'BJgaxZaZrB','Erics Report','Corrections Report V1','https://epr-eric.s3.us-west-2.amazonaws.com/reportLogo/New%20Template%2001/sign1.png','Lorem ipsum dolor sit amet, consectetur adipiscing elit, sed do eiusmod tempor incididunt ut labore et dolore magna aliqua. Ut enim ad minim veniam, quis nostrud exercitation ullamco laboris nisi ut aliquip ex ea commodo consequat. Duis aute irure dolor in reprehenderit in voluptate velit esse cillum dolore eu fugiat nulla pariatur. Excepteur sint occaecat cupidatat non proident, sunt in culpa qui officia deserunt mollit anim id est laborum.',NULL,'2019-09-17 18:28:56','2019-09-23 21:53:59',NULL),(3,'r1eSCVa0LS','Eddy','Eddys Template','https://epr-eric.s3.us-west-2.amazonaws.com/reportLogo/Eddy/logo.png','asdsfsd',NULL,'2019-09-17 20:59:44','2019-09-17 20:59:44',NULL),(4,'r1eSCVa0LS','Monterey Park','MP Corrections Report','https://epr-eric.s3.us-west-2.amazonaws.com/reportLogo/1568847276552logo.png','Hello World',NULL,'2019-09-18 00:08:29','2019-09-18 22:54:37',NULL),(5,'r1eSCVa0LS','El Monte','El Monte Corrections Report','https://epr-eric.s3.us-west-2.amazonaws.com/reportLogo/15688292816403.png','hello world!\nabcdefg',NULL,'2019-09-18 17:54:42','2019-09-18 17:54:42',NULL),(6,'r1eSCVa0LS','Supertest Report','Supertest Report Title','https://epr-eric.s3.us-west-2.amazonaws.com/reportLogo/New%20Template%2001/sign1.png','Hello World',NULL,'2019-09-23 18:52:31','2019-09-23 18:52:31','2019-09-24 21:11:54'),(18,'r1eSCVa0LS','1569265551068Supertest Report','Supertest Report Title','https://epr-eric.s3.us-west-2.amazonaws.com/reportLogo/New%20Template%2001/sign1.png','Hello World',NULL,'2019-09-23 19:05:51','2019-09-23 19:05:51','2019-09-24 18:49:49'),(20,'r1eSCVa0LS','1569266616496Supertest Report','Supertest Report Title','https://epr-eric.s3.us-west-2.amazonaws.com/reportLogo/New%20Template%2001/sign1.png','Hello World',NULL,'2019-09-23 19:23:36','2019-09-23 19:23:36','2019-09-23 22:12:59'),(23,'r1eSCVa0LS','Demo Template','EPR Corrections Report','https://epr-eric.s3.us-west-2.amazonaws.com/reportLogo/1569361886527download%20%281%29.png','Lorem ipsum dolor sit amet, consectetur adipiscing elit, sed do eiusmod tempor incididunt ut labore et dolore magna aliqua. Sit amet venenatis urna cursus eget nunc scelerisque viverra. Mattis molestie a iaculis at erat. Auctor augue mauris augue neque gravida in fermentum et. Fringilla est ullamcorper eget nulla facilisi etiam dignissim. Tincidunt nunc pulvinar sapien et. Nibh venenatis cras sed felis eget velit aliquet sagittis. Suspendisse ultrices gravida dictum fusce ut. Viverra ipsum nunc aliquet bibendum enim facilisis. Mi quis hendrerit dolor magna eget est lorem ipsum. Pretium lectus quam id leo in vitae. Lorem dolor sed viverra ipsum nunc aliquet bibendum enim. Amet facilisis magna etiam tempor orci eu lobortis elementum nibh. Urna porttitor rhoncus dolor purus non enim praesent. Augue interdum velit euismod in pellentesque massa placerat. Adipiscing elit duis tristique sollicitudin nibh sit amet commodo. Turpis egestas maecenas pharetra convallis posuere morbi leo urna.',NULL,'2019-09-24 21:51:27','2019-09-24 21:51:27','2019-09-24 21:54:47'),(24,'r1eSCVa0LS','Demo Corrections Report','EPR Corrections Report #1','https://epr-eric.s3.us-west-2.amazonaws.com/reportLogo/1569362191641download%20%282%29.png','Lorem ipsum dolor sit amet, consectetur adipiscing elit. Integer nec odio. Praesent libero. Sed cursus ante dapibus diam. Sed nisi. Nulla quis sem at nibh elementum imperdiet. Duis sagittis ipsum. Praesent mauris. Fusce nec tellus sed augue semper porta. Mauris massa. Vestibulum lacinia arcu eget nulla. Class aptent taciti sociosqu ad litora torquent per conubia nostra, per inceptos himenaeos.',NULL,'2019-09-24 21:56:32','2019-09-24 21:56:32',NULL),(25,'r1eSCVa0LS','Demo 2','Erics Report','https://epr-eric.s3.us-west-2.amazonaws.com/reportLogo/1569362265627download%20%281%29.png','Hello World!! Hello World!! Hello World!!Hello World!!Hello World!!Hello World!!Hello World!!Hello World!!Hello World!!Hello World!!Hello World!!Hello World!!Hello World!!Hello World!!Hello World!!Hello World!!Hello World!!Hello World!!Hello World!!Hello World!!Hello World!!Hello World!!Hello World!!Hello World!!Hello World!!Hello World!!Hello World!!',NULL,'2019-09-24 21:57:47','2019-09-24 21:57:47','2019-09-24 22:11:07'),(26,'r1eSCVa0LS','Dingleberry Report','Dingleberry Christmas','https://epr-eric.s3.us-west-2.amazonaws.com/reportLogo/1569517076992logo.png','Hello world',NULL,'2019-09-26 16:57:57','2019-09-26 16:57:57',NULL),(27,'BJgaxZaZrB','Dingleberry 2','The Nightmare Before Dingle','https://epr-eric.s3.us-west-2.amazonaws.com/reportLogo/1569517345655logo.png','Lorem ipsum dolor sit amet, consectetur adipiscing elit, sed do eiusmod tempor incididunt ut labore et dolore magna aliqua. Ut enim ad minim veniam, quis nostrud exercitation ullamco laboris nisi ut aliquip ex ea commodo consequat. Duis aute irure dolor in reprehenderit in voluptate velit esse cillum dolore eu fugiat nulla pariatur. Excepteur sint occaecat cupidatat non proident, sunt in culpa qui officia deserunt mollit anim id est laborum.','{\"sort\":[\"groupName\",\"reviewType\",\"category\"],\"includedProjectFields\":[\"projectNumber\",\"address\",\"constructionType\",\"occupancy\"]}','2019-09-26 17:02:26','2019-09-27 18:43:55',NULL),(28,'BJgaxZaZrB','Test New Data','Tropical Sunset','https://epr-eric.s3.us-west-2.amazonaws.com/reportLogo/1569529416511download%20%281%29.png','asasdasda',NULL,'2019-09-26 20:23:37','2019-09-26 20:23:37','2019-09-26 22:49:40'),(29,'BJgaxZaZrB','Rustic Pebble','Apple Pie','https://epr-eric.s3.us-west-2.amazonaws.com/reportLogo/1569529531022download%20%282%29.png','dfdssdfsd',NULL,'2019-09-26 20:25:32','2019-09-26 20:25:32',NULL),(30,'BJgaxZaZrB','Mysterious Coconut','Vita Coco 2','https://epr-eric.s3.us-west-2.amazonaws.com/reportLogo/15695302457193.png','asdsadas','{\"sort\":[\"groupName\",\"category\",\"pageNumber\"],\"includedProjectFields\":[\"projectNumber\",\"address\"]}','2019-09-26 20:37:27','2019-09-27 18:34:32',NULL),(31,'BJgaxZaZrB','test report ','testing','https://epr-eric.s3.us-west-2.amazonaws.com/reportLogo/1569620123355download%20%281%29.png','sdfsd','{\"sort\":[\"groupName\",\"pageNumber\",\"category\"],\"includedProjectFields\":[\"projectNumber\",\"address\"]}','2019-09-27 21:35:24','2019-09-27 21:35:24','2019-09-27 22:06:47'),(32,'BJgaxZaZrB','test report 2','sdfdsf','https://epr-eric.s3.us-west-2.amazonaws.com/reportLogo/1569620150816download%20%281%29.png','fgfdgdf','{\"sort\":[\"groupName\",\"pageNumber\",\"category\"],\"includedProjectFields\":[\"projectNumber\",\"address\"]}','2019-09-27 21:35:53','2019-09-27 21:35:53','2019-09-27 22:46:38'),(33,'BJgaxZaZrB','City of Jackson Hills','City of Jackson Hills','https://epr-eric.s3.us-west-2.amazonaws.com/reportLogo/1569625399129image.png','asdsad','{\"sort\":[\"groupName\",\"pageNumber\",\"category\"],\"includedProjectFields\":[\"projectNumber\",\"address\"]}','2019-09-27 23:03:19','2019-09-27 23:03:19',NULL);
/*!40000 ALTER TABLE `Reports` ENABLE KEYS */;
UNLOCK TABLES;

--
-- Table structure for table `ResponseComments`
--

DROP TABLE IF EXISTS `ResponseComments`;
/*!40101 SET @saved_cs_client     = @@character_set_client */;
/*!40101 SET character_set_client = utf8 */;
CREATE TABLE `ResponseComments` (
  `id` int(10) unsigned NOT NULL AUTO_INCREMENT,
  `comment_id` int(10) unsigned NOT NULL,
  `content` text,
  `vendor_id` varchar(50) DEFAULT NULL,
  `owner_id` int(10) unsigned NOT NULL,
  `createdAt` datetime NOT NULL DEFAULT CURRENT_TIMESTAMP,
  `updatedAt` datetime NOT NULL DEFAULT CURRENT_TIMESTAMP,
  `deletedAt` datetime DEFAULT NULL,
  PRIMARY KEY (`id`),
  UNIQUE KEY `vendor_id_UNIQUE` (`vendor_id`),
  KEY `fk_comment_id_idx` (`comment_id`),
  KEY `fk_owner_id_idx` (`owner_id`),
  KEY `deletedAt_idx` (`deletedAt`),
  FULLTEXT KEY `content_idx` (`content`),
  CONSTRAINT `responsecomments_ibfk_1` FOREIGN KEY (`comment_id`) REFERENCES `Comments` (`id`),
  CONSTRAINT `responsecomments_ibfk_2` FOREIGN KEY (`owner_id`) REFERENCES `Persons` (`id`)
) ENGINE=InnoDB DEFAULT CHARSET=latin1;
/*!40101 SET character_set_client = @saved_cs_client */;

--
-- Dumping data for table `ResponseComments`
--

LOCK TABLES `ResponseComments` WRITE;
/*!40000 ALTER TABLE `ResponseComments` DISABLE KEYS */;
/*!40000 ALTER TABLE `ResponseComments` ENABLE KEYS */;
UNLOCK TABLES;

--
-- Table structure for table `SavedSearches`
--

DROP TABLE IF EXISTS `SavedSearches`;
/*!40101 SET @saved_cs_client     = @@character_set_client */;
/*!40101 SET character_set_client = utf8 */;
CREATE TABLE `SavedSearches` (
  `id` int(10) unsigned NOT NULL AUTO_INCREMENT,
  `createdBy` int(10) unsigned NOT NULL,
  `searchPage` varchar(255) NOT NULL,
  `label` varchar(100) NOT NULL,
  `content` text,
  `isGlobal` tinyint(1) NOT NULL DEFAULT '1',
  `createdAt` datetime NOT NULL DEFAULT CURRENT_TIMESTAMP,
  `updatedAt` datetime NOT NULL DEFAULT CURRENT_TIMESTAMP,
  `deletedAt` datetime DEFAULT NULL,
  PRIMARY KEY (`id`),
  KEY `fk_searchPage_idx` (`searchPage`),
  KEY `label_idx` (`label`),
  KEY `createdBy_idx` (`createdBy`),
  KEY `deletedAt_idx` (`deletedAt`),
  CONSTRAINT `savedsearches_ibfk_1` FOREIGN KEY (`createdBy`) REFERENCES `Persons` (`id`)
) ENGINE=InnoDB DEFAULT CHARSET=latin1;
/*!40101 SET character_set_client = @saved_cs_client */;

--
-- Dumping data for table `SavedSearches`
--

LOCK TABLES `SavedSearches` WRITE;
/*!40000 ALTER TABLE `SavedSearches` DISABLE KEYS */;
/*!40000 ALTER TABLE `SavedSearches` ENABLE KEYS */;
UNLOCK TABLES;

--
-- Table structure for table `SequelizeData`
--

DROP TABLE IF EXISTS `SequelizeData`;
/*!40101 SET @saved_cs_client     = @@character_set_client */;
/*!40101 SET character_set_client = utf8 */;
CREATE TABLE `SequelizeData` (
  `name` varchar(255) COLLATE utf8_unicode_ci NOT NULL,
  PRIMARY KEY (`name`),
  UNIQUE KEY `name` (`name`)
) ENGINE=InnoDB DEFAULT CHARSET=utf8 COLLATE=utf8_unicode_ci;
/*!40101 SET character_set_client = @saved_cs_client */;

--
-- Dumping data for table `SequelizeData`
--

LOCK TABLES `SequelizeData` WRITE;
/*!40000 ALTER TABLE `SequelizeData` DISABLE KEYS */;
INSERT INTO `SequelizeData` VALUES ('20160812182220-Purposes.js'),('20160812182221-ValueTypes.js'),('20160812182222-List-PermissionTypes.js'),('20160812182223-Activities.js'),('20160812182328-SettingCategories.js'),('20160812182329-SettingSubcategories.js'),('20160812182330-SettingCategories-Advanced.js'),('20160826010233-ListType_ProjectPriority.js'),('20160830022100-Settings-Address.js'),('20160830220143-CountryState.js'),('20160830221149-StreetType.js'),('20160830221421-StreetDirection.js'),('20160903022701-ListType-DocumentTypes.js'),('20160906164104-SettingCategories-Security.js'),('20160906164105-SettingCategories-Manage.js'),('20160906164105-ValueTypes-Password.js'),('20160906164106-Settings-Signing.js'),('20160906195059-Settings-Email.js'),('20160906210152-FileSystemTypes.js'),('20160906210817-Settings-Files.js'),('20160906231259-Settings-License.js'),('20160907193248-Settings-Lists.js'),('20160909170433-ListType_ProjectCycle.js'),('20160909180457-ListType_ProjectOccupancy.js'),('20160909180459-ListType_ProjectConstructionType.js'),('20160909180505-ListType_ProjectApplicationType.js'),('20160909180512-ListType_ProjectServiceArea.js'),('20160909180538-ListType_ProjectContactType.js'),('20160918235241-ListType-UserRoles.js'),('20160919235241-Persons.js'),('20160921011114-ListType_ProjectStatus_Internal.js'),('20160921230211-Lists-TokenTypes.js'),('20160922001224-ListType_ProjectStatus_External.js'),('20160922215711-ListType_AssignmentStatus_Internal.js'),('20160922215721-ListType_AssignmentStatus_External.js'),('20160923002648-ListType_CommentStatus_Internal.js'),('20160923003543-ListType_CommentStatus_External.js'),('20160924184335-ListType-UserGroups_DesignReview.js'),('20160924184435-ListType-UserGroups_Permitting.js'),('20160926223410-UserGroups.js'),('20160927175627-Settings-Groups.js'),('20160929180308-Settings-Users.js'),('20161009010244-ListType_ProjectType.js'),('20161011172248-ListType-Activities.js'),('20161011172259-ListType-Permissions.js'),('20161014181615-Settings-Permissions.js'),('20161017140421-Settings-Assignments.js'),('20161018000433-ListType_DocumentCycle.js'),('20161018185153-ListType_ReviewType.js'),('20161102222334-EmailTemplates-initialTemplates.js'),('20161103215124-List-Filters.js'),('20161107180252-UserRolePermissions.js'),('20161107224142-UserRoleFilters.js'),('20161110193220-Lists-ActivityTypes.js'),('20161117194209-Lists-EventTypes.js'),('20161118183928-Settings-Stamps.js'),('20161118293842-Settings-StandardComments.js'),('20161118432592-ListType-Sources_Permitting.js'),('20161118432783-ListType-Sources_DesignReview.js'),('20161118634083-ListType-Categories_Permitting.js'),('20161118634921-ListType-Categories_DesignReview.js'),('20161118890231-ListType-Impacts_DesignReview.js'),('20161118912932-ListType-Subcategories_Permitting.js'),('20161118914852-ListType-Subcategories_DesignReview.js'),('20161121231544-VendorAuths.js'),('20161205190922-ActivityEvents.js'),('20161206013331-ListType-Categories_General.js'),('20161206013459-ListType-Subcategories_General.js'),('20161206013503-ListType-Sources_General.js'),('20161206014136-ListType-Impacts_Permitting.js'),('20170103215450-Settings-Contacts.js'),('20170111010658-Settings-Reports.js'),('20170306214235-ListType-ReportType.js'),('20170306214236-Settings-Partner.js'),('20170406165003-BrandingSettings.js'),('20170502190304-Partners.js'),('20170504124503-EmailTemplate.js'),('20171212000304-Templates-Email.js'),('20171228000001-ListType-add-Summary.js'),('20180206000123-update-eventTypeMapping.js'),('20180212000123-update-eventTypeMapping.js'),('20180309000123-update-UserRoleFilter-actionForAdding-own.js'),('20180315000123-update-UserRoleFilter-actionForAdding-own.js'),('20180320144150-Corrections-Report.js'),('20180329013413-update-Template-Notification.js'),('20180405111030-Corrections-Report-body-update.js'),('201804101644375-submittalRecommendation.js'),('20180412041924-update-UserRoleFilter-TeamMember.js'),('20180511234003-Setting-Password.js'),('20180530001845-Setting-byPassTeamMember.js'),('20180619215341-ApiMapping.js'),('20180719181801-Setting-OCR.js'),('20180731182920-Activity-OCRPage.js'),('20180904171257-Setting-AutomateMembership.js'),('20180910213304-UserRolePermission-Partner-add-ProjectCoordinator.js'),('20181005160515-ApiMapping-add-Velosimo.js'),('20181009223932-ApiMapping-add-MaintStar.js'),('201810121459360-Design-ReportTemplates-create.js'),('20181017203825-Person-update-admin-password.js'),('20190121182428-ApiMapping-add-Amanda.js'),('20190308224756-ApiMapping-add-Amanda-addFolderProcessAttempt.js'),('20190315225538-Setting-Email-add-TLSOption.js'),('20190326002518-ListType-ReviewType-update-summary.js'),('20190326164021-UserRolePermission-OCRPage-View.js'),('20190402223240-Setting-PartialIntake.js'),('20190419173244-Activity-Deliverable-update-PermissionType.js'),('20190419231221-ListItem-Filter-Update.js'),('20190422173241-Activity-ProjectPages.js'),('20190422173531-UserPermission-AttachmentPage-View.js'),('20190422174101-UserPermission-DocumentPage-View.js'),('20190422174335-UserPermission-CommentPage-View.js'),('20190422174421-UserPermission-AssignmentPage-View.js'),('20190424211444-Activity-SettingPages.js'),('20190424212548-Activity-SettingPages-View.js'),('20190425192008-Activity-Settings.js'),('20190425192100-UserPermission-Settings.js'),('20190530210558-fix-corrections-report-reportType_LIID.js'),('20190711163211-Setting-update-FilePath.js'),('20190812183153-Template-Add-CommentReponse.js'),('20190813193009-Template-Add-CommentReponseEnabled.js'),('20190903213753-Setting-add-resetCanceledResubmittal.js'),('30160910130730-ListTypePurposes.js');
/*!40000 ALTER TABLE `SequelizeData` ENABLE KEYS */;
UNLOCK TABLES;

--
-- Table structure for table `SequelizeMeta`
--

DROP TABLE IF EXISTS `SequelizeMeta`;
/*!40101 SET @saved_cs_client     = @@character_set_client */;
/*!40101 SET character_set_client = utf8 */;
CREATE TABLE `SequelizeMeta` (
  `name` varchar(255) COLLATE utf8_unicode_ci NOT NULL,
  PRIMARY KEY (`name`),
  UNIQUE KEY `name` (`name`)
) ENGINE=InnoDB DEFAULT CHARSET=utf8 COLLATE=utf8_unicode_ci;
/*!40101 SET character_set_client = @saved_cs_client */;

--
-- Dumping data for table `SequelizeMeta`
--

LOCK TABLES `SequelizeMeta` WRITE;
/*!40000 ALTER TABLE `SequelizeMeta` DISABLE KEYS */;
INSERT INTO `SequelizeMeta` VALUES ('20160812161110-ListPurposes-create.js'),('20160812161111-ListTypes-create.js'),('20160812161112-ListItems-create.js'),('20160812161113-Projects-create.js'),('20160812161121-Settings-create.js'),('20160817001910-create-documents.js'),('20160818222931-create-document-versions.js'),('20160819183759-create-document-pages.js'),('20160908230738-ListPurpose-Rename.js'),('20160908230757-ListTypes-RemovePurpose.js'),('20160908230806-ListTypePurposes-create.js'),('20160909150806-ListItems-RenameandAdd.js'),('20160909151006-Purposes-ResizeKeyLabel.js'),('20160909151016-ListTypes-ResizeKeyLabel.js'),('20160909151026-Settings-ResizeKeyLabel.js'),('20160913105306-ListItems-ExpandDescription.js'),('20160913195228-ListItem-AddPurposeID.js'),('20160913195801-ListItems-description_text.js'),('20160914031741-create-document-page-versions.js'),('20160914210154-update-documentPageVersions-unique-page_version.js'),('20160915000445-ListItems-descriptionDefault.js'),('20160916214355-Addresses-create.js'),('20160916234207-Persons-create.js'),('20160919175639-Addresses-Restrict-to-setNull.js'),('20160919185614-create-document-assignments.js'),('20160920224204-ListItems-allowNullKey.js'),('20160921185740-Emails-create.js'),('20160921230231-Tokens-create.js'),('20160921231346-Emails-addTimestamps.js'),('20160922222259-DocumentAssignments-documentVersion_id-to-document_id.js'),('20160924190132-UserGroups-create.js'),('20160929012336-DocumentAssignments-reviewType-user-nullable.js'),('20160929014250-DocumentVersion-version-not-nullable.js'),('20160929214937-Documents-needsIntake.js'),('20161001013402-ProjectAttachments-create.js'),('20161004204344-VendorAuths-create.js'),('20161006213227-VendorAuths-add-user_id.js'),('20161007220936-Tokens-add-vendorAuth_id.js'),('20161007232719-UserPermissions-create.js'),('20161008204301-DistributionMappings-create.js'),('20161011175946-Projects-update-October.js'),('20161011203247-Addresses-addPhone.js'),('20161011203522-Persons-removePhone.js'),('20161011234521-UserRolePermissions-create.js'),('20161014004152-DocumentVersions-metadata-varchar-to-text.js'),('20161015014410-Projects-projectType.js'),('20161020185756-DocumentPageVersions-pageNumber.js'),('20161020223342-DocumentPageVersions-remove-isRemoved.js'),('20161020232817-DocumentVersion-version-nullable.js'),('20161024181649-UserRolePermission-alterConstraint.js'),('20161024185848-UserPermission-alterConstraint.js'),('20161031210522-Emails-to_person.js'),('20161102201003-EmailTemplates-create.js'),('20161103180115-DistributionMappings-add-user_id.js'),('20161104173316-UserPermissions-addPermissionType.js'),('20161104173325-UserRolePermissions-addPermissionType.js'),('20161104233725-UserRoleFilters-create.js'),('20161107211315-UserPermissions-removePermissionType.js'),('20161107215949-UserRolePermissions-removePermissionType.js'),('20161108220811-DocumentVersion-filename.js'),('20161109305614-create-document-entities.js'),('20161109311741-create-document-sketches.js'),('20161110093211-create-stamps.js'),('20161110103842-create-document-stamps.js'),('20161110105420-create-group-stamps.js'),('20161110138920-create-user-stamps.js'),('20161110193325-Activities-create.js'),('20161110233831-Settings-addSortOrder.js'),('20161114004983-create-standard-comments.js'),('20161114039483-create-comments.js'),('20161114195228-UserPermissions-changeActivityLIIDtoActivityID.js'),('20161114195234-UserRolePermissions-changeActivityLIIDtoActivityID.js'),('20161114215317-UserRoleFilters-changeActivityLIIDtoActivityID.js'),('20161114233416-Emails-removeToPerson.js'),('20161114416455-create-document-comments.js'),('20161114498032-create-reponse-comments.js'),('20161117200923-EventLogs-create.js'),('20161121225912-Address-removePhone.js'),('20161121225919-Person-addPhone.js'),('20161123023791-SavedSearches-create.js'),('20161203204157-Persons-addEnableNotifications.js'),('20161205183723-ActivityEvents-create.js'),('20161205210522-EventSubscriptions-create.js'),('20161209993313-DocumentSketches-content.js'),('20161209999982-StandardComments-reviewType-category.js'),('20161210032134-Projects-notes-scopeOfWork-to-text.js'),('20161212192301-EventLogs-addProjectNumberDocumentName.js'),('20161212205004-DocumentVersions-cycle_LIID-nullable.js'),('20161220022334-DocumentPageVersions-pageNumber-not-nullable.js'),('20161221220506-EventLogs-emailQueued.js'),('20161221224332-create-Deliverables.js'),('20161221225724-create-DeliverableDocumentVersions.js'),('20161221230711-create-DeliverableProjectAttachments.js'),('20161221230752-create-DeliverableMarkupUsers.js'),('20161221230804-create-DeliverableCommentUsers.js'),('20161221231158-create-DeliverableCommentGroups.js'),('20161221231208-create-DeliverableMarkupGroups.js'),('20161223042652-ProjectPersons-create.js'),('20170106010146-ProjectPersons-projectRole_LIID-nullable.js'),('20170107020925-ReportTemplates-create.js'),('20170113005803-ReportTemplates-isActive.js'),('20170117232314-EmailTemplates-addContext.js'),('20170124013242-DocumentComments-add-options.js'),('20170126191340-Emails_user_id_nullable.js'),('20170208032542-Comments-add-group_LIID.js'),('20170213203531-Activities_addIsFiltered.js'),('20170213222351-Settings_addActivityId.js'),('20170214121534-EventLogs-add-httpMethod.js'),('20170215032432-create-CommentAttachments.js'),('20170227130894-DocumentSketches-content-to-text.js'),('20170306215141-ReportTemplates-add-reportType_LIID.js'),('20170306223612-Comments-add-isFlagged.js'),('20170311024811-Stamps-firm_LIID-to-firm.js'),('20170311061613-Deliverables-Add-Indices.js'),('20170314056372-DocumentPage-calibration-100-to-255.js'),('20170315194602-Persons-add-allowContributorDownloads.js'),('20170322912890-create-document-measurements.js'),('20170323190411-Stamps-add-name.js'),('20170323190422-Stamps-add-isActive.js'),('20170329183040-EventLogs-activity_id.js'),('20170331210810-UserRolePermissions-deletetAt-index.js'),('20170331210811-UserRoleFilters-deletetAt-index.js'),('20170331210812-Persons-deletetAt-index.js'),('20170331210813-UserGroups-deletetAt-index.js'),('20170331210814-Projects-deletetAt-index.js'),('20170331210815-ProjectPersons-deletetAt-index.js'),('20170405005110-add-deletedAt-indexes.js'),('20170405005537-add-deletedAt-indexes.js'),('20170407022047-ProjectAttachments-reportType_LIID.js'),('20170407025446-Deliverables-isActive-default.js'),('20170410203134-StandardComments-checklistName.js'),('20170418032189-Comments-add-parent_id.js'),('20170419172630-update-Deliverables-v2.js'),('20170427211047-add-hash-to-Deliverable.js'),('20170501192605-Tokens-Remove-vendorAuth_id.js'),('20170501193100-VendorAuths-Remove.js'),('20170501193725-Partners-create.js'),('20170509183343-Email-addCcBcc.js'),('20170511033344-EventLogs-AddEntityIndices.js'),('20170522192421-Projects_add-StatusUpdatedAt.js'),('20170606192413-Projects-rename-statusUpdatedAt.js'),('20170619192445-StandardComments-purpose_id-required.js'),('20170619210615-StandardComments-isChecklist-default-false.js'),('20170706132892-EventLogs-addSuccess.js'),('20171201000123-create-Templates.js'),('20171207000123-update-ListType-summary.js'),('20171207032890-UserRoleFilters-add-permission_LIID.js'),('20171215000123-create-RenderStatus.js'),('20171220000123-EventLogs-add-project_id.js'),('20180109000123-create-EventLogEventTypes.js'),('20180109000555-update-EventLogs-eventType_LIID.js'),('20180116000123-update-RenderStatus-status-deliverable_id.js'),('20180118000123-update-RenderStatus-status-attachment_id.js'),('20180122000777-update-Stamp.js'),('20180124000123-update-StandardComment-category_LIID.js'),('20180126001123-update-DistributionMappings-add-unique.js'),('20180205198135-create-PartnerSyncJob.js'),('20180329321892-Email-addLastAttempt.js'),('20180404902781-update-DistributtionMappings-allow-null-reviewType_LIID.js'),('20180406013784-drop-Unused-table.js'),('20180419202936-partners-add-ClientAgency-column.js'),('20180504180438-addIsRequiredToListItems.js'),('20180508161530-addIsRequiredToListType.js'),('20180511214521-partners-add-returnComment-reviewPageCheckIn.js'),('20180525171429-Address-add-GIS.js'),('20180530182526-ProjectPerson-add-isTeamMember.js'),('20180619213231-ApiMapping.js'),('20180621212937-DocumentPage-add-sheetNumber.js'),('20180718162710-Project-removeApplicationType.js'),('20180718210447-add-needsOCR-column.js'),('20180719184942-add-DocucmentPageVersions-sheetNumber-column.js'),('20180725193201-add-sheetNumberData-to-DocumentPageVersions.js'),('20180726155518-set-default-character.js'),('20180809212435-Person-addPasswordUpdatedAt.js'),('20180904212853-MembershipMapping.js'),('20180910184836-Project-add-fees.js'),('20181102183605-DocumentPageVersion-add-unique-key.js'),('20181106220401-DocumentVersion-add-parentFolder.js'),('20181107215859-DocumentPageVersion-add-metadata.js'),('20181204173811-Person-ColumnFilter.js'),('20190125011616-add-Counter-and-DocumentCounter-Tables.js'),('20190201220758-DocumentPageVersion-add-history.js'),('20190218233911-remove-JSON-from-ColumnFilter.js'),('20190219223522-DocumentEntites-add-documentPageVersionHistory.js'),('20190301201114-Partner-add-custom.js'),('20190308195019-ListItem-Add-custom.js'),('20190313222253-Token-add-Status.js'),('20190315170740-AddUniqueKeyConstraintForCounter.js'),('20190409193023-Comment-add-pageVersionId.js'),('20190409193246-DocumentComment-add-pageVersionId.js'),('20190409194007-DocumentSketch-add-pageVersionId.js'),('20190409194050-DocumentMeasurements-add-pageVersionId.js'),('20190410175016-Comment-add-updatedBy.js'),('20190410175028-DocumentComment-add-updatedBy.js'),('20190410175038-DocumentMeasurement-add-updatedBy.js'),('20190410175047-DocumentSketch-add-updatedBy.js'),('20190426160319-DocumentComment-add-documentVersion.js'),('20190426171101-DocumentSketch-add-documentVersion.js'),('20190426171110-DocumentMeasurement-add-documentVersion.js'),('20190429162955-Stamp-add-moreOption.js'),('20190507231353-reportTemplate-reportHTML.js'),('20190528221855-DistributionMapping-add-unique-key.js'),('20190529182109-Person-reset-ColumnFilter.js'),('20190530210558-fix-corrections-report-reportType_LIID.js'),('20190613000851-add updatedBy_id to counter.js'),('20190613001131-add documentVersion_id to DocumentCounter.js'),('20190624174632-DocumentStamp-add-pageVersion.js'),('20190624174836-DocumentStamp-add-updatedBy.js'),('20190624175016-DocumentStamp-add-documentVersion.js'),('20190701221737-Comment-add-documentVersion.js'),('20190722161551-DocumentAssignment-add-UpdatedBy_id.js'),('20190722234445-Project-note-defaultValue.js'),('20190722234500-Project-scopeOfWork-defaultValue.js'),('20190724175109-DocumentEntities-add-movedOn.js'),('20190729215026-DocumentCounters-add-pageVersionId.js'),('20190801182717-DocumentEntity-Remove-documentPageVersionIdHistory.js'),('20190809044348-updateSheetNumber-StoredProceduce.js'),('20190910230204-Document-add-suggestedId.js'),('20190916175917-PartnerSyncJob-add-Attemp.js'),('20190917171830-Reports.js');
/*!40000 ALTER TABLE `SequelizeMeta` ENABLE KEYS */;
UNLOCK TABLES;

--
-- Table structure for table `Settings`
--

DROP TABLE IF EXISTS `Settings`;
/*!40101 SET @saved_cs_client     = @@character_set_client */;
/*!40101 SET character_set_client = utf8 */;
CREATE TABLE `Settings` (
  `id` int(10) unsigned NOT NULL AUTO_INCREMENT,
  `activity_id` int(10) unsigned DEFAULT NULL,
  `settingCategory_LIID` int(10) unsigned NOT NULL,
  `valueType_LIID` int(10) unsigned NOT NULL,
  `key` varchar(100) NOT NULL,
  `label` varchar(100) NOT NULL,
  `value` varchar(255) DEFAULT NULL,
  `sortOrder` int(10) unsigned NOT NULL DEFAULT '0',
  `createdAt` datetime NOT NULL DEFAULT CURRENT_TIMESTAMP,
  `updatedAt` datetime NOT NULL DEFAULT CURRENT_TIMESTAMP,
  `deletedAt` datetime DEFAULT NULL,
  PRIMARY KEY (`id`),
  UNIQUE KEY `uidx-key` (`key`),
  UNIQUE KEY `key` (`key`),
  KEY `settingCategory_LIID` (`settingCategory_LIID`),
  KEY `valueType_LIID` (`valueType_LIID`),
  KEY `Settings_activity_id_foreign_idx` (`activity_id`),
  KEY `deletedAt_idx` (`deletedAt`),
  CONSTRAINT `Settings_activity_id_foreign_idx` FOREIGN KEY (`activity_id`) REFERENCES `Activities` (`id`),
  CONSTRAINT `settings_ibfk_1` FOREIGN KEY (`settingCategory_LIID`) REFERENCES `ListItems` (`id`),
  CONSTRAINT `settings_ibfk_2` FOREIGN KEY (`valueType_LIID`) REFERENCES `ListItems` (`id`)
) ENGINE=InnoDB AUTO_INCREMENT=57 DEFAULT CHARSET=latin1;
/*!40101 SET character_set_client = @saved_cs_client */;

--
-- Dumping data for table `Settings`
--

LOCK TABLES `Settings` WRITE;
/*!40000 ALTER TABLE `Settings` DISABLE KEYS */;
INSERT INTO `Settings` VALUES (1,23,11,1,'clientAgency','Client','CLIENT_NAME',0,'2019-07-26 21:28:35','2019-07-26 21:28:35',NULL),(2,23,11,1,'clientAddress','Address',NULL,1,'2019-07-26 21:28:35','2019-07-26 21:28:35',NULL),(3,23,11,1,'clientAddress2','Address 2',NULL,2,'2019-07-26 21:28:35','2019-07-26 21:28:35',NULL),(4,23,11,1,'clientCity','City',NULL,3,'2019-07-26 21:28:35','2019-07-26 21:28:35',NULL),(5,23,11,1,'clientCounty','County',NULL,4,'2019-07-26 21:28:35','2019-07-26 21:28:35',NULL),(6,23,11,1,'clientPostal','Postal Code',NULL,5,'2019-07-26 21:28:35','2019-07-26 21:28:35',NULL),(7,23,11,3,'clientCountry','Country',NULL,6,'2019-07-26 21:28:35','2019-07-26 21:28:35',NULL),(8,23,11,3,'clientState','State / Province',NULL,7,'2019-07-26 21:28:35','2019-07-26 21:28:35',NULL),(9,23,11,1,'clientPhone','Phone Number',NULL,8,'2019-07-26 21:28:35','2019-07-26 21:28:35',NULL),(10,29,110,1,'signingKeystoreFilepath','Signing Keystore Filepath','ssl/signing.ks',0,'2019-07-26 21:28:35','2019-07-26 21:28:35',NULL),(11,29,110,109,'signingKeystorePassword','Keystore Password','12345',1,'2019-07-26 21:28:35','2019-07-26 21:28:35',NULL),(12,24,111,1,'emailDestinationsFromName','From Name','',0,'2019-07-26 21:28:35','2019-07-26 21:28:35',NULL),(13,24,111,6,'emailDestinationsFromEmail','From Email','',1,'2019-07-26 21:28:35','2019-07-26 21:28:35',NULL),(14,24,111,6,'emailDestinationsAdminEmail','EPLAN Admin','sysadmin@eplansoftreview.com',2,'2019-07-26 21:28:35','2019-07-26 21:28:35',NULL),(15,24,111,6,'emailDestinationsSystemAdminEmail','Admin Email','',3,'2019-07-26 21:28:35','2019-07-26 21:28:35',NULL),(16,24,111,2,'emailDestinationsNotificationInterval','Notification Interval','10',4,'2019-07-26 21:28:35','2019-07-26 21:28:35',NULL),(17,24,111,1,'emailSMTPServerName','Server Name','',5,'2019-07-26 21:28:35','2019-07-26 21:28:35',NULL),(18,24,111,2,'emailSMTPServerPort','Server Port','',6,'2019-07-26 21:28:35','2019-07-26 21:28:35',NULL),(19,24,111,1,'emailSMTPUser','User','',7,'2019-07-26 21:28:35','2019-07-26 21:28:35',NULL),(20,24,111,109,'emailSMTPPassword','Password','',8,'2019-07-26 21:28:35','2019-07-26 21:28:35',NULL),(21,26,113,1,'filesSystemDocument','Document Storage Path','documents',0,'2019-07-26 21:28:35','2019-08-12 21:52:06',NULL),(22,26,113,1,'filesSystemStamp','Stamp Storage Path','stamps',1,'2019-07-26 21:28:35','2019-08-12 21:52:06',NULL),(23,26,113,1,'filesSystemPerson','Person Avatar Storage Path','persons',2,'2019-07-26 21:28:35','2019-08-12 21:52:06',NULL),(24,26,113,1,'filesSystemComment','Comment Storage Path','comments',3,'2019-07-26 21:28:35','2019-08-12 21:52:06',NULL),(25,26,113,1,'filesSystemDeliverable','Deliverable Storage Path','deliverables',4,'2019-07-26 21:28:35','2019-08-12 21:52:06',NULL),(26,26,113,1,'filesSystemBackground','Background Storage Path','backgrounds',5,'2019-07-26 21:28:35','2019-08-12 21:52:06',NULL),(27,26,113,1,'fileLogFilesPath','Log Storage Path','logs',6,'2019-07-26 21:28:35','2019-08-12 21:52:06',NULL),(28,26,113,2,'Settings_MaxQueryLimit','Max Query Limit','10000',7,'2019-07-26 21:28:35','2019-07-26 21:28:35',NULL),(29,27,114,1,'licenseURL','License URL','https://licensingv2.eplansoft.com/api/license',0,'2019-07-26 21:28:35','2019-07-26 21:28:35',NULL),(30,27,114,1,'licenseEmail','License Email','',1,'2019-07-26 21:28:35','2019-07-26 21:28:35',NULL),(31,27,114,1,'licenseDomain','License Domain','.eplansoftreview.com',2,'2019-07-26 21:28:35','2019-07-26 21:38:19',NULL),(32,27,114,1,'licenseKey','License Key','NEW_PORTAL_NEEDS_KEY',3,'2019-07-26 21:28:35','2019-07-26 21:28:35',NULL),(33,22,141,4,'assignmentsResetPassed','Reset Approved Resubmittals','false',0,'2019-07-26 21:28:36','2019-07-26 21:28:36',NULL),(34,22,141,4,'assignmentsEnableAutomatedDistributions','Automated Distributions','true',1,'2019-07-26 21:28:36','2019-07-26 21:28:36',NULL),(35,22,141,4,'assignmentsEnabledReAssign','Reassignment By Reviewer','true',2,'2019-07-26 21:28:36','2019-07-26 21:28:36',NULL),(36,22,141,5,'assignmentsFilenameDelimiters','PDF Filename Delimiters','_',3,'2019-07-26 21:28:36','2019-07-26 21:28:36',NULL),(37,25,240,1,'portalName','Portal Name','CLIENT_PORTAL_NAME',0,'2019-07-26 21:28:37','2019-07-26 21:28:37',NULL),(38,25,240,7,'primaryColor','Primary Color','#0055AF',1,'2019-07-26 21:28:37','2019-07-26 21:28:37',NULL),(39,25,240,7,'secondaryColor','Secondary Color','#FAB74C',2,'2019-07-26 21:28:37','2019-07-26 21:28:37',NULL),(40,25,240,7,'controlColor','Control Color','#009245',3,'2019-07-26 21:28:37','2019-07-26 21:28:37',NULL),(41,25,240,7,'alertColor','Alert Color','#C1272D',4,'2019-07-26 21:28:37','2019-07-26 21:28:37',NULL),(42,35,241,2,'passwordLength','Password Length','7',4,'2019-07-26 21:28:37','2019-07-26 21:28:37',NULL),(43,35,241,2,'passwordExpire','Password Expire','0',7,'2019-07-26 21:28:37','2019-07-26 21:28:37',NULL),(44,35,241,4,'passwordSpecialCharacter','Require one or more special character','true',2,'2019-07-26 21:28:37','2019-07-26 21:28:37',NULL),(45,35,241,4,'passwordUpperNumber','Require one or more uppercase alpha and numeric charaters ','true',3,'2019-07-26 21:28:37','2019-07-26 21:28:37',NULL),(46,35,241,4,'passwordSecurity','Enforce Password Security','false',6,'2019-07-26 21:28:37','2019-07-26 21:28:37',NULL),(47,35,241,4,'passwordStrength','Enforce Password Strength','true',1,'2019-07-26 21:28:37','2019-07-26 21:28:37',NULL),(48,36,242,4,'byPassTeamMember','Auto-add User to Project Team When Opening Review Page','false',1,'2019-07-26 21:28:37','2019-07-26 21:28:37',NULL),(49,37,245,4,'ocrUIDisplay','Show Enhanced OCR UI','true',1,'2019-07-26 21:28:37','2019-07-26 21:28:37',NULL),(50,37,245,4,'ocrAutoTrigger','Auto run OCR when document is rendered ','true',2,'2019-07-26 21:28:37','2019-07-26 21:28:37',NULL),(51,39,246,4,'automatedMembership','Auto Membership Distributions','true',1,'2019-07-26 21:28:37','2019-07-26 21:28:37',NULL),(52,24,111,4,'emailSMTPTLSOption','Enable TLS','0',9,'2019-07-26 21:28:38','2019-07-26 21:28:38',NULL),(53,40,251,4,'partialIntakeUIDisplay','Show Partial Intake Management UI','true',1,'2019-07-26 21:28:38','2019-07-26 21:28:38',NULL),(54,40,251,4,'usingPartialIntake','Using Partial Intake ','true',2,'2019-07-26 21:28:38','2019-07-26 21:28:38',NULL),(55,26,113,1,'filesSystemLogo','Logo Storage Path','logos',8,'2019-08-12 21:52:06','2019-08-12 21:52:06',NULL),(56,22,141,4,'assignmentsResetCanceled','Reset Canceled Resubmittals','0',10,'2019-09-17 18:12:53','2019-09-17 18:12:53',NULL);
/*!40000 ALTER TABLE `Settings` ENABLE KEYS */;
UNLOCK TABLES;

--
-- Table structure for table `Stamps`
--

DROP TABLE IF EXISTS `Stamps`;
/*!40101 SET @saved_cs_client     = @@character_set_client */;
/*!40101 SET character_set_client = utf8 */;
CREATE TABLE `Stamps` (
  `id` int(10) unsigned NOT NULL AUTO_INCREMENT,
  `firm` varchar(100) DEFAULT NULL,
  `name` varchar(255) NOT NULL,
  `description` varchar(255) DEFAULT NULL,
  `displayNameAndProjectNumber` tinyint(1) NOT NULL DEFAULT '1',
  `isActive` tinyint(1) NOT NULL DEFAULT '1',
  `vendor_id` varchar(50) DEFAULT NULL,
  `createdAt` datetime NOT NULL DEFAULT CURRENT_TIMESTAMP,
  `updatedAt` datetime NOT NULL DEFAULT CURRENT_TIMESTAMP,
  `deletedAt` datetime DEFAULT NULL,
  `displayDate` tinyint(1) DEFAULT '1',
  `displayProjectNumber` tinyint(1) DEFAULT '1',
  `displayUserName` tinyint(1) DEFAULT '1',
  `displayCenter` tinyint(1) DEFAULT '0',
  PRIMARY KEY (`id`),
  UNIQUE KEY `vendor_id_UNIQUE` (`vendor_id`),
  KEY `firm_idx` (`firm`),
  KEY `idx-name` (`name`),
  KEY `idx-isActive` (`isActive`),
  KEY `deletedAt_idx` (`deletedAt`)
) ENGINE=InnoDB AUTO_INCREMENT=4 DEFAULT CHARSET=latin1;
/*!40101 SET character_set_client = @saved_cs_client */;

--
-- Dumping data for table `Stamps`
--

LOCK TABLES `Stamps` WRITE;
/*!40000 ALTER TABLE `Stamps` DISABLE KEYS */;
INSERT INTO `Stamps` VALUES (1,'CLIENT_NAME','sign1.png',' ',1,1,NULL,'2019-08-05 19:29:44','2019-08-05 19:29:44',NULL,1,1,1,0),(2,'CLIENT_NAME','download.png',' ',1,1,NULL,'2019-08-05 19:31:06','2019-08-05 19:31:06',NULL,1,1,1,0),(3,'CLIENT_NAME','IMG_0070.jpg',' ',1,1,NULL,'2019-08-06 16:16:14','2019-08-06 16:16:14',NULL,1,1,1,0);
/*!40000 ALTER TABLE `Stamps` ENABLE KEYS */;
UNLOCK TABLES;

--
-- Table structure for table `StandardComments`
--

DROP TABLE IF EXISTS `StandardComments`;
/*!40101 SET @saved_cs_client     = @@character_set_client */;
/*!40101 SET character_set_client = utf8 */;
CREATE TABLE `StandardComments` (
  `id` int(10) unsigned NOT NULL AUTO_INCREMENT,
  `reviewType_LIID` int(10) unsigned DEFAULT NULL,
  `category_LIID` int(10) unsigned DEFAULT NULL,
  `subcategory_LIID` int(10) unsigned DEFAULT NULL,
  `group_LIID` int(10) unsigned DEFAULT NULL,
  `source_LIID` int(10) unsigned DEFAULT NULL,
  `purpose_id` int(10) unsigned NOT NULL,
  `vendor_id` varchar(50) DEFAULT NULL,
  `content` text NOT NULL,
  `codeSection` varchar(40) DEFAULT NULL,
  `isChecklist` tinyint(1) NOT NULL DEFAULT '0',
  `checklistName` varchar(100) DEFAULT NULL,
  `isActive` tinyint(1) NOT NULL DEFAULT '1',
  `createdAt` datetime NOT NULL DEFAULT CURRENT_TIMESTAMP,
  `updatedAt` datetime NOT NULL DEFAULT CURRENT_TIMESTAMP,
  `deletedAt` datetime DEFAULT NULL,
  PRIMARY KEY (`id`),
  UNIQUE KEY `vendor_id_UNIQUE` (`vendor_id`),
  KEY `fk_reviewType_LIID_idx` (`reviewType_LIID`),
  KEY `fk_category_LIID_idx` (`category_LIID`),
  KEY `isActive_idx` (`isActive`),
  KEY `isChecklist_idx` (`isChecklist`),
  KEY `fk_subcategory_LIID_idx` (`subcategory_LIID`),
  KEY `fk_group_LIID_idx` (`group_LIID`),
  KEY `fk_source_LIID_idx` (`source_LIID`),
  KEY `deletedAt_idx` (`deletedAt`),
  KEY `checklistName_idx` (`checklistName`),
  KEY `fk_purpose_id_idx` (`purpose_id`),
  FULLTEXT KEY `content_idx` (`content`),
  CONSTRAINT `StandardComments_StandardComments_ibfk_purpose_id_foreign_idx` FOREIGN KEY (`purpose_id`) REFERENCES `Purposes` (`id`),
  CONSTRAINT `StandardComments_category_LIID_foreign_idx` FOREIGN KEY (`category_LIID`) REFERENCES `ListItems` (`id`),
  CONSTRAINT `StandardComments_reviewType_LIID_foreign_idx` FOREIGN KEY (`reviewType_LIID`) REFERENCES `ListItems` (`id`),
  CONSTRAINT `standardcomments_ibfk_1` FOREIGN KEY (`reviewType_LIID`) REFERENCES `ListItems` (`id`),
  CONSTRAINT `standardcomments_ibfk_2` FOREIGN KEY (`category_LIID`) REFERENCES `ListItems` (`id`),
  CONSTRAINT `standardcomments_ibfk_3` FOREIGN KEY (`subcategory_LIID`) REFERENCES `ListItems` (`id`),
  CONSTRAINT `standardcomments_ibfk_4` FOREIGN KEY (`group_LIID`) REFERENCES `ListItems` (`id`),
  CONSTRAINT `standardcomments_ibfk_5` FOREIGN KEY (`source_LIID`) REFERENCES `ListItems` (`id`)
) ENGINE=InnoDB DEFAULT CHARSET=latin1;
/*!40101 SET character_set_client = @saved_cs_client */;

--
-- Dumping data for table `StandardComments`
--

LOCK TABLES `StandardComments` WRITE;
/*!40000 ALTER TABLE `StandardComments` DISABLE KEYS */;
/*!40000 ALTER TABLE `StandardComments` ENABLE KEYS */;
UNLOCK TABLES;

--
-- Table structure for table `Templates`
--

DROP TABLE IF EXISTS `Templates`;
/*!40101 SET @saved_cs_client     = @@character_set_client */;
/*!40101 SET character_set_client = utf8 */;
CREATE TABLE `Templates` (
  `id` int(10) unsigned NOT NULL AUTO_INCREMENT,
  `type` enum('email','report') NOT NULL,
  `purpose_id` int(10) unsigned DEFAULT NULL,
  `reportType_LIID` int(10) unsigned DEFAULT NULL,
  `key` varchar(100) NOT NULL,
  `label` varchar(100) NOT NULL,
  `subject` text NOT NULL,
  `content` text NOT NULL,
  `variables` text NOT NULL,
  `vendor_id` varchar(50) DEFAULT NULL,
  `createdAt` datetime NOT NULL DEFAULT CURRENT_TIMESTAMP,
  `updatedAt` datetime NOT NULL DEFAULT CURRENT_TIMESTAMP,
  `deletedAt` datetime DEFAULT NULL,
  PRIMARY KEY (`id`),
  UNIQUE KEY `key` (`key`),
  UNIQUE KEY `key_UNIQUE` (`key`),
  UNIQUE KEY `vendor_id` (`vendor_id`),
  UNIQUE KEY `vendor_id_UNIQUE` (`vendor_id`),
  KEY `fk_reportType_LIID_idx` (`reportType_LIID`),
  KEY `idx-deletedAt` (`deletedAt`),
  KEY `fk_purpose_id_idx` (`purpose_id`),
  CONSTRAINT `templates_ibfk_1` FOREIGN KEY (`purpose_id`) REFERENCES `Purposes` (`id`),
  CONSTRAINT `templates_ibfk_2` FOREIGN KEY (`reportType_LIID`) REFERENCES `ListItems` (`id`) ON DELETE SET NULL
) ENGINE=InnoDB AUTO_INCREMENT=12 DEFAULT CHARSET=latin1;
/*!40101 SET character_set_client = @saved_cs_client */;

--
-- Dumping data for table `Templates`
--

LOCK TABLES `Templates` WRITE;
/*!40000 ALTER TABLE `Templates` DISABLE KEYS */;
INSERT INTO `Templates` VALUES (1,'email',NULL,NULL,'NewUserRequest','New User Request','eplansoft REVIEW - {{clientAgency}} - New User Request for {{userEmail}}','<h2>New User Request</h2><p>{{link}}<br></p><table><tbody><tr><th style=\"width: 100px;text-align: left;\">First Name:</th><td>{{userFirstName}}</td></tr><tr><th style=\"width: 100px;text-align: left;\">Last Name:</th><td>{{userLastName}}</td></tr><tr><th style=\"width: 100px;text-align: left;\">Email:</th><td>{{userEmail}}</td></tr></tbody></table><p>{{newUserRequestAt}}<br/></p>','[{\"name\":\"clientAgency\",\"model\":\"Setting\",\"target\":\"value\",\"query\":{\"key\":\"clientAgency\"},\"sampleValue\":\"Eplansoft, Inc.\",\"category\":\"client\"},{\"name\":\"userFirstName\",\"model\":\"Person\",\"target\":\"firstName\",\"key\":\"user_id\",\"sampleValue\":\"Jane\",\"category\":\"user\"},{\"name\":\"userLastName\",\"model\":\"Person\",\"target\":\"lastName\",\"key\":\"user_id\",\"sampleValue\":\"Doe\",\"category\":\"user\"},{\"name\":\"userEmail\",\"model\":\"Person\",\"target\":\"email\",\"key\":\"user_id\",\"sampleValue\":\"jane.doe@email.com\",\"category\":\"user\"},{\"name\":\"newUserRequestAt\",\"model\":\"Person\",\"target\":\"createdAt\",\"format\":\"date\",\"key\":\"user_id\",\"sampleValue\":\"2017-01-01 18:10:41\",\"category\":\"user\"}]',NULL,'2019-07-26 21:28:37','2019-07-26 21:28:37',NULL),(2,'email',NULL,NULL,'Contributor_Notifications_Comment_Update','Comment Flag Updated','eplansoft REVIEW - {{clientAgency}} - Comment Flag Updated','<h2>Comment Flag Updated</h2><p>A comment flag updated.</p>','[{\"name\":\"clientAgency\",\"model\":\"Setting\",\"target\":\"value\",\"query\":{\"key\":\"clientAgency\"},\"sampleValue\":\"Eplansoft, Inc.\",\"category\":\"client\"}]',NULL,'2019-07-26 21:28:37','2019-07-26 21:28:37',NULL),(3,'email',NULL,NULL,'UserPasswordReset','User Password Reset','eplansoft REVIEW - {{clientAgency}} - User Password Reset for {{userEmail}}','<p>A password reset request has been received for your account.&nbsp;<br></p><p>Use the link below to reset your password.&nbsp;<br></p>','[{\"name\":\"clientAgency\",\"model\":\"Setting\",\"target\":\"value\",\"query\":{\"key\":\"clientAgency\"},\"sampleValue\":\"Eplansoft, Inc.\",\"category\":\"client\"},{\"name\":\"userEmail\",\"model\":\"Person\",\"target\":\"email\",\"key\":\"user_id\",\"sampleValue\":\"jane.doe@email.com\",\"category\":\"user\"}]',NULL,'2019-07-26 21:28:37','2019-07-26 21:28:37',NULL),(4,'email',NULL,NULL,'New_Assignment_For_Named_User','New Assignment for Named User','eplansoft REVIEW - {{clientAgency}} - New Assignment','<h2>You have a new assignment</h2><p></p><table><tbody><tr><td>Project Number</td><td>{{projectNumber}}</td></tr><tr><td>Project Name</td><td>{{projectName}}</td></tr><tr><td>Document</td><td>{{documentName}}</td></tr><tr><td>Group</td><td>{{assignmentGroup}}</td></tr><tr><td>Due Date</td><td>{{assignmentDueDate}}</td></tr><tr><td>Link</td><td>{{assignmentLink}}</td></tr></tbody></table>','[{\"name\":\"clientAgency\",\"model\":\"Setting\",\"target\":\"value\",\"query\":{\"key\":\"clientAgency\"},\"sampleValue\":\"My Local Inc.\",\"category\":\"client\"},{\"name\":\"projectNumber\",\"target\":\"projectNumber\",\"model\":\"Project\",\"key\":\"project_id\",\"sampleValue\":\"New Parking Structure\",\"category\":\"project\"},{\"name\":\"projectName\",\"target\":\"name\",\"model\":\"Project\",\"key\":\"project_id\",\"sampleValue\":\"PS-new-build\",\"category\":\"project\"},{\"name\":\"documentName\",\"model\":\"DocumentVersion\",\"target\":\"filename\",\"key\":\"documentVersion_id\",\"sampleValue\":\"20150408A-M.pdf\",\"category\":\"documentVersion\"},{\"name\":\"assignmentGroup\",\"model\":\"DocumentAssignment\",\"target\":\"group.label\",\"key\":\"documentAssignment_id\",\"sampleValue\":\"Fire Group\",\"include\":[{\"model\":\"ListItem\",\"as\":\"group\"}],\"category\":\"assignment\"},{\"name\":\"assignmentDueDate\",\"model\":\"DocumentAssignment\",\"target\":\"dateDue\",\"format\":\"date\",\"key\":\"documentAssignment_id\",\"sampleValue\":\"2017-12-31 00:10:41\",\"category\":\"assignment\"},{\"name\":\"assignmentLink\",\"model\":\"DocumentAssignment\",\"target\":\"link\",\"format\":\"link\",\"key\":\"documentAssignment_id\",\"sampleValue\":\"https://portal-url.com/#!/review/assignment/99\",\"category\":\"assignment\"}]',NULL,'2019-07-26 21:28:37','2019-07-26 21:28:37',NULL),(5,'email',NULL,NULL,'Deliverable_Email','Project Deliverable Email','eplansoft REVIEW - {{clientAgency}} - Deliverable for Project: {{projectNumber}}','<h2>A new deliverable package is available.<br/></h2><p></p><table><tbody><tr><td>Project Number</td><td>{{projectNumber}}</td></tr><tr><td>Project Name</td><td>{{projectName}}</td></tr><tr><td>Created By</td><td>{{myName}} ({{myEmail}})<br/></td></tr><tr><td>Link</td><td>{{deliverableLink}}</td></tr></tbody></table>','[{\"name\":\"clientAgency\",\"model\":\"Setting\",\"target\":\"value\",\"query\":{\"key\":\"clientAgency\"},\"sampleValue\":\"My Local Inc.\",\"category\":\"client\"},{\"name\":\"myName\",\"model\":\"Person\",\"target\":\"fullName\",\"key\":\"currentUser_id\",\"sampleValue\":\"John Doe\",\"category\":\"currentUser\"},{\"name\":\"myEmail\",\"model\":\"Person\",\"target\":\"email\",\"key\":\"currentUser_id\",\"sampleValue\":\"john.doe@email.com\",\"category\":\"currentUser\"},{\"name\":\"projectNumber\",\"target\":\"projectNumber\",\"model\":\"Project\",\"key\":\"project_id\",\"sampleValue\":\"New Parking Structure\",\"category\":\"project\"},{\"name\":\"projectName\",\"target\":\"name\",\"model\":\"Project\",\"key\":\"project_id\",\"sampleValue\":\"PS-new-build\",\"category\":\"project\"},{\"name\":\"deliverableLink\",\"model\":\"Deliverable\",\"target\":\"link\",\"format\":\"link\",\"key\":\"deliverable_id\",\"sampleValue\":\"https://portal-url.com/files/deliverables/download/10/^%$#@EFGDS$^%RYETSDFGHSFDGDFS\",\"category\":\"deliverable\"}]',NULL,'2019-07-26 21:28:37','2019-07-26 21:28:37',NULL),(6,'email',NULL,NULL,'Notifications','Notifications','eplansoft REVIEW - {{clientAgency}} - Notifications','<p>There are {{count}} notifications for {{portalName}} ({{link}}) below.</p>','[{\"name\":\"link\",\"model\":\"Setting\",\"target\":\"value\",\"query\":{\"key\":\"licenseDomain\"},\"sampleValue\":\"PORTAL.eplansoftreview.com\",\"category\":\"LINK\"},{\"name\":\"portalName\",\"model\":\"Setting\",\"target\":\"value\",\"query\":{\"key\":\"portalName\"},\"sampleValue\":\"CLIENT_PORTAL_NAME\",\"category\":\"CLIENT\"},{\"name\":\"clientAgency\",\"model\":\"Setting\",\"target\":\"value\",\"query\":{\"key\":\"clientAgency\"},\"sampleValue\":\"CLIENT_NAME\",\"category\":\"CLIENT\"}]',NULL,'2019-07-26 21:28:37','2019-07-26 21:28:37',NULL),(7,'email',NULL,NULL,'SystemNotifications_EventTypes_General_Error','System Notifications Error','eplansoft REVIEW - {{clientAgency}} - A System Error Has Occurred','<h2>System Error</h2><p>{{portalName}} {{link}}<br></p><p>Error Description:</p>','[{\"name\":\"clientAgency\",\"model\":\"Setting\",\"target\":\"value\",\"query\":{\"key\":\"clientAgency\"},\"sampleValue\":\"My Local Inc.\",\"category\":\"client\"}]',NULL,'2019-07-26 21:28:37','2019-07-26 21:28:37',NULL),(8,'email',NULL,NULL,'SystemNotifications_EventTypes_General_ApplicationStart','System Notifications Application Start','eplansoft REVIEW - {{clientAgency}} - The Application Has Started','<p>The eplansoft REVIEW application for {{clientAgency}} has started.</p><p>{{link}}<br></p>','[{\"name\":\"clientAgency\",\"model\":\"Setting\",\"target\":\"value\",\"query\":{\"key\":\"clientAgency\"},\"sampleValue\":\"My Local Inc.\",\"category\":\"client\"}]',NULL,'2019-07-26 21:28:37','2019-07-26 21:28:37',NULL),(9,'email',NULL,NULL,'UserAccountActive','User Account Active','eplansoft REVIEW - {{clientAgency}} - User Account Active','<p>Your user account has been activated.<span></span><br/></p><p>If you have not already provided a password, use the \'Forget Password?\' link on our login page to update your password.<span></span></p><p></p><p>Login URL:<a href=\"{{link}}\" target=\"_blank\">{{link}}</a></p><p></p>','[{\"name\":\"link\",\"model\":\"Setting\",\"target\":\"value\",\"query\":{\"key\":\"licenseDomain\"},\"sampleValue\":\"localhost\",\"category\":\"link\"},{\"name\":\"clientAgency\",\"model\":\"Setting\",\"target\":\"value\",\"query\":{\"key\":\"clientAgency\"},\"sampleValue\":\"YOUR_NAME\",\"category\":\"client\"}]',NULL,'2019-07-26 21:28:37','2019-07-26 21:28:37',NULL),(10,'email',NULL,NULL,'CommentReponse','Comment Response','eplansoft REVIEW – {{projectNumber}} – Comment Response on {{commentNumber}}','<p>A user has responded to comment {{commentNumber}} on project {{projectNumber}}:</p>\n        <table><tbody>\n        <tr><th style=\"width: 100px;text-align: left;\">Number:</th><td>{{commentNumber}}</td>\n        </tr><tr><th style=\"width: 100px;text-align: left;\">Comment:</th><td>{{commentContent}}</td></tr><tr>\n        <th style=\"width: 100px;text-align: left;\">Group:</th><td>{{commentGroup}}</td></tr>\n        <tr><th style=\"width: 100px;text-align: left;\">Document:</th><td>{{documentName}}</td></tr>\n<tr><th style=\"width: 100px;text-align: left;\">Link:</th><td>{{link}}</td></tr>\n        </tbody></table>\n        ','[{\"name\":\"link\",\"model\":\"Setting\",\"target\":\"value\",\"query\":{\"key\":\"licenseDomain\"},\"sampleValue\":\"linh.eplansoftreview.com\",\"category\":\"LINK\"},{\"name\":\"projectNumber\",\"target\":\"projectNumber\",\"model\":\"Project\",\"key\":\"project_id\",\"sampleValue\":\"New Parking Structure\",\"category\":\"PROJECT\"},{\"name\":\"documentName\",\"model\":\"DocumentVersion\",\"target\":\"filename\",\"key\":\"documentVersion_id\",\"sampleValue\":\"20150408A-M.pdf\",\"category\":\"DOCUMENT VERSION\"},{\"name\":\"commentNumber\",\"model\":\"Comment\",\"target\":\"commentNumber\",\"sampleValue\":\"0001\",\"category\":\"COMMENT\"},{\"name\":\"commentContent\",\"model\":\"Comment\",\"target\":\"content\",\"sampleValue\":\"Sample comment detail.\",\"category\":\"COMMENT\"},{\"name\":\"commentGroup\",\"model\":\"Comment\",\"target\":\"group.label\",\"key\":\"group_LIID\",\"sampleValue\":\"Fire Group\",\"include\":[{\"model\":\"ListItem\",\"as\":\"group\"}],\"category\":\"COMMENT\"}]',NULL,'2019-08-12 21:52:06','2019-08-12 21:52:06',NULL),(11,'email',NULL,NULL,'CommentReponseEnabled','Comment - Response Enabled','eplansoft REVIEW – {{projectNumber}} – Response Enabled for Comment {{commentNumber}}','<p>The Comment Response thread has been enabled for comment {{commentNumber}} on project {{projectNumber}}. To view and provide a response, please use the following link:</p>\n      <table><tbody>  \n            <tr><th style=\"width: 100px;text-align: left;\">Link:</th><td>{{link}}</td></tr>    \n                             </tbody></table>\n        ','[     {         \"name\": \"link\",         \"model\": \"Setting\",         \"target\": \"value\",         \"query\": {             \"key\": \"licenseDomain\"         },         \"sampleValue\": \"linh.eplansoftreview.com\",         \"category\": \"LINK\"     },     {         \"name\": \"projectNumber\",         \"target\": \"projectNumber\",         \"model\": \"Project\",         \"key\": \"project_id\",         \"sampleValue\": \"New Parking Structure\",         \"category\": \"PROJECT\"     },     {         \"name\": \"commentNumber\",         \"key\": \"commentNumber\",         \"sampleValue\": \"0001\",         \"category\": \"COMMENT\"     } ]',NULL,'2019-09-17 18:12:53','2019-09-17 18:12:53',NULL);
/*!40000 ALTER TABLE `Templates` ENABLE KEYS */;
UNLOCK TABLES;

--
-- Table structure for table `Tokens`
--

DROP TABLE IF EXISTS `Tokens`;
/*!40101 SET @saved_cs_client     = @@character_set_client */;
/*!40101 SET character_set_client = utf8 */;
CREATE TABLE `Tokens` (
  `id` int(10) unsigned NOT NULL AUTO_INCREMENT,
  `user_id` int(10) unsigned DEFAULT NULL,
  `tokenType_LIID` int(10) unsigned NOT NULL,
  `token` varchar(255) NOT NULL,
  `createdAt` datetime NOT NULL DEFAULT CURRENT_TIMESTAMP,
  `updatedAt` datetime NOT NULL DEFAULT CURRENT_TIMESTAMP,
  `deletedAt` datetime DEFAULT NULL,
  `isLogin` tinyint(1) DEFAULT '1',
  PRIMARY KEY (`id`),
  UNIQUE KEY `token` (`token`),
  KEY `user_id` (`user_id`),
  KEY `tokenType_LIID` (`tokenType_LIID`),
  KEY `uidx-deletedAt` (`deletedAt`),
  CONSTRAINT `tokens_ibfk_1` FOREIGN KEY (`user_id`) REFERENCES `Persons` (`id`) ON DELETE SET NULL,
  CONSTRAINT `tokens_ibfk_2` FOREIGN KEY (`tokenType_LIID`) REFERENCES `ListItems` (`id`) ON DELETE CASCADE
) ENGINE=InnoDB AUTO_INCREMENT=78 DEFAULT CHARSET=latin1;
/*!40101 SET character_set_client = @saved_cs_client */;

--
-- Dumping data for table `Tokens`
--

LOCK TABLES `Tokens` WRITE;
/*!40000 ALTER TABLE `Tokens` DISABLE KEYS */;
INSERT INTO `Tokens` VALUES (77,3,123,'9f154456841f63dfa0240f268c51668462143e3b23a48242','2019-09-27 19:00:36','2019-09-27 19:00:36',NULL,1);
/*!40000 ALTER TABLE `Tokens` ENABLE KEYS */;
UNLOCK TABLES;

--
-- Table structure for table `UserGroups`
--

DROP TABLE IF EXISTS `UserGroups`;
/*!40101 SET @saved_cs_client     = @@character_set_client */;
/*!40101 SET character_set_client = utf8 */;
CREATE TABLE `UserGroups` (
  `id` int(10) unsigned NOT NULL AUTO_INCREMENT,
  `user_id` int(10) unsigned NOT NULL,
  `group_LIID` int(10) unsigned NOT NULL,
  `vendor_id` varchar(50) DEFAULT NULL,
  `createdAt` datetime NOT NULL DEFAULT CURRENT_TIMESTAMP,
  `updatedAt` datetime NOT NULL DEFAULT CURRENT_TIMESTAMP,
  `deletedAt` datetime DEFAULT NULL,
  PRIMARY KEY (`id`),
  UNIQUE KEY `user_groups_user_id_group__l_i_i_d` (`user_id`,`group_LIID`),
  UNIQUE KEY `vendor_id` (`vendor_id`),
  KEY `fk_group_LIID_idx` (`group_LIID`),
  KEY `fk_user_id_idx` (`user_id`),
  KEY `deletedAt_idx` (`deletedAt`),
  CONSTRAINT `usergroups_ibfk_1` FOREIGN KEY (`user_id`) REFERENCES `Persons` (`id`),
  CONSTRAINT `usergroups_ibfk_2` FOREIGN KEY (`group_LIID`) REFERENCES `ListItems` (`id`)
) ENGINE=InnoDB AUTO_INCREMENT=16 DEFAULT CHARSET=latin1;
/*!40101 SET character_set_client = @saved_cs_client */;

--
-- Dumping data for table `UserGroups`
--

LOCK TABLES `UserGroups` WRITE;
/*!40000 ALTER TABLE `UserGroups` DISABLE KEYS */;
INSERT INTO `UserGroups` VALUES (1,1,127,NULL,'2019-07-26 21:28:36','2019-07-26 21:28:36',NULL),(2,1,131,NULL,'2019-07-26 21:28:36','2019-07-26 21:28:36',NULL),(3,3,126,NULL,'2019-08-01 18:15:14','2019-08-01 18:15:14',NULL),(4,3,130,NULL,'2019-08-01 18:15:14','2019-08-01 18:15:14',NULL),(5,3,127,NULL,'2019-08-01 18:15:14','2019-08-01 18:15:14',NULL),(6,3,131,NULL,'2019-08-01 18:15:14','2019-08-01 18:15:14',NULL),(7,4,130,NULL,'2019-08-12 17:43:16','2019-08-12 17:43:16',NULL),(8,4,127,NULL,'2019-08-12 17:43:16','2019-08-12 17:43:16',NULL),(9,4,128,NULL,'2019-08-12 17:43:16','2019-08-12 17:43:16',NULL),(10,4,132,NULL,'2019-08-12 17:43:16','2019-08-12 17:43:16',NULL),(11,4,131,NULL,'2019-08-20 18:29:45','2019-08-20 18:29:45',NULL),(12,5,130,NULL,'2019-08-20 18:32:13','2019-08-20 18:32:13',NULL),(13,5,127,NULL,'2019-08-20 18:32:13','2019-08-20 18:32:13',NULL),(14,5,128,NULL,'2019-08-20 18:32:13','2019-08-20 18:32:13',NULL),(15,5,131,NULL,'2019-08-20 18:32:13','2019-08-20 18:32:13',NULL);
/*!40000 ALTER TABLE `UserGroups` ENABLE KEYS */;
UNLOCK TABLES;

--
-- Table structure for table `UserRoleFilters`
--

DROP TABLE IF EXISTS `UserRoleFilters`;
/*!40101 SET @saved_cs_client     = @@character_set_client */;
/*!40101 SET character_set_client = utf8 */;
CREATE TABLE `UserRoleFilters` (
  `id` int(10) unsigned NOT NULL AUTO_INCREMENT,
  `userRole_LIID` int(10) unsigned NOT NULL,
  `filter_LIID` int(10) unsigned NOT NULL,
  `permission_LIID` int(10) unsigned DEFAULT NULL,
  `vendor_id` varchar(50) DEFAULT NULL,
  `activity_id` int(10) unsigned NOT NULL,
  `createdAt` datetime NOT NULL DEFAULT CURRENT_TIMESTAMP,
  `updatedAt` datetime NOT NULL DEFAULT CURRENT_TIMESTAMP,
  `deletedAt` datetime DEFAULT NULL,
  PRIMARY KEY (`id`),
  UNIQUE KEY `vendor_id` (`vendor_id`),
  KEY `fk_filter_LIID_idx` (`filter_LIID`),
  KEY `fk_userRole_LIID_idx` (`userRole_LIID`),
  KEY `UserRoleFilters_UserRoleFilters_ibfk_activity_id_foreign_idx` (`activity_id`),
  KEY `deletedAt_idx` (`deletedAt`),
  KEY `fk_permission_LIID_idx` (`permission_LIID`),
  CONSTRAINT `UserRoleFilters_UserRoleFilters_ibfk_activity_id_foreign_idx` FOREIGN KEY (`activity_id`) REFERENCES `Activities` (`id`),
  CONSTRAINT `UserRoleFilters_permission_LIID_foreign_idx` FOREIGN KEY (`permission_LIID`) REFERENCES `ListItems` (`id`) ON DELETE SET NULL,
  CONSTRAINT `userrolefilters_ibfk_1` FOREIGN KEY (`userRole_LIID`) REFERENCES `ListItems` (`id`),
  CONSTRAINT `userrolefilters_ibfk_3` FOREIGN KEY (`filter_LIID`) REFERENCES `ListItems` (`id`)
) ENGINE=InnoDB AUTO_INCREMENT=152 DEFAULT CHARSET=latin1;
/*!40101 SET character_set_client = @saved_cs_client */;

--
-- Dumping data for table `UserRoleFilters`
--

LOCK TABLES `UserRoleFilters` WRITE;
/*!40000 ALTER TABLE `UserRoleFilters` DISABLE KEYS */;
INSERT INTO `UserRoleFilters` VALUES (1,116,142,136,NULL,1,'2019-07-26 21:28:36','2019-07-26 21:28:36',NULL),(2,116,145,137,NULL,1,'2019-07-26 21:28:36','2019-07-26 21:28:37',NULL),(3,116,142,138,NULL,1,'2019-07-26 21:28:36','2019-07-26 21:28:36',NULL),(4,116,142,139,NULL,1,'2019-07-26 21:28:36','2019-07-26 21:28:36',NULL),(5,117,142,136,NULL,1,'2019-07-26 21:28:36','2019-07-26 21:28:36',NULL),(6,117,145,137,NULL,1,'2019-07-26 21:28:36','2019-07-26 21:28:37',NULL),(7,117,142,138,NULL,1,'2019-07-26 21:28:36','2019-07-26 21:28:36',NULL),(8,117,142,139,NULL,1,'2019-07-26 21:28:36','2019-07-26 21:28:36',NULL),(9,118,143,136,NULL,1,'2019-07-26 21:28:36','2019-07-26 21:28:36',NULL),(10,118,145,137,NULL,1,'2019-07-26 21:28:36','2019-07-26 21:28:37',NULL),(11,119,143,136,NULL,1,'2019-07-26 21:28:36','2019-07-26 21:28:36',NULL),(12,120,143,136,NULL,1,'2019-07-26 21:28:36','2019-07-26 21:28:36',NULL),(13,121,143,136,NULL,1,'2019-07-26 21:28:36','2019-07-26 21:28:36',NULL),(14,116,142,136,NULL,2,'2019-07-26 21:28:36','2019-07-26 21:28:36',NULL),(15,116,145,137,NULL,2,'2019-07-26 21:28:36','2019-07-26 21:28:37',NULL),(16,116,142,138,NULL,2,'2019-07-26 21:28:36','2019-07-26 21:28:36',NULL),(17,116,142,139,NULL,2,'2019-07-26 21:28:36','2019-07-26 21:28:36',NULL),(18,117,142,136,NULL,2,'2019-07-26 21:28:36','2019-07-26 21:28:36',NULL),(19,117,145,137,NULL,2,'2019-07-26 21:28:36','2019-07-26 21:28:37',NULL),(20,117,142,138,NULL,2,'2019-07-26 21:28:36','2019-07-26 21:28:36',NULL),(21,117,142,139,NULL,2,'2019-07-26 21:28:36','2019-07-26 21:28:36',NULL),(22,118,143,136,NULL,2,'2019-07-26 21:28:36','2019-07-26 21:28:36',NULL),(23,119,143,136,NULL,2,'2019-07-26 21:28:36','2019-07-26 21:28:36',NULL),(24,120,143,136,NULL,2,'2019-07-26 21:28:36','2019-07-26 21:28:36',NULL),(25,121,143,136,NULL,2,'2019-07-26 21:28:36','2019-07-26 21:28:36',NULL),(26,116,142,136,NULL,3,'2019-07-26 21:28:36','2019-07-26 21:28:36',NULL),(27,116,145,137,NULL,3,'2019-07-26 21:28:36','2019-07-26 21:28:37',NULL),(28,116,142,138,NULL,3,'2019-07-26 21:28:36','2019-07-26 21:28:36',NULL),(29,116,142,139,NULL,3,'2019-07-26 21:28:36','2019-07-26 21:28:36',NULL),(30,117,142,136,NULL,3,'2019-07-26 21:28:36','2019-07-26 21:28:36',NULL),(31,117,145,137,NULL,3,'2019-07-26 21:28:36','2019-07-26 21:28:37',NULL),(32,117,142,138,NULL,3,'2019-07-26 21:28:36','2019-07-26 21:28:36',NULL),(33,117,142,139,NULL,3,'2019-07-26 21:28:36','2019-07-26 21:28:36',NULL),(34,118,143,136,NULL,3,'2019-07-26 21:28:36','2019-07-26 21:28:36',NULL),(35,118,145,137,NULL,3,'2019-07-26 21:28:36','2019-07-26 21:28:37',NULL),(36,118,143,138,NULL,3,'2019-07-26 21:28:36','2019-07-26 21:28:36',NULL),(37,119,143,136,NULL,3,'2019-07-26 21:28:36','2019-07-26 21:28:36',NULL),(38,119,145,137,NULL,3,'2019-07-26 21:28:36','2019-07-26 21:28:37',NULL),(39,119,144,138,NULL,3,'2019-07-26 21:28:36','2019-07-26 21:28:36',NULL),(40,120,143,136,NULL,3,'2019-07-26 21:28:36','2019-07-26 21:28:36',NULL),(41,120,144,138,NULL,3,'2019-07-26 21:28:36','2019-07-26 21:28:36',NULL),(42,116,142,136,NULL,4,'2019-07-26 21:28:36','2019-07-26 21:28:36',NULL),(43,116,145,137,NULL,4,'2019-07-26 21:28:36','2019-07-26 21:28:37',NULL),(44,116,142,138,NULL,4,'2019-07-26 21:28:36','2019-07-26 21:28:36',NULL),(45,116,142,139,NULL,4,'2019-07-26 21:28:36','2019-07-26 21:28:36',NULL),(46,117,142,136,NULL,4,'2019-07-26 21:28:36','2019-07-26 21:28:36',NULL),(47,117,145,137,NULL,4,'2019-07-26 21:28:36','2019-07-26 21:28:37',NULL),(48,117,142,138,NULL,4,'2019-07-26 21:28:36','2019-07-26 21:28:36',NULL),(49,117,145,139,NULL,4,'2019-07-26 21:28:36','2019-07-26 21:28:36',NULL),(50,118,143,136,NULL,4,'2019-07-26 21:28:36','2019-07-26 21:28:36',NULL),(51,118,145,137,NULL,4,'2019-07-26 21:28:36','2019-07-26 21:28:37',NULL),(52,118,143,138,NULL,4,'2019-07-26 21:28:36','2019-07-26 21:28:36',NULL),(53,118,143,139,NULL,4,'2019-07-26 21:28:36','2019-07-26 21:28:36',NULL),(54,119,143,136,NULL,4,'2019-07-26 21:28:36','2019-07-26 21:28:36',NULL),(55,119,145,137,NULL,4,'2019-07-26 21:28:36','2019-07-26 21:28:37',NULL),(56,119,144,138,NULL,4,'2019-07-26 21:28:36','2019-07-26 21:28:36',NULL),(57,119,144,139,NULL,4,'2019-07-26 21:28:36','2019-07-26 21:28:36',NULL),(58,120,143,136,NULL,4,'2019-07-26 21:28:36','2019-07-26 21:28:36',NULL),(59,120,145,137,NULL,4,'2019-07-26 21:28:36','2019-07-26 21:28:37',NULL),(60,120,145,138,NULL,4,'2019-07-26 21:28:36','2019-07-26 21:28:36',NULL),(61,120,145,139,NULL,4,'2019-07-26 21:28:36','2019-07-26 21:28:36',NULL),(62,116,142,136,NULL,5,'2019-07-26 21:28:36','2019-07-26 21:28:36',NULL),(63,116,145,137,NULL,5,'2019-07-26 21:28:36','2019-07-26 21:28:37',NULL),(64,116,142,138,NULL,5,'2019-07-26 21:28:36','2019-07-26 21:28:36',NULL),(65,116,142,139,NULL,5,'2019-07-26 21:28:36','2019-07-26 21:28:36',NULL),(66,117,142,136,NULL,5,'2019-07-26 21:28:36','2019-07-26 21:28:36',NULL),(67,117,145,137,NULL,5,'2019-07-26 21:28:36','2019-07-26 21:28:37',NULL),(68,117,142,138,NULL,5,'2019-07-26 21:28:36','2019-07-26 21:28:36',NULL),(69,117,145,139,NULL,5,'2019-07-26 21:28:36','2019-07-26 21:28:36',NULL),(70,118,143,136,NULL,5,'2019-07-26 21:28:36','2019-07-26 21:28:36',NULL),(71,118,145,137,NULL,5,'2019-07-26 21:28:36','2019-07-26 21:28:37',NULL),(72,118,143,138,NULL,5,'2019-07-26 21:28:36','2019-07-26 21:28:36',NULL),(73,118,143,139,NULL,5,'2019-07-26 21:28:36','2019-07-26 21:28:36',NULL),(74,119,143,136,NULL,5,'2019-07-26 21:28:36','2019-07-26 21:28:36',NULL),(75,119,145,137,NULL,5,'2019-07-26 21:28:36','2019-07-26 21:28:37',NULL),(76,119,144,138,NULL,5,'2019-07-26 21:28:36','2019-07-26 21:28:36',NULL),(77,119,144,139,NULL,5,'2019-07-26 21:28:36','2019-07-26 21:28:36',NULL),(78,120,143,136,NULL,5,'2019-07-26 21:28:36','2019-07-26 21:28:36',NULL),(79,120,145,137,NULL,5,'2019-07-26 21:28:36','2019-07-26 21:28:37',NULL),(80,120,145,138,NULL,5,'2019-07-26 21:28:36','2019-07-26 21:28:36',NULL),(81,120,145,139,NULL,5,'2019-07-26 21:28:36','2019-07-26 21:28:36',NULL),(82,121,143,136,NULL,5,'2019-07-26 21:28:36','2019-07-26 21:28:36',NULL),(83,116,142,136,NULL,6,'2019-07-26 21:28:36','2019-07-26 21:28:36',NULL),(84,116,145,137,NULL,6,'2019-07-26 21:28:36','2019-07-26 21:28:37',NULL),(85,116,142,138,NULL,6,'2019-07-26 21:28:36','2019-07-26 21:28:36',NULL),(86,116,142,139,NULL,6,'2019-07-26 21:28:36','2019-07-26 21:28:36',NULL),(87,117,142,136,NULL,6,'2019-07-26 21:28:36','2019-07-26 21:28:36',NULL),(88,117,145,137,NULL,6,'2019-07-26 21:28:36','2019-07-26 21:28:37',NULL),(89,117,142,138,NULL,6,'2019-07-26 21:28:36','2019-07-26 21:28:36',NULL),(90,117,145,139,NULL,6,'2019-07-26 21:28:36','2019-07-26 21:28:36',NULL),(91,118,143,136,NULL,6,'2019-07-26 21:28:36','2019-07-26 21:28:36',NULL),(92,118,145,137,NULL,6,'2019-07-26 21:28:36','2019-07-26 21:28:37',NULL),(93,118,143,138,NULL,6,'2019-07-26 21:28:36','2019-07-26 21:28:36',NULL),(94,118,143,139,NULL,6,'2019-07-26 21:28:36','2019-07-26 21:28:36',NULL),(95,119,143,136,NULL,6,'2019-07-26 21:28:36','2019-07-26 21:28:36',NULL),(96,119,145,137,NULL,6,'2019-07-26 21:28:36','2019-07-26 21:28:37',NULL),(97,119,144,138,NULL,6,'2019-07-26 21:28:36','2019-07-26 21:28:36',NULL),(98,119,144,139,NULL,6,'2019-07-26 21:28:36','2019-07-26 21:28:36',NULL),(99,120,143,136,NULL,6,'2019-07-26 21:28:36','2019-07-26 21:28:36',NULL),(100,120,145,137,NULL,6,'2019-07-26 21:28:36','2019-07-26 21:28:37',NULL),(101,120,145,138,NULL,6,'2019-07-26 21:28:36','2019-07-26 21:28:36',NULL),(102,120,145,139,NULL,6,'2019-07-26 21:28:36','2019-07-26 21:28:36',NULL),(103,121,143,136,NULL,6,'2019-07-26 21:28:36','2019-07-26 21:28:36',NULL),(104,121,145,137,NULL,6,'2019-07-26 21:28:36','2019-07-26 21:28:37',NULL),(105,121,145,138,NULL,6,'2019-07-26 21:28:36','2019-07-26 21:28:36',NULL),(106,121,145,139,NULL,6,'2019-07-26 21:28:36','2019-07-26 21:28:36',NULL),(107,116,142,136,NULL,7,'2019-07-26 21:28:36','2019-07-26 21:28:36',NULL),(108,116,145,137,NULL,7,'2019-07-26 21:28:36','2019-07-26 21:28:37',NULL),(109,116,142,138,NULL,7,'2019-07-26 21:28:36','2019-07-26 21:28:36',NULL),(110,116,142,139,NULL,7,'2019-07-26 21:28:36','2019-07-26 21:28:36',NULL),(111,117,142,136,NULL,7,'2019-07-26 21:28:36','2019-07-26 21:28:36',NULL),(112,117,145,137,NULL,7,'2019-07-26 21:28:36','2019-07-26 21:28:37',NULL),(113,117,142,138,NULL,7,'2019-07-26 21:28:36','2019-07-26 21:28:36',NULL),(114,117,142,139,NULL,7,'2019-07-26 21:28:36','2019-07-26 21:28:36',NULL),(115,118,143,136,NULL,7,'2019-07-26 21:28:36','2019-07-26 21:28:36',NULL),(116,118,145,137,NULL,7,'2019-07-26 21:28:36','2019-07-26 21:28:37',NULL),(117,118,143,138,NULL,7,'2019-07-26 21:28:36','2019-07-26 21:28:36',NULL),(118,119,144,136,NULL,7,'2019-07-26 21:28:36','2019-07-26 21:28:36',NULL),(119,119,145,138,NULL,7,'2019-07-26 21:28:36','2019-07-26 21:28:36',NULL),(120,120,145,136,NULL,7,'2019-07-26 21:28:36','2019-07-26 21:28:36',NULL),(121,120,145,138,NULL,7,'2019-07-26 21:28:36','2019-07-26 21:28:36',NULL),(122,121,145,136,NULL,7,'2019-07-26 21:28:36','2019-07-26 21:28:36',NULL),(123,121,145,138,NULL,7,'2019-07-26 21:28:36','2019-07-26 21:28:36',NULL),(124,116,142,136,NULL,14,'2019-07-26 21:28:36','2019-07-26 21:28:36',NULL),(125,116,145,137,NULL,14,'2019-07-26 21:28:36','2019-07-26 21:28:37',NULL),(126,116,142,138,NULL,14,'2019-07-26 21:28:36','2019-07-26 21:28:36',NULL),(127,116,142,139,NULL,14,'2019-07-26 21:28:36','2019-07-26 21:28:36',NULL),(128,117,142,136,NULL,14,'2019-07-26 21:28:36','2019-07-26 21:28:36',NULL),(129,117,145,137,NULL,14,'2019-07-26 21:28:36','2019-07-26 21:28:37',NULL),(130,117,142,138,NULL,14,'2019-07-26 21:28:36','2019-07-26 21:28:36',NULL),(131,117,142,139,NULL,14,'2019-07-26 21:28:36','2019-07-26 21:28:36',NULL),(132,118,143,136,NULL,14,'2019-07-26 21:28:36','2019-07-26 21:28:36',NULL),(133,118,145,137,NULL,14,'2019-07-26 21:28:36','2019-07-26 21:28:37',NULL),(134,118,143,138,NULL,14,'2019-07-26 21:28:36','2019-07-26 21:28:36',NULL),(135,119,144,136,NULL,14,'2019-07-26 21:28:36','2019-07-26 21:28:36',NULL),(136,120,145,136,NULL,14,'2019-07-26 21:28:36','2019-07-26 21:28:36',NULL),(137,121,145,136,NULL,14,'2019-07-26 21:28:36','2019-07-26 21:28:36',NULL),(138,116,142,136,NULL,8,'2019-07-26 21:28:37','2019-07-26 21:28:37',NULL),(139,116,145,137,NULL,8,'2019-07-26 21:28:37','2019-07-26 21:28:37',NULL),(140,116,142,138,NULL,8,'2019-07-26 21:28:37','2019-07-26 21:28:37',NULL),(141,116,142,139,NULL,8,'2019-07-26 21:28:37','2019-07-26 21:28:37',NULL),(142,117,142,136,NULL,8,'2019-07-26 21:28:37','2019-07-26 21:28:37',NULL),(143,117,145,137,NULL,8,'2019-07-26 21:28:37','2019-07-26 21:28:37',NULL),(144,117,142,138,NULL,8,'2019-07-26 21:28:37','2019-07-26 21:28:37',NULL),(145,117,142,139,NULL,8,'2019-07-26 21:28:37','2019-07-26 21:28:37',NULL),(146,118,143,136,NULL,8,'2019-07-26 21:28:37','2019-07-26 21:28:37',NULL),(147,118,145,137,NULL,8,'2019-07-26 21:28:37','2019-07-26 21:28:37',NULL),(148,118,143,138,NULL,8,'2019-07-26 21:28:37','2019-07-26 21:28:37',NULL),(149,118,143,139,NULL,8,'2019-07-26 21:28:37','2019-07-26 21:28:37',NULL),(150,119,143,136,NULL,8,'2019-07-26 21:28:37','2019-07-26 21:28:37',NULL),(151,120,143,136,NULL,8,'2019-07-26 21:28:37','2019-07-26 21:28:37',NULL);
/*!40000 ALTER TABLE `UserRoleFilters` ENABLE KEYS */;
UNLOCK TABLES;

--
-- Table structure for table `UserRolePermissions`
--

DROP TABLE IF EXISTS `UserRolePermissions`;
/*!40101 SET @saved_cs_client     = @@character_set_client */;
/*!40101 SET character_set_client = utf8 */;
CREATE TABLE `UserRolePermissions` (
  `id` int(10) unsigned NOT NULL AUTO_INCREMENT,
  `userRole_LIID` int(10) unsigned NOT NULL,
  `permission_LIID` int(10) unsigned NOT NULL,
  `vendor_id` varchar(50) DEFAULT NULL,
  `activity_id` int(10) unsigned NOT NULL,
  `createdAt` datetime NOT NULL DEFAULT CURRENT_TIMESTAMP,
  `updatedAt` datetime NOT NULL DEFAULT CURRENT_TIMESTAMP,
  `deletedAt` datetime DEFAULT NULL,
  PRIMARY KEY (`id`),
  UNIQUE KEY `userRole_LIID_activity_id_permission_LIID_UNIQUE` (`userRole_LIID`,`activity_id`,`permission_LIID`),
  UNIQUE KEY `vendor_id` (`vendor_id`),
  KEY `fk_permission_LIID_idx` (`permission_LIID`),
  KEY `fk_userRole_LIID_idx` (`userRole_LIID`),
  KEY `UserRolePermissions_URP_ibfk_activity_id_foreign_idx` (`activity_id`),
  KEY `deletedAt_idx` (`deletedAt`),
  CONSTRAINT `UserRolePermissions_URP_ibfk_activity_id_foreign_idx` FOREIGN KEY (`activity_id`) REFERENCES `Activities` (`id`),
  CONSTRAINT `userrolepermissions_ibfk_1` FOREIGN KEY (`userRole_LIID`) REFERENCES `ListItems` (`id`),
  CONSTRAINT `userrolepermissions_ibfk_3` FOREIGN KEY (`permission_LIID`) REFERENCES `ListItems` (`id`)
) ENGINE=InnoDB AUTO_INCREMENT=396 DEFAULT CHARSET=latin1;
/*!40101 SET character_set_client = @saved_cs_client */;

--
-- Dumping data for table `UserRolePermissions`
--

LOCK TABLES `UserRolePermissions` WRITE;
/*!40000 ALTER TABLE `UserRolePermissions` DISABLE KEYS */;
INSERT INTO `UserRolePermissions` VALUES (1,116,136,NULL,1,'2019-07-26 21:28:36','2019-07-26 21:28:36',NULL),(2,116,137,NULL,1,'2019-07-26 21:28:36','2019-07-26 21:28:36',NULL),(3,116,138,NULL,1,'2019-07-26 21:28:36','2019-07-26 21:28:36',NULL),(4,116,139,NULL,1,'2019-07-26 21:28:36','2019-07-26 21:28:36',NULL),(5,117,136,NULL,1,'2019-07-26 21:28:36','2019-07-26 21:28:36',NULL),(6,117,137,NULL,1,'2019-07-26 21:28:36','2019-07-26 21:28:36',NULL),(7,117,138,NULL,1,'2019-07-26 21:28:36','2019-07-26 21:28:36',NULL),(8,117,139,NULL,1,'2019-07-26 21:28:36','2019-07-26 21:28:36',NULL),(9,118,136,NULL,1,'2019-07-26 21:28:36','2019-07-26 21:28:36',NULL),(10,118,137,NULL,1,'2019-07-26 21:28:36','2019-07-26 21:28:36',NULL),(11,119,136,NULL,1,'2019-07-26 21:28:36','2019-07-26 21:28:36',NULL),(12,120,136,NULL,1,'2019-07-26 21:28:36','2019-07-26 21:28:36',NULL),(13,121,136,NULL,1,'2019-07-26 21:28:36','2019-07-26 21:28:36',NULL),(14,116,136,NULL,2,'2019-07-26 21:28:36','2019-07-26 21:28:36',NULL),(15,116,137,NULL,2,'2019-07-26 21:28:36','2019-07-26 21:28:36',NULL),(16,116,138,NULL,2,'2019-07-26 21:28:36','2019-07-26 21:28:36',NULL),(17,116,139,NULL,2,'2019-07-26 21:28:36','2019-07-26 21:28:36',NULL),(18,117,136,NULL,2,'2019-07-26 21:28:36','2019-07-26 21:28:36',NULL),(19,117,137,NULL,2,'2019-07-26 21:28:36','2019-07-26 21:28:36',NULL),(20,117,138,NULL,2,'2019-07-26 21:28:36','2019-07-26 21:28:36',NULL),(21,117,139,NULL,2,'2019-07-26 21:28:36','2019-07-26 21:28:36',NULL),(22,118,136,NULL,2,'2019-07-26 21:28:36','2019-07-26 21:28:36',NULL),(23,119,136,NULL,2,'2019-07-26 21:28:36','2019-07-26 21:28:36',NULL),(24,120,136,NULL,2,'2019-07-26 21:28:36','2019-07-26 21:28:36',NULL),(25,121,136,NULL,2,'2019-07-26 21:28:36','2019-07-26 21:28:36',NULL),(26,116,136,NULL,3,'2019-07-26 21:28:36','2019-07-26 21:28:36',NULL),(27,116,137,NULL,3,'2019-07-26 21:28:36','2019-07-26 21:28:36',NULL),(28,116,138,NULL,3,'2019-07-26 21:28:36','2019-07-26 21:28:36',NULL),(29,116,139,NULL,3,'2019-07-26 21:28:36','2019-07-26 21:28:36',NULL),(30,117,136,NULL,3,'2019-07-26 21:28:36','2019-07-26 21:28:36',NULL),(31,117,137,NULL,3,'2019-07-26 21:28:36','2019-07-26 21:28:36',NULL),(32,117,138,NULL,3,'2019-07-26 21:28:36','2019-07-26 21:28:36',NULL),(33,117,139,NULL,3,'2019-07-26 21:28:36','2019-07-26 21:28:36',NULL),(34,118,136,NULL,3,'2019-07-26 21:28:36','2019-07-26 21:28:36',NULL),(35,118,137,NULL,3,'2019-07-26 21:28:36','2019-07-26 21:28:36',NULL),(36,118,138,NULL,3,'2019-07-26 21:28:36','2019-07-26 21:28:36',NULL),(37,119,136,NULL,3,'2019-07-26 21:28:36','2019-07-26 21:28:36',NULL),(38,119,137,NULL,3,'2019-07-26 21:28:36','2019-07-26 21:28:36',NULL),(39,119,138,NULL,3,'2019-07-26 21:28:36','2019-07-26 21:28:36',NULL),(40,120,136,NULL,3,'2019-07-26 21:28:36','2019-07-26 21:28:36',NULL),(41,120,138,NULL,3,'2019-07-26 21:28:36','2019-07-26 21:28:36',NULL),(42,116,136,NULL,4,'2019-07-26 21:28:36','2019-07-26 21:28:36',NULL),(43,116,137,NULL,4,'2019-07-26 21:28:36','2019-07-26 21:28:36',NULL),(44,116,138,NULL,4,'2019-07-26 21:28:36','2019-07-26 21:28:36',NULL),(45,116,139,NULL,4,'2019-07-26 21:28:36','2019-07-26 21:28:36',NULL),(46,117,136,NULL,4,'2019-07-26 21:28:36','2019-07-26 21:28:36',NULL),(47,117,137,NULL,4,'2019-07-26 21:28:36','2019-07-26 21:28:36',NULL),(48,117,138,NULL,4,'2019-07-26 21:28:36','2019-07-26 21:28:36',NULL),(49,117,139,NULL,4,'2019-07-26 21:28:36','2019-07-26 21:28:36',NULL),(50,118,136,NULL,4,'2019-07-26 21:28:36','2019-07-26 21:28:36',NULL),(51,118,137,NULL,4,'2019-07-26 21:28:36','2019-07-26 21:28:36',NULL),(52,118,138,NULL,4,'2019-07-26 21:28:36','2019-07-26 21:28:36',NULL),(53,118,139,NULL,4,'2019-07-26 21:28:36','2019-07-26 21:28:36',NULL),(54,119,136,NULL,4,'2019-07-26 21:28:36','2019-07-26 21:28:36',NULL),(55,119,137,NULL,4,'2019-07-26 21:28:36','2019-07-26 21:28:36',NULL),(56,119,138,NULL,4,'2019-07-26 21:28:36','2019-07-26 21:28:36',NULL),(57,119,139,NULL,4,'2019-07-26 21:28:36','2019-07-26 21:28:36',NULL),(58,120,136,NULL,4,'2019-07-26 21:28:36','2019-07-26 21:28:36',NULL),(59,120,137,NULL,4,'2019-07-26 21:28:36','2019-07-26 21:28:36',NULL),(60,120,138,NULL,4,'2019-07-26 21:28:36','2019-07-26 21:28:36',NULL),(61,120,139,NULL,4,'2019-07-26 21:28:36','2019-07-26 21:28:36',NULL),(62,116,136,NULL,5,'2019-07-26 21:28:36','2019-07-26 21:28:36',NULL),(63,116,137,NULL,5,'2019-07-26 21:28:36','2019-07-26 21:28:36',NULL),(64,116,138,NULL,5,'2019-07-26 21:28:36','2019-07-26 21:28:36',NULL),(65,116,139,NULL,5,'2019-07-26 21:28:36','2019-07-26 21:28:36',NULL),(66,117,136,NULL,5,'2019-07-26 21:28:36','2019-07-26 21:28:36',NULL),(67,117,137,NULL,5,'2019-07-26 21:28:36','2019-07-26 21:28:36',NULL),(68,117,138,NULL,5,'2019-07-26 21:28:36','2019-07-26 21:28:36',NULL),(69,117,139,NULL,5,'2019-07-26 21:28:36','2019-07-26 21:28:36',NULL),(70,118,136,NULL,5,'2019-07-26 21:28:36','2019-07-26 21:28:36',NULL),(71,118,137,NULL,5,'2019-07-26 21:28:36','2019-07-26 21:28:36',NULL),(72,118,138,NULL,5,'2019-07-26 21:28:36','2019-07-26 21:28:36',NULL),(73,118,139,NULL,5,'2019-07-26 21:28:36','2019-07-26 21:28:36',NULL),(74,119,136,NULL,5,'2019-07-26 21:28:36','2019-07-26 21:28:36',NULL),(75,119,137,NULL,5,'2019-07-26 21:28:36','2019-07-26 21:28:36',NULL),(76,119,138,NULL,5,'2019-07-26 21:28:36','2019-07-26 21:28:36',NULL),(77,119,139,NULL,5,'2019-07-26 21:28:36','2019-07-26 21:28:36',NULL),(78,120,136,NULL,5,'2019-07-26 21:28:36','2019-07-26 21:28:36',NULL),(79,120,137,NULL,5,'2019-07-26 21:28:36','2019-07-26 21:28:36',NULL),(80,120,138,NULL,5,'2019-07-26 21:28:36','2019-07-26 21:28:36',NULL),(81,120,139,NULL,5,'2019-07-26 21:28:36','2019-07-26 21:28:36',NULL),(82,121,136,NULL,5,'2019-07-26 21:28:36','2019-07-26 21:28:36',NULL),(83,116,136,NULL,6,'2019-07-26 21:28:36','2019-07-26 21:28:36',NULL),(84,116,137,NULL,6,'2019-07-26 21:28:36','2019-07-26 21:28:36',NULL),(85,116,138,NULL,6,'2019-07-26 21:28:36','2019-07-26 21:28:36',NULL),(86,116,139,NULL,6,'2019-07-26 21:28:36','2019-07-26 21:28:36',NULL),(87,117,136,NULL,6,'2019-07-26 21:28:36','2019-07-26 21:28:36',NULL),(88,117,137,NULL,6,'2019-07-26 21:28:36','2019-07-26 21:28:36',NULL),(89,117,138,NULL,6,'2019-07-26 21:28:36','2019-07-26 21:28:36',NULL),(90,117,139,NULL,6,'2019-07-26 21:28:36','2019-07-26 21:28:36',NULL),(91,118,136,NULL,6,'2019-07-26 21:28:36','2019-07-26 21:28:36',NULL),(92,118,137,NULL,6,'2019-07-26 21:28:36','2019-07-26 21:28:36',NULL),(93,118,138,NULL,6,'2019-07-26 21:28:36','2019-07-26 21:28:36',NULL),(94,118,139,NULL,6,'2019-07-26 21:28:36','2019-07-26 21:28:36',NULL),(95,119,136,NULL,6,'2019-07-26 21:28:36','2019-07-26 21:28:36',NULL),(96,119,137,NULL,6,'2019-07-26 21:28:36','2019-07-26 21:28:36',NULL),(97,119,138,NULL,6,'2019-07-26 21:28:36','2019-07-26 21:28:36',NULL),(98,119,139,NULL,6,'2019-07-26 21:28:36','2019-07-26 21:28:36',NULL),(99,120,136,NULL,6,'2019-07-26 21:28:36','2019-07-26 21:28:36',NULL),(100,120,137,NULL,6,'2019-07-26 21:28:36','2019-07-26 21:28:36',NULL),(101,120,138,NULL,6,'2019-07-26 21:28:36','2019-07-26 21:28:36',NULL),(102,120,139,NULL,6,'2019-07-26 21:28:36','2019-07-26 21:28:36',NULL),(103,121,136,NULL,6,'2019-07-26 21:28:36','2019-07-26 21:28:36',NULL),(104,121,137,NULL,6,'2019-07-26 21:28:36','2019-07-26 21:28:36',NULL),(105,121,138,NULL,6,'2019-07-26 21:28:36','2019-07-26 21:28:36',NULL),(106,121,139,NULL,6,'2019-07-26 21:28:36','2019-07-26 21:28:36',NULL),(107,116,136,NULL,7,'2019-07-26 21:28:36','2019-07-26 21:28:36',NULL),(108,116,137,NULL,7,'2019-07-26 21:28:36','2019-07-26 21:28:36',NULL),(109,116,138,NULL,7,'2019-07-26 21:28:36','2019-07-26 21:28:36',NULL),(110,116,139,NULL,7,'2019-07-26 21:28:36','2019-07-26 21:28:36',NULL),(111,117,136,NULL,7,'2019-07-26 21:28:36','2019-07-26 21:28:36',NULL),(112,117,137,NULL,7,'2019-07-26 21:28:36','2019-07-26 21:28:36',NULL),(113,117,138,NULL,7,'2019-07-26 21:28:36','2019-07-26 21:28:36',NULL),(114,117,139,NULL,7,'2019-07-26 21:28:36','2019-07-26 21:28:36',NULL),(115,118,136,NULL,7,'2019-07-26 21:28:36','2019-07-26 21:28:36',NULL),(116,118,137,NULL,7,'2019-07-26 21:28:36','2019-07-26 21:28:36',NULL),(117,118,138,NULL,7,'2019-07-26 21:28:36','2019-07-26 21:28:36',NULL),(118,119,136,NULL,7,'2019-07-26 21:28:36','2019-07-26 21:28:36',NULL),(119,119,138,NULL,7,'2019-07-26 21:28:36','2019-07-26 21:28:36',NULL),(120,120,136,NULL,7,'2019-07-26 21:28:36','2019-07-26 21:28:36',NULL),(121,120,138,NULL,7,'2019-07-26 21:28:36','2019-07-26 21:28:36',NULL),(122,121,136,NULL,7,'2019-07-26 21:28:36','2019-07-26 21:28:36',NULL),(123,121,138,NULL,7,'2019-07-26 21:28:36','2019-07-26 21:28:36',NULL),(124,116,136,NULL,14,'2019-07-26 21:28:36','2019-07-26 21:28:36',NULL),(125,116,137,NULL,14,'2019-07-26 21:28:36','2019-07-26 21:28:36',NULL),(126,116,138,NULL,14,'2019-07-26 21:28:36','2019-07-26 21:28:36',NULL),(127,116,139,NULL,14,'2019-07-26 21:28:36','2019-07-26 21:28:36',NULL),(128,117,136,NULL,14,'2019-07-26 21:28:36','2019-07-26 21:28:36',NULL),(129,117,137,NULL,14,'2019-07-26 21:28:36','2019-07-26 21:28:36',NULL),(130,117,138,NULL,14,'2019-07-26 21:28:36','2019-07-26 21:28:36',NULL),(131,117,139,NULL,14,'2019-07-26 21:28:36','2019-07-26 21:28:36',NULL),(132,118,136,NULL,14,'2019-07-26 21:28:36','2019-07-26 21:28:36',NULL),(133,118,137,NULL,14,'2019-07-26 21:28:36','2019-07-26 21:28:36',NULL),(134,118,138,NULL,14,'2019-07-26 21:28:36','2019-07-26 21:28:36',NULL),(135,119,136,NULL,14,'2019-07-26 21:28:36','2019-07-26 21:28:36',NULL),(136,120,136,NULL,14,'2019-07-26 21:28:36','2019-07-26 21:28:36',NULL),(137,116,136,NULL,13,'2019-07-26 21:28:36','2019-07-26 21:28:36',NULL),(138,116,137,NULL,13,'2019-07-26 21:28:36','2019-07-26 21:28:36',NULL),(139,116,138,NULL,13,'2019-07-26 21:28:36','2019-07-26 21:28:36',NULL),(140,116,139,NULL,13,'2019-07-26 21:28:36','2019-07-26 21:28:36',NULL),(141,117,136,NULL,13,'2019-07-26 21:28:36','2019-07-26 21:28:36',NULL),(142,117,137,NULL,13,'2019-07-26 21:28:36','2019-07-26 21:28:36',NULL),(143,117,138,NULL,13,'2019-07-26 21:28:36','2019-07-26 21:28:36',NULL),(144,117,139,NULL,13,'2019-07-26 21:28:36','2019-07-26 21:28:36',NULL),(145,118,136,NULL,13,'2019-07-26 21:28:36','2019-07-26 21:28:36',NULL),(146,118,137,NULL,13,'2019-07-26 21:28:36','2019-07-26 21:28:36',NULL),(147,118,138,NULL,13,'2019-07-26 21:28:36','2019-07-26 21:28:36',NULL),(148,119,136,NULL,13,'2019-07-26 21:28:36','2019-07-26 21:28:36',NULL),(162,116,136,NULL,9,'2019-07-26 21:28:36','2019-07-26 21:28:36',NULL),(163,117,136,NULL,9,'2019-07-26 21:28:36','2019-07-26 21:28:36',NULL),(164,118,136,NULL,9,'2019-07-26 21:28:36','2019-07-26 21:28:36',NULL),(165,119,136,NULL,9,'2019-07-26 21:28:36','2019-07-26 21:28:36',NULL),(166,120,136,NULL,9,'2019-07-26 21:28:36','2019-07-26 21:28:36',NULL),(167,116,136,NULL,10,'2019-07-26 21:28:36','2019-07-26 21:28:36',NULL),(168,116,137,NULL,10,'2019-07-26 21:28:36','2019-07-26 21:28:36',NULL),(169,116,138,NULL,10,'2019-07-26 21:28:36','2019-07-26 21:28:36',NULL),(170,116,139,NULL,10,'2019-07-26 21:28:36','2019-07-26 21:28:36',NULL),(171,117,136,NULL,10,'2019-07-26 21:28:36','2019-07-26 21:28:36',NULL),(172,117,137,NULL,10,'2019-07-26 21:28:36','2019-07-26 21:28:36',NULL),(173,117,138,NULL,10,'2019-07-26 21:28:36','2019-07-26 21:28:36',NULL),(174,117,139,NULL,10,'2019-07-26 21:28:36','2019-07-26 21:28:36',NULL),(175,118,136,NULL,10,'2019-07-26 21:28:36','2019-07-26 21:28:36',NULL),(176,118,137,NULL,10,'2019-07-26 21:28:36','2019-07-26 21:28:36',NULL),(177,118,138,NULL,10,'2019-07-26 21:28:36','2019-07-26 21:28:36',NULL),(178,118,139,NULL,10,'2019-07-26 21:28:36','2019-07-26 21:28:36',NULL),(179,119,136,NULL,10,'2019-07-26 21:28:36','2019-07-26 21:28:36',NULL),(180,119,137,NULL,10,'2019-07-26 21:28:36','2019-07-26 21:28:36',NULL),(181,120,136,NULL,10,'2019-07-26 21:28:36','2019-07-26 21:28:36',NULL),(182,120,137,NULL,10,'2019-07-26 21:28:36','2019-07-26 21:28:36',NULL),(183,121,136,NULL,10,'2019-07-26 21:28:36','2019-07-26 21:28:36',NULL),(184,116,136,NULL,11,'2019-07-26 21:28:36','2019-07-26 21:28:36',NULL),(185,116,136,NULL,12,'2019-07-26 21:28:36','2019-07-26 21:28:36',NULL),(186,116,137,NULL,12,'2019-07-26 21:28:36','2019-07-26 21:28:36',NULL),(187,116,138,NULL,12,'2019-07-26 21:28:36','2019-07-26 21:28:36',NULL),(188,116,139,NULL,12,'2019-07-26 21:28:36','2019-07-26 21:28:36',NULL),(189,117,136,NULL,12,'2019-07-26 21:28:36','2019-07-26 21:28:36',NULL),(190,117,137,NULL,12,'2019-07-26 21:28:36','2019-07-26 21:28:36',NULL),(191,117,138,NULL,12,'2019-07-26 21:28:36','2019-07-26 21:28:36',NULL),(192,117,139,NULL,12,'2019-07-26 21:28:36','2019-07-26 21:28:36',NULL),(193,118,136,NULL,12,'2019-07-26 21:28:36','2019-07-26 21:28:36',NULL),(194,118,137,NULL,12,'2019-07-26 21:28:36','2019-07-26 21:28:36',NULL),(195,118,138,NULL,12,'2019-07-26 21:28:36','2019-07-26 21:28:36',NULL),(196,118,139,NULL,12,'2019-07-26 21:28:36','2019-07-26 21:28:36',NULL),(197,119,136,NULL,12,'2019-07-26 21:28:36','2019-07-26 21:28:36',NULL),(198,119,137,NULL,12,'2019-07-26 21:28:36','2019-07-26 21:28:36',NULL),(199,120,136,NULL,12,'2019-07-26 21:28:36','2019-07-26 21:28:36',NULL),(200,120,137,NULL,12,'2019-07-26 21:28:36','2019-07-26 21:28:36',NULL),(201,121,136,NULL,12,'2019-07-26 21:28:36','2019-07-26 21:28:36',NULL),(202,116,136,NULL,15,'2019-07-26 21:28:36','2019-07-26 21:28:36',NULL),(203,117,136,NULL,15,'2019-07-26 21:28:36','2019-07-26 21:28:36',NULL),(204,116,136,NULL,16,'2019-07-26 21:28:36','2019-07-26 21:28:36',NULL),(205,116,137,NULL,16,'2019-07-26 21:28:36','2019-07-26 21:28:36',NULL),(206,116,138,NULL,16,'2019-07-26 21:28:36','2019-07-26 21:28:36',NULL),(207,116,139,NULL,16,'2019-07-26 21:28:36','2019-07-26 21:28:36',NULL),(208,117,136,NULL,16,'2019-07-26 21:28:36','2019-07-26 21:28:36',NULL),(209,117,137,NULL,16,'2019-07-26 21:28:36','2019-07-26 21:28:36',NULL),(210,117,138,NULL,16,'2019-07-26 21:28:36','2019-07-26 21:28:36',NULL),(211,117,139,NULL,16,'2019-07-26 21:28:36','2019-07-26 21:28:36',NULL),(212,118,136,NULL,16,'2019-07-26 21:28:36','2019-07-26 21:28:36',NULL),(213,118,137,NULL,16,'2019-07-26 21:28:36','2019-07-26 21:28:36',NULL),(214,118,138,NULL,16,'2019-07-26 21:28:36','2019-07-26 21:28:36',NULL),(215,118,139,NULL,16,'2019-07-26 21:28:36','2019-07-26 21:28:36',NULL),(216,119,136,NULL,16,'2019-07-26 21:28:36','2019-07-26 21:28:36',NULL),(217,120,136,NULL,16,'2019-07-26 21:28:36','2019-07-26 21:28:36',NULL),(218,116,136,NULL,17,'2019-07-26 21:28:36','2019-07-26 21:28:36',NULL),(219,116,137,NULL,17,'2019-07-26 21:28:36','2019-07-26 21:28:36',NULL),(220,116,138,NULL,17,'2019-07-26 21:28:36','2019-07-26 21:28:36',NULL),(221,116,139,NULL,17,'2019-07-26 21:28:36','2019-07-26 21:28:36',NULL),(222,117,136,NULL,17,'2019-07-26 21:28:36','2019-07-26 21:28:36',NULL),(223,117,137,NULL,17,'2019-07-26 21:28:36','2019-07-26 21:28:36',NULL),(224,117,138,NULL,17,'2019-07-26 21:28:36','2019-07-26 21:28:36',NULL),(225,117,139,NULL,17,'2019-07-26 21:28:36','2019-07-26 21:28:36',NULL),(226,118,136,NULL,17,'2019-07-26 21:28:36','2019-07-26 21:28:36',NULL),(227,119,136,NULL,17,'2019-07-26 21:28:36','2019-07-26 21:28:36',NULL),(228,120,136,NULL,17,'2019-07-26 21:28:36','2019-07-26 21:28:36',NULL),(229,116,136,NULL,18,'2019-07-26 21:28:36','2019-07-26 21:28:36',NULL),(230,116,137,NULL,18,'2019-07-26 21:28:36','2019-07-26 21:28:36',NULL),(231,116,138,NULL,18,'2019-07-26 21:28:36','2019-07-26 21:28:36',NULL),(232,116,139,NULL,18,'2019-07-26 21:28:36','2019-07-26 21:28:36',NULL),(233,117,136,NULL,18,'2019-07-26 21:28:36','2019-07-26 21:28:36',NULL),(234,117,137,NULL,18,'2019-07-26 21:28:36','2019-07-26 21:28:36',NULL),(235,117,138,NULL,18,'2019-07-26 21:28:36','2019-07-26 21:28:36',NULL),(236,117,139,NULL,18,'2019-07-26 21:28:36','2019-07-26 21:28:36',NULL),(237,116,136,NULL,19,'2019-07-26 21:28:36','2019-07-26 21:28:36',NULL),(238,116,137,NULL,19,'2019-07-26 21:28:36','2019-07-26 21:28:36',NULL),(239,116,138,NULL,19,'2019-07-26 21:28:36','2019-07-26 21:28:36',NULL),(240,116,139,NULL,19,'2019-07-26 21:28:36','2019-07-26 21:28:36',NULL),(241,116,136,NULL,20,'2019-07-26 21:28:36','2019-07-26 21:28:36',NULL),(242,116,137,NULL,20,'2019-07-26 21:28:36','2019-07-26 21:28:36',NULL),(243,116,138,NULL,20,'2019-07-26 21:28:36','2019-07-26 21:28:36',NULL),(244,116,139,NULL,20,'2019-07-26 21:28:36','2019-07-26 21:28:36',NULL),(245,117,136,NULL,20,'2019-07-26 21:28:36','2019-07-26 21:28:36',NULL),(246,117,137,NULL,20,'2019-07-26 21:28:36','2019-07-26 21:28:36',NULL),(247,117,138,NULL,20,'2019-07-26 21:28:36','2019-07-26 21:28:36',NULL),(248,117,139,NULL,20,'2019-07-26 21:28:36','2019-07-26 21:28:36',NULL),(249,118,136,NULL,20,'2019-07-26 21:28:36','2019-07-26 21:28:36',NULL),(250,116,136,NULL,22,'2019-07-26 21:28:36','2019-07-26 21:28:36',NULL),(251,116,138,NULL,22,'2019-07-26 21:28:36','2019-07-26 21:28:36',NULL),(252,117,136,NULL,22,'2019-07-26 21:28:36','2019-07-26 21:28:36',NULL),(253,117,138,NULL,22,'2019-07-26 21:28:36','2019-07-26 21:28:36',NULL),(254,116,136,NULL,23,'2019-07-26 21:28:36','2019-07-26 21:28:36',NULL),(255,116,137,NULL,23,'2019-07-26 21:28:36','2019-07-26 21:28:36',NULL),(256,116,138,NULL,23,'2019-07-26 21:28:36','2019-07-26 21:28:36',NULL),(257,116,139,NULL,23,'2019-07-26 21:28:36','2019-07-26 21:28:36',NULL),(258,116,136,NULL,24,'2019-07-26 21:28:36','2019-07-26 21:28:36',NULL),(259,116,137,NULL,24,'2019-07-26 21:28:36','2019-07-26 21:28:36',NULL),(260,116,138,NULL,24,'2019-07-26 21:28:36','2019-07-26 21:28:36',NULL),(261,116,139,NULL,24,'2019-07-26 21:28:36','2019-07-26 21:28:36',NULL),(262,116,136,NULL,25,'2019-07-26 21:28:36','2019-07-26 21:28:36',NULL),(263,116,137,NULL,25,'2019-07-26 21:28:36','2019-07-26 21:28:36',NULL),(264,116,138,NULL,25,'2019-07-26 21:28:36','2019-07-26 21:28:36',NULL),(265,116,139,NULL,25,'2019-07-26 21:28:36','2019-07-26 21:28:36',NULL),(266,116,136,NULL,26,'2019-07-26 21:28:36','2019-07-26 21:28:36',NULL),(267,116,137,NULL,26,'2019-07-26 21:28:36','2019-07-26 21:28:36',NULL),(268,116,138,NULL,26,'2019-07-26 21:28:36','2019-07-26 21:28:36',NULL),(269,116,139,NULL,26,'2019-07-26 21:28:36','2019-07-26 21:28:36',NULL),(270,116,136,NULL,27,'2019-07-26 21:28:36','2019-07-26 21:28:36',NULL),(271,116,137,NULL,27,'2019-07-26 21:28:36','2019-07-26 21:28:36',NULL),(272,116,138,NULL,27,'2019-07-26 21:28:36','2019-07-26 21:28:36',NULL),(273,116,139,NULL,27,'2019-07-26 21:28:36','2019-07-26 21:28:36',NULL),(274,116,136,NULL,29,'2019-07-26 21:28:36','2019-07-26 21:28:36',NULL),(275,116,137,NULL,29,'2019-07-26 21:28:36','2019-07-26 21:28:36',NULL),(276,116,138,NULL,29,'2019-07-26 21:28:36','2019-07-26 21:28:36',NULL),(277,116,139,NULL,29,'2019-07-26 21:28:36','2019-07-26 21:28:36',NULL),(278,116,136,NULL,30,'2019-07-26 21:28:36','2019-07-26 21:28:36',NULL),(279,116,137,NULL,30,'2019-07-26 21:28:36','2019-07-26 21:28:36',NULL),(280,116,138,NULL,30,'2019-07-26 21:28:36','2019-07-26 21:28:36',NULL),(281,116,139,NULL,30,'2019-07-26 21:28:36','2019-07-26 21:28:36',NULL),(282,116,136,NULL,31,'2019-07-26 21:28:36','2019-07-26 21:28:36',NULL),(283,116,137,NULL,31,'2019-07-26 21:28:36','2019-07-26 21:28:36',NULL),(284,116,138,NULL,31,'2019-07-26 21:28:36','2019-07-26 21:28:36',NULL),(285,116,139,NULL,31,'2019-07-26 21:28:36','2019-07-26 21:28:36',NULL),(286,116,136,NULL,32,'2019-07-26 21:28:36','2019-07-26 21:28:36',NULL),(287,116,137,NULL,32,'2019-07-26 21:28:36','2019-07-26 21:28:36',NULL),(288,116,138,NULL,32,'2019-07-26 21:28:36','2019-07-26 21:28:36',NULL),(289,116,139,NULL,32,'2019-07-26 21:28:36','2019-07-26 21:28:36',NULL),(290,117,136,NULL,32,'2019-07-26 21:28:36','2019-07-26 21:28:36',NULL),(291,116,136,NULL,33,'2019-07-26 21:28:36','2019-07-26 21:28:36',NULL),(292,117,136,NULL,33,'2019-07-26 21:28:36','2019-07-26 21:28:36',NULL),(293,118,136,NULL,33,'2019-07-26 21:28:36','2019-07-26 21:28:36',NULL),(294,119,136,NULL,33,'2019-07-26 21:28:36','2019-07-26 21:28:36',NULL),(295,120,136,NULL,33,'2019-07-26 21:28:36','2019-07-26 21:28:36',NULL),(296,116,136,NULL,34,'2019-07-26 21:28:36','2019-07-26 21:28:36',NULL),(297,116,136,NULL,28,'2019-07-26 21:28:36','2019-07-26 21:28:36',NULL),(298,116,136,NULL,21,'2019-07-26 21:28:36','2019-07-26 21:28:36',NULL),(299,116,137,NULL,21,'2019-07-26 21:28:36','2019-07-26 21:28:36',NULL),(300,116,138,NULL,21,'2019-07-26 21:28:36','2019-07-26 21:28:36',NULL),(301,116,139,NULL,21,'2019-07-26 21:28:36','2019-07-26 21:28:36',NULL),(302,117,136,NULL,21,'2019-07-26 21:28:36','2019-07-26 21:28:36',NULL),(303,116,136,NULL,8,'2019-07-26 21:28:37','2019-07-26 21:28:37',NULL),(304,116,137,NULL,8,'2019-07-26 21:28:37','2019-07-26 21:28:37',NULL),(305,116,138,NULL,8,'2019-07-26 21:28:37','2019-07-26 21:28:37',NULL),(306,116,139,NULL,8,'2019-07-26 21:28:37','2019-07-26 21:28:37',NULL),(307,117,136,NULL,8,'2019-07-26 21:28:37','2019-07-26 21:28:37',NULL),(308,117,137,NULL,8,'2019-07-26 21:28:37','2019-07-26 21:28:37',NULL),(309,117,138,NULL,8,'2019-07-26 21:28:37','2019-07-26 21:28:37',NULL),(310,117,139,NULL,8,'2019-07-26 21:28:37','2019-07-26 21:28:37',NULL),(311,118,136,NULL,8,'2019-07-26 21:28:37','2019-07-26 21:28:37',NULL),(312,118,137,NULL,8,'2019-07-26 21:28:37','2019-07-26 21:28:37',NULL),(313,118,138,NULL,8,'2019-07-26 21:28:37','2019-07-26 21:28:37',NULL),(314,118,139,NULL,8,'2019-07-26 21:28:37','2019-07-26 21:28:37',NULL),(315,119,136,NULL,8,'2019-07-26 21:28:37','2019-07-26 21:28:37',NULL),(316,120,136,NULL,8,'2019-07-26 21:28:37','2019-07-26 21:28:37',NULL),(317,116,136,NULL,35,'2019-07-26 21:28:37','2019-07-26 21:28:37',NULL),(318,116,138,NULL,35,'2019-07-26 21:28:37','2019-07-26 21:28:37',NULL),(319,116,136,NULL,36,'2019-07-26 21:28:37','2019-07-26 21:28:37',NULL),(320,116,138,NULL,36,'2019-07-26 21:28:37','2019-07-26 21:28:37',NULL),(321,116,136,NULL,37,'2019-07-26 21:28:37','2019-07-26 21:28:37',NULL),(322,116,138,NULL,37,'2019-07-26 21:28:37','2019-07-26 21:28:37',NULL),(323,116,136,NULL,39,'2019-07-26 21:28:37','2019-07-26 21:28:37',NULL),(324,116,137,NULL,39,'2019-07-26 21:28:37','2019-07-26 21:28:37',NULL),(325,116,138,NULL,39,'2019-07-26 21:28:37','2019-07-26 21:28:37',NULL),(326,116,139,NULL,39,'2019-07-26 21:28:37','2019-07-26 21:28:37',NULL),(327,117,136,NULL,39,'2019-07-26 21:28:37','2019-07-26 21:28:37',NULL),(328,117,137,NULL,39,'2019-07-26 21:28:37','2019-07-26 21:28:37',NULL),(329,117,138,NULL,39,'2019-07-26 21:28:37','2019-07-26 21:28:37',NULL),(330,117,139,NULL,39,'2019-07-26 21:28:37','2019-07-26 21:28:37',NULL),(331,118,136,NULL,39,'2019-07-26 21:28:37','2019-07-26 21:28:37',NULL),(332,117,136,NULL,30,'2019-07-26 21:28:37','2019-07-26 21:28:37',NULL),(333,116,136,NULL,38,'2019-07-26 21:28:38','2019-07-26 21:28:38',NULL),(334,117,136,NULL,38,'2019-07-26 21:28:38','2019-07-26 21:28:38',NULL),(335,118,136,NULL,38,'2019-07-26 21:28:38','2019-07-26 21:28:38',NULL),(336,116,136,NULL,40,'2019-07-26 21:28:38','2019-07-26 21:28:38',NULL),(337,116,138,NULL,40,'2019-07-26 21:28:38','2019-07-26 21:28:38',NULL),(338,116,136,NULL,41,'2019-07-26 21:28:38','2019-07-26 21:28:38',NULL),(339,117,136,NULL,41,'2019-07-26 21:28:38','2019-07-26 21:28:38',NULL),(340,118,136,NULL,41,'2019-07-26 21:28:38','2019-07-26 21:28:38',NULL),(341,119,136,NULL,41,'2019-07-26 21:28:38','2019-07-26 21:28:38',NULL),(342,120,136,NULL,41,'2019-07-26 21:28:38','2019-07-26 21:28:38',NULL),(343,121,136,NULL,41,'2019-07-26 21:28:38','2019-07-26 21:28:38',NULL),(344,116,136,NULL,42,'2019-07-26 21:28:38','2019-07-26 21:28:38',NULL),(345,117,136,NULL,42,'2019-07-26 21:28:38','2019-07-26 21:28:38',NULL),(346,118,136,NULL,42,'2019-07-26 21:28:38','2019-07-26 21:28:38',NULL),(347,119,136,NULL,42,'2019-07-26 21:28:38','2019-07-26 21:28:38',NULL),(348,120,136,NULL,42,'2019-07-26 21:28:38','2019-07-26 21:28:38',NULL),(349,121,136,NULL,42,'2019-07-26 21:28:38','2019-07-26 21:28:38',NULL),(350,116,136,NULL,43,'2019-07-26 21:28:38','2019-07-26 21:28:38',NULL),(351,117,136,NULL,43,'2019-07-26 21:28:38','2019-07-26 21:28:38',NULL),(352,118,136,NULL,43,'2019-07-26 21:28:38','2019-07-26 21:28:38',NULL),(353,119,136,NULL,43,'2019-07-26 21:28:38','2019-07-26 21:28:38',NULL),(354,120,136,NULL,43,'2019-07-26 21:28:38','2019-07-26 21:28:38',NULL),(355,121,136,NULL,43,'2019-07-26 21:28:38','2019-07-26 21:28:38',NULL),(356,116,136,NULL,44,'2019-07-26 21:28:38','2019-07-26 21:28:38',NULL),(357,117,136,NULL,44,'2019-07-26 21:28:38','2019-07-26 21:28:38',NULL),(358,118,136,NULL,44,'2019-07-26 21:28:38','2019-07-26 21:28:38',NULL),(359,119,136,NULL,44,'2019-07-26 21:28:38','2019-07-26 21:28:38',NULL),(360,120,136,NULL,44,'2019-07-26 21:28:38','2019-07-26 21:28:38',NULL),(361,121,136,NULL,44,'2019-07-26 21:28:38','2019-07-26 21:28:38',NULL),(362,116,136,NULL,45,'2019-07-26 21:28:38','2019-07-26 21:28:38',NULL),(363,117,136,NULL,45,'2019-07-26 21:28:38','2019-07-26 21:28:38',NULL),(364,116,136,NULL,46,'2019-07-26 21:28:38','2019-07-26 21:28:38',NULL),(365,117,136,NULL,46,'2019-07-26 21:28:38','2019-07-26 21:28:38',NULL),(366,116,136,NULL,47,'2019-07-26 21:28:38','2019-07-26 21:28:38',NULL),(367,116,136,NULL,48,'2019-07-26 21:28:38','2019-07-26 21:28:38',NULL),(368,116,136,NULL,49,'2019-07-26 21:28:38','2019-07-26 21:28:38',NULL),(369,116,136,NULL,50,'2019-07-26 21:28:38','2019-07-26 21:28:38',NULL),(370,116,136,NULL,51,'2019-07-26 21:28:38','2019-07-26 21:28:38',NULL),(371,116,136,NULL,52,'2019-07-26 21:28:38','2019-07-26 21:28:38',NULL),(372,117,136,NULL,52,'2019-07-26 21:28:38','2019-07-26 21:28:38',NULL),(373,116,136,NULL,53,'2019-07-26 21:28:38','2019-07-26 21:28:38',NULL),(374,119,136,NULL,53,'2019-07-26 21:28:38','2019-07-26 21:28:38',NULL),(375,116,136,NULL,54,'2019-07-26 21:28:38','2019-07-26 21:28:38',NULL),(376,116,136,NULL,55,'2019-07-26 21:28:38','2019-07-26 21:28:38',NULL),(377,116,136,NULL,56,'2019-07-26 21:28:38','2019-07-26 21:28:38',NULL),(378,117,136,NULL,56,'2019-07-26 21:28:38','2019-07-26 21:28:38',NULL),(379,116,136,NULL,57,'2019-07-26 21:28:38','2019-07-26 21:28:38',NULL),(380,116,136,NULL,58,'2019-07-26 21:28:38','2019-07-26 21:28:38',NULL),(381,116,136,NULL,59,'2019-07-26 21:28:38','2019-07-26 21:28:38',NULL),(382,116,136,NULL,61,'2019-07-26 21:28:38','2019-07-26 21:28:38',NULL),(383,116,136,NULL,62,'2019-07-26 21:28:38','2019-07-26 21:28:38',NULL),(384,116,136,NULL,63,'2019-07-26 21:28:38','2019-07-26 21:28:38',NULL),(385,117,136,NULL,63,'2019-07-26 21:28:38','2019-07-26 21:28:38',NULL),(386,118,136,NULL,63,'2019-07-26 21:28:38','2019-07-26 21:28:38',NULL),(387,119,136,NULL,63,'2019-07-26 21:28:38','2019-07-26 21:28:38',NULL),(388,120,136,NULL,63,'2019-07-26 21:28:38','2019-07-26 21:28:38',NULL),(389,116,136,NULL,64,'2019-07-26 21:28:38','2019-07-26 21:28:38',NULL),(390,117,136,NULL,64,'2019-07-26 21:28:38','2019-07-26 21:28:38',NULL),(391,118,136,NULL,64,'2019-07-26 21:28:38','2019-07-26 21:28:38',NULL),(392,119,136,NULL,64,'2019-07-26 21:28:38','2019-07-26 21:28:38',NULL),(393,120,136,NULL,64,'2019-07-26 21:28:38','2019-07-26 21:28:38',NULL),(394,121,136,NULL,64,'2019-07-26 21:28:38','2019-07-26 21:28:38',NULL),(395,116,138,NULL,64,'2019-07-26 21:28:38','2019-07-26 21:28:38',NULL);
/*!40000 ALTER TABLE `UserRolePermissions` ENABLE KEYS */;
UNLOCK TABLES;

--
-- Table structure for table `UserStamps`
--

DROP TABLE IF EXISTS `UserStamps`;
/*!40101 SET @saved_cs_client     = @@character_set_client */;
/*!40101 SET character_set_client = utf8 */;
CREATE TABLE `UserStamps` (
  `id` int(10) unsigned NOT NULL AUTO_INCREMENT,
  `stamp_id` int(10) unsigned NOT NULL,
  `user_id` int(10) unsigned NOT NULL,
  `vendor_id` varchar(50) DEFAULT NULL,
  `createdAt` datetime NOT NULL DEFAULT CURRENT_TIMESTAMP,
  `updatedAt` datetime NOT NULL DEFAULT CURRENT_TIMESTAMP,
  `deletedAt` datetime DEFAULT NULL,
  PRIMARY KEY (`id`),
  UNIQUE KEY `user_stamp_UNIQUE` (`user_id`,`stamp_id`),
  UNIQUE KEY `vendor_id_UNIQUE` (`vendor_id`),
  KEY `fk_stamp_id_idx` (`stamp_id`),
  KEY `deletedAt_idx` (`deletedAt`),
  CONSTRAINT `userstamps_ibfk_1` FOREIGN KEY (`stamp_id`) REFERENCES `Stamps` (`id`),
  CONSTRAINT `userstamps_ibfk_2` FOREIGN KEY (`user_id`) REFERENCES `Persons` (`id`)
) ENGINE=InnoDB AUTO_INCREMENT=4 DEFAULT CHARSET=latin1;
/*!40101 SET character_set_client = @saved_cs_client */;

--
-- Dumping data for table `UserStamps`
--

LOCK TABLES `UserStamps` WRITE;
/*!40000 ALTER TABLE `UserStamps` DISABLE KEYS */;
INSERT INTO `UserStamps` VALUES (1,1,3,NULL,'2019-08-05 19:30:18','2019-08-05 19:30:18',NULL),(2,2,3,NULL,'2019-08-05 19:32:28','2019-08-05 19:32:28',NULL),(3,3,3,NULL,'2019-08-06 16:51:55','2019-08-06 16:51:55',NULL);
/*!40000 ALTER TABLE `UserStamps` ENABLE KEYS */;
UNLOCK TABLES;
/*!40103 SET TIME_ZONE=@OLD_TIME_ZONE */;

/*!40101 SET SQL_MODE=@OLD_SQL_MODE */;
/*!40014 SET FOREIGN_KEY_CHECKS=@OLD_FOREIGN_KEY_CHECKS */;
/*!40014 SET UNIQUE_CHECKS=@OLD_UNIQUE_CHECKS */;
/*!40101 SET CHARACTER_SET_CLIENT=@OLD_CHARACTER_SET_CLIENT */;
/*!40101 SET CHARACTER_SET_RESULTS=@OLD_CHARACTER_SET_RESULTS */;
/*!40101 SET COLLATION_CONNECTION=@OLD_COLLATION_CONNECTION */;
/*!40111 SET SQL_NOTES=@OLD_SQL_NOTES */;

-- Dump completed on 2019-09-28 17:45:23
